search_id,session_id,keyword,result_count,clicked_menu_id,timestamp
sch-00001,ses-20261008-0001,아메리카노,3,americano,2026-10-01T00:45:27Z
sch-00002,ses-20261008-0003,스무디,4,,2026-09-20T21:51:18Z
sch-00003,ses-20261008-0005,라떼,1,cafe_latte,2026-09-19T20:38:13Z
sch-00004,ses-20261008-0007,라떼,3,cafe_latte,2026-10-01T21:25:42Z
sch-00005,ses-20261008-0008,라떼,3,cafe_latte,2026-09-25T03:39:53Z
sch-00006,ses-20261008-0009,아이스티,4,peach_iced_tea,2026-09-20T17:10:45Z
sch-00007,ses-20261008-0015,밀크티,0,,2026-09-20T04:40:41Z
sch-00008,ses-20261008-0016,아메리카노,1,americano,2026-09-28T21:42:46Z
sch-00009,ses-20261008-0019,아아,2,,2026-10-06T21:05:08Z
sch-00010,ses-20261008-0020,라떼,4,,2026-09-17T17:09:30Z
sch-00011,ses-20261008-0023,망고,2,mango_smoothie,2026-10-07T20:18:46Z
sch-00012,ses-20261008-0024,바닐라라떼,2,vanilla_latte,2026-09-20T21:44:47Z
sch-00013,ses-20261008-0028,밀크티,0,,2026-09-15T17:21:18Z
sch-00014,ses-20261008-0029,밀크티,0,,2026-09-29T04:50:43Z
sch-00015,ses-20261008-0031,디카페인,2,decaf_americano,2026-10-07T21:46:47Z
sch-00016,ses-20261008-0034,디카페인,2,decaf_americano,2026-09-26T04:37:36Z
sch-00017,ses-20261008-0035,아이스티,4,peach_iced_tea,2026-09-28T16:27:56Z
sch-00018,ses-20261008-0037,디카페인,1,decaf_americano,2026-10-02T20:38:54Z
sch-00019,ses-20261008-0038,말차,3,matcha_latte,2026-09-21T17:00:07Z
sch-00020,ses-20261008-0039,스무디,3,strawberry_smoothie,2026-10-06T21:05:51Z
sch-00021,ses-20261008-0045,딸기,3,strawberry_smoothie,2026-09-29T17:53:39Z
sch-00022,ses-20261008-0047,에이드,2,lemon_ade,2026-09-23T17:21:13Z
sch-00023,ses-20261008-0052,스무디,4,strawberry_smoothie,2026-10-01T21:33:48Z
sch-00024,ses-20261008-0053,콜드브루,1,coldbrew,2026-10-07T20:58:15Z
sch-00025,ses-20261008-0055,스무디,4,strawberry_smoothie,2026-09-24T21:04:06Z
sch-00026,ses-20261008-0056,에이드,1,lemon_ade,2026-10-07T01:33:21Z
sch-00027,ses-20261008-0057,아이스티,3,peach_iced_tea,2026-09-24T21:19:37Z
sch-00028,ses-20261008-0058,콜드브루,4,coldbrew,2026-09-26T16:40:58Z
sch-00029,ses-20261008-0059,에이드,3,,2026-09-16T20:40:14Z
sch-00030,ses-20261008-0063,콜드브루,3,,2026-09-23T04:37:12Z
sch-00031,ses-20261008-0067,망고,2,mango_smoothie,2026-09-24T22:50:17Z
sch-00032,ses-20261008-0070,스무디,4,,2026-09-25T02:31:51Z
sch-00033,ses-20261008-0071,아메리카노,3,americano,2026-10-04T01:13:25Z
sch-00034,ses-20261008-0072,아아,2,americano,2026-09-24T17:42:33Z
sch-00035,ses-20261008-0073,바닐라라떼,3,vanilla_latte,2026-09-19T21:47:04Z
sch-00036,ses-20261008-0075,에이드,1,lemon_ade,2026-10-08T21:58:42Z
sch-00037,ses-20261008-0076,아이스티,1,,2026-10-07T23:58:31Z
sch-00038,ses-20261008-0077,에이드,2,lemon_ade,2026-09-29T21:54:12Z
sch-00039,ses-20261008-0078,아이스티,2,peach_iced_tea,2026-09-24T17:10:04Z
sch-00040,ses-20261008-0083,스무디,2,strawberry_smoothie,2026-09-22T20:14:01Z
sch-00041,ses-20261008-0084,바닐라라떼,1,,2026-09-23T16:33:50Z
sch-00042,ses-20261008-0085,딸기,1,,2026-10-08T01:33:20Z
sch-00043,ses-20261008-0086,라떼,2,cafe_latte,2026-09-22T21:46:29Z
sch-00044,ses-20261008-0087,아메리카노,3,americano,2026-09-28T21:48:09Z
sch-00045,ses-20261008-0088,샌드위치,0,,2026-09-30T16:45:30Z
sch-00046,ses-20261008-0089,밀크티,0,,2026-09-17T20:58:07Z
sch-00047,ses-20261008-0090,샌드위치,0,,2026-09-26T21:59:27Z
sch-00048,ses-20261008-0091,아메리카노,4,americano,2026-09-23T20:16:15Z
sch-00049,ses-20261008-0093,라떼,2,cafe_latte,2026-09-15T17:33:26Z
sch-00050,ses-20261008-0094,아메리카노,3,americano,2026-09-29T20:55:40Z
sch-00051,ses-20261008-0096,샌드위치,0,,2026-09-27T20:22:55Z
sch-00052,ses-20261008-0097,아이스티,1,,2026-09-22T21:32:26Z
sch-00053,ses-20261008-0100,에이드,4,lemon_ade,2026-09-30T17:55:14Z
sch-00054,ses-20261008-0102,디카페인,2,decaf_americano,2026-10-04T20:25:00Z
sch-00055,ses-20261008-0105,밀크티,0,,2026-10-08T04:54:35Z
sch-00056,ses-20261008-0107,딸기,3,strawberry_smoothie,2026-09-16T17:37:27Z
sch-00057,ses-20261008-0108,말차,4,matcha_latte,2026-09-26T16:05:07Z
sch-00058,ses-20261008-0109,샌드위치,0,,2026-09-17T23:25:52Z
sch-00059,ses-20261008-0111,망고,3,mango_smoothie,2026-09-27T02:27:42Z
sch-00060,ses-20261008-0112,디카페인,2,,2026-10-01T16:42:52Z
sch-00061,ses-20261008-0113,에이드,3,,2026-09-18T04:27:44Z
sch-00062,ses-20261008-0115,아이스티,3,peach_iced_tea,2026-09-28T02:11:33Z
sch-00063,ses-20261008-0116,말차,3,matcha_latte,2026-09-30T21:00:43Z
sch-00064,ses-20261008-0121,딸기,3,strawberry_smoothie,2026-10-01T22:59:29Z
sch-00065,ses-20261008-0122,딸기,1,strawberry_smoothie,2026-09-18T20:05:33Z
sch-00066,ses-20261008-0123,라떼,4,cafe_latte,2026-09-26T22:22:56Z
sch-00067,ses-20261008-0127,샌드위치,0,,2026-09-16T16:59:09Z
sch-00068,ses-20261008-0130,딸기,1,strawberry_smoothie,2026-09-18T02:40:47Z
sch-00069,ses-20261008-0135,말차,3,matcha_latte,2026-10-05T21:20:05Z
sch-00070,ses-20261008-0141,아이스티,3,peach_iced_tea,2026-10-02T17:09:00Z
sch-00071,ses-20261008-0147,아아,4,americano,2026-09-22T16:03:47Z
sch-00072,ses-20261008-0148,아이스티,4,,2026-09-20T01:47:08Z
sch-00073,ses-20261008-0149,라떼,3,,2026-09-28T21:35:45Z
sch-00074,ses-20261008-0151,디카페인,2,decaf_americano,2026-09-15T16:34:06Z
sch-00075,ses-20261008-0154,말차,1,,2026-10-05T01:02:57Z
sch-00076,ses-20261008-0155,아이스티,3,peach_iced_tea,2026-09-30T17:10:59Z
sch-00077,ses-20261008-0156,콜드브루,4,coldbrew,2026-09-27T20:28:23Z
sch-00078,ses-20261008-0157,라떼,4,,2026-09-16T23:44:52Z
sch-00079,ses-20261008-0158,아이스티,1,peach_iced_tea,2026-09-18T16:58:59Z
sch-00080,ses-20261008-0161,에이드,4,,2026-09-21T17:30:30Z
sch-00081,ses-20261008-0163,바닐라라떼,2,,2026-09-18T16:26:44Z
sch-00082,ses-20261008-0166,샌드위치,0,,2026-10-06T17:13:14Z
sch-00083,ses-20261008-0173,아이스티,3,peach_iced_tea,2026-09-20T16:57:11Z
sch-00084,ses-20261008-0174,바닐라라떼,1,vanilla_latte,2026-09-21T20:33:32Z
sch-00085,ses-20261008-0176,에이드,3,,2026-09-24T16:46:31Z
sch-00086,ses-20261008-0177,라떼,3,cafe_latte,2026-09-23T21:38:52Z
sch-00087,ses-20261008-0178,디카페인,1,decaf_americano,2026-09-22T21:18:38Z
sch-00088,ses-20261008-0179,콜드브루,1,,2026-09-18T16:38:20Z
sch-00089,ses-20261008-0181,아아,2,americano,2026-10-06T02:53:23Z
sch-00090,ses-20261008-0188,아아,3,americano,2026-09-30T20:43:03Z
sch-00091,ses-20261008-0190,디카페인,1,decaf_americano,2026-09-26T02:00:42Z
sch-00092,ses-20261008-0196,스무디,3,strawberry_smoothie,2026-09-15T20:18:52Z
sch-00093,ses-20261008-0198,바닐라라떼,3,vanilla_latte,2026-10-06T23:43:49Z
sch-00094,ses-20261008-0199,딸기,4,,2026-09-18T17:44:20Z
sch-00095,ses-20261008-0204,스무디,2,strawberry_smoothie,2026-10-03T21:25:24Z
sch-00096,ses-20261008-0206,아이스티,3,peach_iced_tea,2026-09-18T04:30:24Z
sch-00097,ses-20261008-0210,바닐라라떼,4,vanilla_latte,2026-09-26T22:21:11Z
sch-00098,ses-20261008-0211,샌드위치,0,,2026-09-20T00:06:07Z
sch-00099,ses-20261008-0220,샌드위치,0,,2026-09-15T20:17:17Z
sch-00100,ses-20261008-0222,에이드,3,lemon_ade,2026-09-17T01:46:59Z
sch-00101,ses-20261008-0225,에이드,2,lemon_ade,2026-09-16T16:11:43Z
sch-00102,ses-20261008-0226,아메리카노,2,americano,2026-10-02T23:22:06Z
sch-00103,ses-20261008-0227,라떼,1,cafe_latte,2026-10-05T21:39:01Z
sch-00104,ses-20261008-0230,아이스티,1,,2026-09-22T20:44:15Z
sch-00105,ses-20261008-0231,스무디,4,strawberry_smoothie,2026-10-06T20:38:16Z
sch-00106,ses-20261008-0234,딸기,2,strawberry_smoothie,2026-09-17T16:37:37Z
sch-00107,ses-20261008-0235,에이드,2,lemon_ade,2026-09-28T17:20:48Z
sch-00108,ses-20261008-0240,아메리카노,2,americano,2026-10-06T17:09:31Z
sch-00109,ses-20261008-0244,말차,2,matcha_latte,2026-10-01T00:40:52Z
sch-00110,ses-20261008-0246,스무디,4,strawberry_smoothie,2026-10-08T16:02:54Z
sch-00111,ses-20261008-0247,샌드위치,0,,2026-10-08T22:04:04Z
sch-00112,ses-20261008-0248,스무디,3,strawberry_smoothie,2026-09-29T17:41:36Z
sch-00113,ses-20261008-0250,샌드위치,0,,2026-09-18T20:55:31Z
sch-00114,ses-20261008-0252,밀크티,0,,2026-09-29T22:58:06Z
sch-00115,ses-20261008-0254,아이스티,2,peach_iced_tea,2026-09-24T20:51:39Z
sch-00116,ses-20261008-0256,라떼,1,cafe_latte,2026-09-28T21:23:39Z
sch-00117,ses-20261008-0257,밀크티,0,,2026-09-24T04:55:39Z
sch-00118,ses-20261008-0261,아이스티,2,peach_iced_tea,2026-10-02T23:24:23Z
sch-00119,ses-20261008-0265,말차,2,matcha_latte,2026-09-16T16:46:17Z
sch-00120,ses-20261008-0267,샌드위치,0,,2026-09-16T21:11:17Z
sch-00121,ses-20261008-0273,라떼,2,,2026-09-17T16:51:22Z
sch-00122,ses-20261008-0276,스무디,2,strawberry_smoothie,2026-10-05T17:12:02Z
sch-00123,ses-20261008-0279,망고,4,mango_smoothie,2026-09-27T22:09:00Z
sch-00124,ses-20261008-0283,딸기,2,,2026-09-29T02:36:16Z
sch-00125,ses-20261008-0284,아아,3,americano,2026-09-15T23:17:17Z
sch-00126,ses-20261008-0289,아아,2,americano,2026-09-29T20:24:37Z
sch-00127,ses-20261008-0293,바닐라라떼,4,vanilla_latte,2026-09-23T22:46:10Z
sch-00128,ses-20261008-0294,아이스티,3,peach_iced_tea,2026-10-03T16:48:08Z
sch-00129,ses-20261008-0296,아이스티,4,,2026-09-27T20:22:41Z
sch-00130,ses-20261008-0299,에이드,4,lemon_ade,2026-10-01T17:51:47Z
sch-00131,ses-20261008-0300,아메리카노,4,americano,2026-10-03T20:34:56Z
sch-00132,ses-20261008-0303,망고,3,mango_smoothie,2026-09-25T20:12:49Z
sch-00133,ses-20261008-0305,밀크티,0,,2026-09-27T22:48:25Z
sch-00134,ses-20261008-0306,바닐라라떼,2,vanilla_latte,2026-10-02T20:51:13Z
sch-00135,ses-20261008-0307,아이스티,4,,2026-09-30T17:03:06Z
sch-00136,ses-20261008-0309,스무디,4,strawberry_smoothie,2026-09-26T17:16:38Z
sch-00137,ses-20261008-0311,말차,3,matcha_latte,2026-10-06T21:29:28Z
sch-00138,ses-20261008-0314,밀크티,0,,2026-09-29T23:24:03Z
sch-00139,ses-20261008-0315,아메리카노,3,americano,2026-09-19T04:38:22Z
sch-00140,ses-20261008-0317,라떼,2,cafe_latte,2026-09-22T00:23:39Z
sch-00141,ses-20261008-0318,말차,2,matcha_latte,2026-09-25T17:02:47Z
sch-00142,ses-20261008-0319,망고,3,,2026-09-19T22:19:30Z
sch-00143,ses-20261008-0320,에이드,3,lemon_ade,2026-10-08T17:18:56Z
sch-00144,ses-20261008-0321,라떼,1,cafe_latte,2026-10-01T21:48:57Z
sch-00145,ses-20261008-0322,디카페인,3,decaf_americano,2026-09-27T20:29:39Z
sch-00146,ses-20261008-0323,밀크티,0,,2026-10-02T20:42:54Z
sch-00147,ses-20261008-0324,아메리카노,2,americano,2026-09-18T21:08:55Z
sch-00148,ses-20261008-0330,아메리카노,3,,2026-10-05T03:15:55Z
sch-00149,ses-20261008-0331,딸기,2,strawberry_smoothie,2026-10-01T17:22:05Z
sch-00150,ses-20261008-0332,샌드위치,0,,2026-10-05T01:38:33Z
sch-00151,ses-20261008-0334,밀크티,0,,2026-09-16T00:22:52Z
sch-00152,ses-20261008-0336,아메리카노,2,americano,2026-09-21T17:22:21Z
sch-00153,ses-20261008-0338,바닐라라떼,4,vanilla_latte,2026-09-22T21:01:31Z
sch-00154,ses-20261008-0346,밀크티,0,,2026-09-30T17:25:12Z
sch-00155,ses-20261008-0347,밀크티,0,,2026-09-26T16:33:00Z
sch-00156,ses-20261008-0348,망고,1,,2026-10-07T23:32:09Z
sch-00157,ses-20261008-0350,콜드브루,3,,2026-09-21T22:22:03Z
sch-00158,ses-20261008-0351,딸기,4,strawberry_smoothie,2026-09-28T21:05:31Z
sch-00159,ses-20261008-0352,아이스티,1,,2026-10-05T16:34:01Z
sch-00160,ses-20261008-0353,스무디,2,,2026-10-07T16:31:13Z
sch-00161,ses-20261008-0355,샌드위치,0,,2026-10-09T03:44:00Z
sch-00162,ses-20261008-0356,밀크티,0,,2026-10-07T21:08:42Z
sch-00163,ses-20261008-0359,디카페인,1,decaf_americano,2026-09-20T20:57:41Z
sch-00164,ses-20261008-0361,콜드브루,4,,2026-10-03T16:48:40Z
sch-00165,ses-20261008-0365,바닐라라떼,3,vanilla_latte,2026-09-27T16:34:41Z
sch-00166,ses-20261008-0367,샌드위치,0,,2026-10-01T22:43:06Z
sch-00167,ses-20261008-0368,라떼,2,cafe_latte,2026-09-29T20:18:19Z
sch-00168,ses-20261008-0371,밀크티,0,,2026-09-19T04:12:40Z
sch-00169,ses-20261008-0373,아아,3,americano,2026-09-15T22:19:24Z
sch-00170,ses-20261008-0375,밀크티,0,,2026-09-15T22:15:04Z
sch-00171,ses-20261008-0376,에이드,1,lemon_ade,2026-10-05T22:39:07Z
sch-00172,ses-20261008-0377,콜드브루,1,coldbrew,2026-09-21T20:45:31Z
sch-00173,ses-20261008-0378,샌드위치,0,,2026-09-20T21:38:26Z
sch-00174,ses-20261008-0380,밀크티,0,,2026-10-07T20:36:16Z
sch-00175,ses-20261008-0384,디카페인,2,decaf_americano,2026-09-30T20:15:33Z
sch-00176,ses-20261008-0387,바닐라라떼,3,vanilla_latte,2026-09-25T17:29:38Z
sch-00177,ses-20261008-0389,딸기,2,strawberry_smoothie,2026-09-24T16:18:01Z
sch-00178,ses-20261008-0390,아이스티,4,peach_iced_tea,2026-09-26T02:03:55Z
sch-00179,ses-20261008-0393,밀크티,0,,2026-10-05T20:03:41Z
sch-00180,ses-20261008-0397,아아,2,,2026-09-26T20:36:56Z
sch-00181,ses-20261008-0401,스무디,4,strawberry_smoothie,2026-10-07T21:01:44Z
sch-00182,ses-20261008-0403,아이스티,2,peach_iced_tea,2026-09-16T16:38:23Z
sch-00183,ses-20261008-0404,디카페인,2,decaf_americano,2026-09-24T17:43:34Z
sch-00184,ses-20261008-0406,에이드,3,lemon_ade,2026-10-07T04:14:43Z
sch-00185,ses-20261008-0408,딸기,1,strawberry_smoothie,2026-09-15T17:07:13Z
sch-00186,ses-20261008-0410,아메리카노,1,americano,2026-10-01T03:02:31Z
sch-00187,ses-20261008-0413,라떼,2,cafe_latte,2026-09-21T20:00:24Z
sch-00188,ses-20261008-0414,아아,3,americano,2026-09-27T01:01:45Z
sch-00189,ses-20261008-0423,아메리카노,3,americano,2026-09-26T17:45:17Z
sch-00190,ses-20261008-0424,아메리카노,2,americano,2026-09-28T16:27:40Z
sch-00191,ses-20261008-0425,말차,3,matcha_latte,2026-10-08T20:02:57Z
sch-00192,ses-20261008-0428,콜드브루,4,coldbrew,2026-09-29T21:54:39Z
sch-00193,ses-20261008-0429,디카페인,2,decaf_americano,2026-10-07T20:50:25Z
sch-00194,ses-20261008-0430,아이스티,2,peach_iced_tea,2026-09-26T20:31:27Z
sch-00195,ses-20261008-0431,디카페인,4,decaf_americano,2026-09-22T16:05:39Z
sch-00196,ses-20261008-0434,라떼,1,cafe_latte,2026-09-19T23:55:38Z
sch-00197,ses-20261008-0438,아아,2,,2026-09-29T17:29:45Z
sch-00198,ses-20261008-0442,아아,3,americano,2026-09-19T21:58:13Z
sch-00199,ses-20261008-0444,라떼,2,,2026-09-24T21:03:37Z
sch-00200,ses-20261008-0445,아메리카노,2,americano,2026-10-07T21:26:47Z
sch-00201,ses-20261008-0449,샌드위치,0,,2026-09-23T16:31:38Z
sch-00202,ses-20261008-0450,딸기,2,strawberry_smoothie,2026-09-28T23:50:54Z
sch-00203,ses-20261008-0453,아이스티,2,peach_iced_tea,2026-10-03T23:00:55Z
sch-00204,ses-20261008-0454,밀크티,0,,2026-09-15T21:51:39Z
sch-00205,ses-20261008-0459,스무디,2,strawberry_smoothie,2026-09-15T17:10:42Z
sch-00206,ses-20261008-0460,딸기,3,strawberry_smoothie,2026-09-19T22:15:04Z
sch-00207,ses-20261008-0463,아아,1,americano,2026-09-23T01:35:49Z
sch-00208,ses-20261008-0468,아메리카노,1,americano,2026-09-16T17:05:42Z
sch-00209,ses-20261008-0470,라떼,4,,2026-09-22T16:39:42Z
sch-00210,ses-20261008-0472,아메리카노,1,americano,2026-10-08T16:43:25Z
sch-00211,ses-20261008-0474,디카페인,2,decaf_americano,2026-09-16T22:47:29Z
sch-00212,ses-20261008-0475,바닐라라떼,4,vanilla_latte,2026-09-24T01:17:10Z
sch-00213,ses-20261008-0477,바닐라라떼,2,vanilla_latte,2026-09-20T03:49:44Z
sch-00214,ses-20261008-0479,바닐라라떼,2,vanilla_latte,2026-09-21T20:06:43Z
sch-00215,ses-20261008-0482,디카페인,2,decaf_americano,2026-09-29T20:01:47Z
sch-00216,ses-20261008-0483,아메리카노,2,americano,2026-09-19T16:23:40Z
sch-00217,ses-20261008-0485,디카페인,2,,2026-10-04T20:28:27Z
sch-00218,ses-20261008-0488,밀크티,0,,2026-10-07T20:39:28Z
sch-00219,ses-20261008-0489,에이드,2,lemon_ade,2026-10-07T16:05:20Z
sch-00220,ses-20261008-0491,아아,4,americano,2026-09-30T16:09:11Z
sch-00221,ses-20261008-0492,스무디,2,,2026-09-27T00:33:09Z
sch-00222,ses-20261008-0496,샌드위치,0,,2026-10-09T01:13:06Z
sch-00223,ses-20261008-0503,에이드,4,,2026-09-30T21:16:46Z
sch-00224,ses-20261008-0504,딸기,3,,2026-10-06T00:06:34Z
sch-00225,ses-20261008-0505,디카페인,3,decaf_americano,2026-09-21T16:13:38Z
sch-00226,ses-20261008-0506,샌드위치,0,,2026-09-22T21:27:27Z
sch-00227,ses-20261008-0507,샌드위치,0,,2026-09-16T20:23:24Z
sch-00228,ses-20261008-0508,망고,3,mango_smoothie,2026-10-02T16:31:40Z
sch-00229,ses-20261008-0512,망고,1,mango_smoothie,2026-09-18T16:18:49Z
sch-00230,ses-20261008-0516,밀크티,0,,2026-09-18T16:49:17Z
sch-00231,ses-20261008-0517,밀크티,0,,2026-10-01T21:58:56Z
sch-00232,ses-20261008-0518,스무디,2,,2026-10-05T17:40:38Z
sch-00233,ses-20261008-0519,딸기,2,strawberry_smoothie,2026-09-23T17:28:28Z
sch-00234,ses-20261008-0522,콜드브루,3,coldbrew,2026-09-19T21:24:07Z
sch-00235,ses-20261008-0524,망고,3,mango_smoothie,2026-10-02T22:40:12Z
sch-00236,ses-20261008-0528,말차,3,,2026-10-03T17:29:48Z
sch-00237,ses-20261008-0533,말차,3,matcha_latte,2026-09-26T17:56:01Z
sch-00238,ses-20261008-0535,아메리카노,3,americano,2026-09-22T23:34:57Z
sch-00239,ses-20261008-0537,말차,1,,2026-10-01T00:52:16Z
sch-00240,ses-20261008-0538,아이스티,2,peach_iced_tea,2026-09-26T17:05:20Z
sch-00241,ses-20261008-0541,샌드위치,0,,2026-09-17T04:32:26Z
sch-00242,ses-20261008-0546,딸기,2,strawberry_smoothie,2026-09-15T20:03:24Z
sch-00243,ses-20261008-0547,샌드위치,0,,2026-09-26T21:16:47Z
sch-00244,ses-20261008-0548,샌드위치,0,,2026-10-07T01:57:42Z
sch-00245,ses-20261008-0550,라떼,3,cafe_latte,2026-10-06T22:40:19Z
sch-00246,ses-20261008-0552,말차,4,,2026-09-29T16:28:04Z
sch-00247,ses-20261008-0558,라떼,1,cafe_latte,2026-09-16T16:07:07Z
sch-00248,ses-20261008-0559,망고,1,mango_smoothie,2026-10-08T22:18:36Z
sch-00249,ses-20261008-0562,아이스티,3,peach_iced_tea,2026-09-30T22:14:29Z
sch-00250,ses-20261008-0565,콜드브루,3,coldbrew,2026-09-30T21:23:27Z
sch-00251,ses-20261008-0572,에이드,3,lemon_ade,2026-09-16T21:42:29Z
sch-00252,ses-20261008-0574,스무디,1,strawberry_smoothie,2026-09-21T21:43:07Z
sch-00253,ses-20261008-0575,바닐라라떼,3,vanilla_latte,2026-09-30T20:14:53Z
sch-00254,ses-20261008-0576,아아,2,americano,2026-09-29T17:52:57Z
sch-00255,ses-20261008-0579,콜드브루,1,,2026-10-02T16:16:34Z
sch-00256,ses-20261008-0581,밀크티,0,,2026-10-06T21:02:37Z
sch-00257,ses-20261008-0582,아아,4,americano,2026-10-08T20:49:59Z
sch-00258,ses-20261008-0583,아이스티,2,,2026-09-17T20:35:21Z
sch-00259,ses-20261008-0586,망고,1,mango_smoothie,2026-09-29T03:11:15Z
sch-00260,ses-20261008-0588,아메리카노,4,americano,2026-09-19T22:34:34Z
sch-00261,ses-20261008-0594,스무디,3,strawberry_smoothie,2026-09-27T23:49:26Z
sch-00262,ses-20261008-0595,딸기,4,strawberry_smoothie,2026-09-20T22:11:09Z
sch-00263,ses-20261008-0596,말차,4,matcha_latte,2026-10-03T01:03:00Z
sch-00264,ses-20261008-0599,라떼,2,,2026-09-16T17:16:19Z
sch-00265,ses-20261008-0602,샌드위치,0,,2026-09-23T20:21:54Z
sch-00266,ses-20261008-0603,스무디,1,,2026-09-28T16:17:16Z
sch-00267,ses-20261008-0606,망고,2,mango_smoothie,2026-09-27T23:17:08Z
sch-00268,ses-20261008-0607,아아,1,americano,2026-10-01T22:45:36Z
sch-00269,ses-20261008-0609,밀크티,0,,2026-09-25T04:15:41Z
sch-00270,ses-20261008-0610,샌드위치,0,,2026-09-21T22:29:53Z
sch-00271,ses-20261008-0611,콜드브루,4,,2026-09-16T02:27:27Z
sch-00272,ses-20261008-0612,망고,2,mango_smoothie,2026-09-24T01:02:33Z
sch-00273,ses-20261008-0613,말차,4,matcha_latte,2026-10-02T20:30:33Z
sch-00274,ses-20261008-0615,말차,2,,2026-09-29T21:45:05Z
sch-00275,ses-20261008-0620,스무디,1,strawberry_smoothie,2026-09-15T21:56:51Z
sch-00276,ses-20261008-0625,라떼,1,cafe_latte,2026-09-21T20:20:51Z
sch-00277,ses-20261008-0629,콜드브루,3,coldbrew,2026-09-18T16:58:56Z
sch-00278,ses-20261008-0635,바닐라라떼,2,vanilla_latte,2026-09-15T17:29:24Z
sch-00279,ses-20261008-0637,에이드,1,lemon_ade,2026-10-07T23:50:14Z
sch-00280,ses-20261008-0639,스무디,1,strawberry_smoothie,2026-10-02T20:05:10Z
sch-00281,ses-20261008-0640,밀크티,0,,2026-09-30T04:38:08Z
sch-00282,ses-20261008-0641,망고,1,mango_smoothie,2026-09-21T20:06:41Z
sch-00283,ses-20261008-0644,밀크티,0,,2026-10-01T17:55:03Z
sch-00284,ses-20261008-0645,아이스티,2,peach_iced_tea,2026-09-16T17:17:31Z
sch-00285,ses-20261008-0647,말차,1,matcha_latte,2026-09-26T23:59:53Z
sch-00286,ses-20261008-0648,라떼,2,cafe_latte,2026-10-07T02:30:19Z
sch-00287,ses-20261008-0651,디카페인,4,decaf_americano,2026-09-28T04:19:38Z
sch-00288,ses-20261008-0653,바닐라라떼,3,,2026-10-05T02:40:15Z
sch-00289,ses-20261008-0654,아이스티,3,peach_iced_tea,2026-09-16T23:04:05Z
sch-00290,ses-20261008-0656,아이스티,1,peach_iced_tea,2026-10-01T20:27:13Z
sch-00291,ses-20261008-0657,샌드위치,0,,2026-09-19T17:36:24Z
sch-00292,ses-20261008-0659,콜드브루,1,coldbrew,2026-09-29T20:42:49Z
sch-00293,ses-20261008-0661,아이스티,4,peach_iced_tea,2026-10-08T23:57:28Z
sch-00294,ses-20261008-0662,디카페인,2,decaf_americano,2026-09-25T20:02:01Z
sch-00295,ses-20261008-0663,아이스티,3,peach_iced_tea,2026-09-21T22:31:10Z
sch-00296,ses-20261008-0665,아메리카노,3,,2026-10-07T20:50:22Z
sch-00297,ses-20261008-0666,아메리카노,1,americano,2026-10-01T17:50:07Z
sch-00298,ses-20261008-0668,콜드브루,2,coldbrew,2026-10-07T20:48:38Z
sch-00299,ses-20261008-0672,말차,3,matcha_latte,2026-09-21T04:04:23Z
sch-00300,ses-20261008-0673,라떼,1,cafe_latte,2026-09-20T16:51:08Z
sch-00301,ses-20261008-0674,라떼,4,cafe_latte,2026-09-29T21:25:02Z
sch-00302,ses-20261008-0676,말차,1,matcha_latte,2026-09-21T17:11:14Z
sch-00303,ses-20261008-0677,망고,4,mango_smoothie,2026-09-30T00:30:00Z
sch-00304,ses-20261008-0678,스무디,2,strawberry_smoothie,2026-09-28T03:44:02Z
sch-00305,ses-20261008-0679,에이드,3,lemon_ade,2026-09-29T17:08:36Z
sch-00306,ses-20261008-0680,스무디,2,strawberry_smoothie,2026-10-04T17:39:25Z
sch-00307,ses-20261008-0681,딸기,3,strawberry_smoothie,2026-10-04T16:48:38Z
sch-00308,ses-20261008-0682,아메리카노,1,,2026-10-04T23:36:42Z
sch-00309,ses-20261008-0684,아메리카노,2,americano,2026-09-19T23:36:03Z
sch-00310,ses-20261008-0686,바닐라라떼,2,vanilla_latte,2026-09-25T02:53:26Z
sch-00311,ses-20261008-0688,아아,3,americano,2026-09-17T21:28:56Z
sch-00312,ses-20261008-0690,에이드,1,lemon_ade,2026-09-15T16:12:16Z
sch-00313,ses-20261008-0691,라떼,2,cafe_latte,2026-09-25T16:11:17Z
sch-00314,ses-20261008-0692,아이스티,1,peach_iced_tea,2026-10-08T22:05:29Z
sch-00315,ses-20261008-0695,아메리카노,1,,2026-09-30T16:28:36Z
sch-00316,ses-20261008-0697,딸기,2,strawberry_smoothie,2026-09-18T20:11:09Z
sch-00317,ses-20261008-0699,콜드브루,4,coldbrew,2026-09-26T21:49:32Z
sch-00318,ses-20261008-0700,아메리카노,4,americano,2026-09-30T20:10:58Z
sch-00319,ses-20261008-0701,스무디,2,strawberry_smoothie,2026-09-28T16:37:20Z
sch-00320,ses-20261008-0702,망고,1,mango_smoothie,2026-09-15T21:06:12Z
sch-00321,ses-20261008-0703,샌드위치,0,,2026-10-07T22:52:41Z
sch-00322,ses-20261008-0704,아이스티,3,peach_iced_tea,2026-10-01T03:57:00Z
sch-00323,ses-20261008-0708,망고,1,mango_smoothie,2026-10-03T21:36:44Z
sch-00324,ses-20261008-0709,콜드브루,1,coldbrew,2026-09-20T20:34:25Z
sch-00325,ses-20261008-0710,딸기,4,,2026-10-03T22:03:28Z
sch-00326,ses-20261008-0711,딸기,4,,2026-09-22T04:39:57Z
sch-00327,ses-20261008-0714,망고,1,,2026-09-30T20:27:48Z
sch-00328,ses-20261008-0715,콜드브루,1,,2026-09-28T20:34:44Z
sch-00329,ses-20261008-0716,말차,3,matcha_latte,2026-09-25T21:39:32Z
sch-00330,ses-20261008-0720,망고,2,,2026-09-23T21:22:33Z
sch-00331,ses-20261008-0724,아아,4,americano,2026-09-27T21:27:35Z
sch-00332,ses-20261008-0726,샌드위치,0,,2026-10-07T00:38:14Z
sch-00333,ses-20261008-0728,말차,3,matcha_latte,2026-10-04T17:45:43Z
sch-00334,ses-20261008-0730,디카페인,2,decaf_americano,2026-09-24T17:07:22Z
sch-00335,ses-20261008-0735,디카페인,4,decaf_americano,2026-09-17T21:42:33Z
sch-00336,ses-20261008-0736,에이드,3,,2026-10-05T00:28:10Z
sch-00337,ses-20261008-0738,밀크티,0,,2026-09-26T00:58:16Z
sch-00338,ses-20261008-0741,스무디,1,strawberry_smoothie,2026-09-16T01:47:00Z
sch-00339,ses-20261008-0743,스무디,2,,2026-09-21T23:25:04Z
sch-00340,ses-20261008-0746,아메리카노,4,,2026-09-20T21:51:16Z
sch-00341,ses-20261008-0747,스무디,2,,2026-09-18T16:08:31Z
sch-00342,ses-20261008-0749,딸기,1,strawberry_smoothie,2026-09-18T23:53:53Z
sch-00343,ses-20261008-0753,밀크티,0,,2026-10-07T21:06:36Z
sch-00344,ses-20261008-0761,바닐라라떼,2,vanilla_latte,2026-09-20T20:13:43Z
sch-00345,ses-20261008-0762,스무디,4,,2026-09-27T16:06:36Z
sch-00346,ses-20261008-0764,에이드,2,lemon_ade,2026-09-30T16:05:27Z
sch-00347,ses-20261008-0765,라떼,1,cafe_latte,2026-10-01T16:36:33Z
sch-00348,ses-20261008-0767,딸기,2,,2026-09-15T20:24:36Z
sch-00349,ses-20261008-0769,라떼,3,cafe_latte,2026-10-02T03:05:42Z
sch-00350,ses-20261008-0773,아메리카노,4,,2026-09-15T16:39:06Z
sch-00351,ses-20261008-0775,에이드,4,lemon_ade,2026-09-28T16:08:01Z
sch-00352,ses-20261008-0776,바닐라라떼,3,vanilla_latte,2026-09-23T16:56:19Z
sch-00353,ses-20261008-0782,에이드,4,,2026-10-06T21:41:52Z
sch-00354,ses-20261008-0784,스무디,1,strawberry_smoothie,2026-09-21T21:05:51Z
sch-00355,ses-20261008-0785,딸기,1,strawberry_smoothie,2026-09-27T16:12:10Z
sch-00356,ses-20261008-0787,아이스티,2,peach_iced_tea,2026-09-25T22:40:07Z
sch-00357,ses-20261008-0789,스무디,1,,2026-09-23T20:34:12Z
sch-00358,ses-20261008-0792,아메리카노,4,,2026-10-04T20:36:54Z
sch-00359,ses-20261008-0795,샌드위치,0,,2026-09-27T01:44:18Z
sch-00360,ses-20261008-0805,딸기,1,strawberry_smoothie,2026-09-18T16:53:29Z
sch-00361,ses-20261008-0808,딸기,2,strawberry_smoothie,2026-10-06T16:18:37Z
sch-00362,ses-20261008-0809,아이스티,3,peach_iced_tea,2026-09-15T20:47:25Z
sch-00363,ses-20261008-0811,딸기,3,,2026-09-26T16:32:54Z
sch-00364,ses-20261008-0812,망고,1,mango_smoothie,2026-09-27T00:56:52Z
sch-00365,ses-20261008-0814,라떼,4,cafe_latte,2026-10-04T16:12:56Z
sch-00366,ses-20261008-0818,라떼,3,cafe_latte,2026-09-29T23:01:00Z
sch-00367,ses-20261008-0823,말차,2,matcha_latte,2026-09-19T20:01:47Z
sch-00368,ses-20261008-0826,바닐라라떼,1,vanilla_latte,2026-10-03T20:11:04Z
sch-00369,ses-20261008-0827,아아,2,americano,2026-09-17T16:24:54Z
sch-00370,ses-20261008-0828,디카페인,4,decaf_americano,2026-10-08T02:00:36Z
sch-00371,ses-20261008-0830,에이드,2,,2026-09-30T21:33:23Z
sch-00372,ses-20261008-0833,딸기,2,strawberry_smoothie,2026-10-02T20:24:53Z
sch-00373,ses-20261008-0835,밀크티,0,,2026-09-22T21:17:13Z
sch-00374,ses-20261008-0837,아아,4,americano,2026-09-19T20:36:53Z
sch-00375,ses-20261008-0841,콜드브루,4,,2026-10-05T16:08:53Z
sch-00376,ses-20261008-0847,콜드브루,3,,2026-09-27T21:42:14Z
sch-00377,ses-20261008-0851,라떼,1,cafe_latte,2026-09-18T17:25:25Z
sch-00378,ses-20261008-0854,밀크티,0,,2026-09-27T22:15:39Z
sch-00379,ses-20261008-0856,밀크티,0,,2026-09-24T03:26:09Z
sch-00380,ses-20261008-0859,디카페인,2,decaf_americano,2026-09-30T20:23:58Z
sch-00381,ses-20261008-0861,말차,4,matcha_latte,2026-09-21T21:20:09Z
sch-00382,ses-20261008-0863,콜드브루,3,coldbrew,2026-10-06T03:25:34Z
sch-00383,ses-20261008-0865,아이스티,1,peach_iced_tea,2026-09-18T17:31:31Z
sch-00384,ses-20261008-0869,밀크티,0,,2026-09-15T16:46:47Z
sch-00385,ses-20261008-0872,스무디,2,,2026-09-19T20:38:44Z
sch-00386,ses-20261008-0874,망고,3,mango_smoothie,2026-09-22T16:43:54Z
sch-00387,ses-20261008-0877,아아,2,americano,2026-09-28T17:44:48Z
sch-00388,ses-20261008-0878,아아,4,americano,2026-09-29T17:33:25Z
sch-00389,ses-20261008-0880,아메리카노,2,,2026-09-20T21:48:23Z
sch-00390,ses-20261008-0883,밀크티,0,,2026-09-18T21:03:20Z
sch-00391,ses-20261008-0884,바닐라라떼,1,vanilla_latte,2026-09-19T16:23:32Z
sch-00392,ses-20261008-0885,딸기,3,strawberry_smoothie,2026-09-26T17:19:04Z
sch-00393,ses-20261008-0889,바닐라라떼,2,vanilla_latte,2026-09-28T03:24:39Z
sch-00394,ses-20261008-0891,말차,1,matcha_latte,2026-09-26T00:08:57Z
sch-00395,ses-20261008-0892,에이드,1,,2026-09-20T03:28:29Z
sch-00396,ses-20261008-0894,말차,1,,2026-10-01T00:32:10Z
sch-00397,ses-20261008-0895,아이스티,4,peach_iced_tea,2026-09-28T03:26:46Z
sch-00398,ses-20261008-0896,에이드,3,,2026-10-03T21:53:38Z
sch-00399,ses-20261008-0897,에이드,2,,2026-10-06T17:49:55Z
sch-00400,ses-20261008-0898,딸기,4,strawberry_smoothie,2026-10-04T17:14:16Z
sch-00401,ses-20261008-0900,딸기,3,strawberry_smoothie,2026-10-07T16:44:46Z
sch-00402,ses-20261008-0901,망고,1,mango_smoothie,2026-09-16T01:09:12Z
sch-00403,ses-20261008-0902,밀크티,0,,2026-10-06T21:21:31Z
sch-00404,ses-20261008-0903,스무디,3,strawberry_smoothie,2026-09-25T21:51:33Z
sch-00405,ses-20261008-0911,딸기,3,,2026-10-08T21:45:39Z
sch-00406,ses-20261008-0916,아아,2,,2026-09-27T23:32:16Z
sch-00407,ses-20261008-0919,딸기,3,strawberry_smoothie,2026-10-06T17:58:02Z
sch-00408,ses-20261008-0920,아아,3,americano,2026-09-21T17:21:40Z
sch-00409,ses-20261008-0925,딸기,3,strawberry_smoothie,2026-10-04T16:48:31Z
sch-00410,ses-20261008-0929,딸기,4,strawberry_smoothie,2026-10-06T20:45:37Z
sch-00411,ses-20261008-0931,아이스티,4,,2026-09-18T21:26:26Z
sch-00412,ses-20261008-0934,말차,3,matcha_latte,2026-09-16T17:15:31Z
sch-00413,ses-20261008-0935,라떼,3,cafe_latte,2026-09-24T00:38:02Z
sch-00414,ses-20261008-0936,망고,2,mango_smoothie,2026-09-25T03:56:35Z
sch-00415,ses-20261008-0938,망고,2,mango_smoothie,2026-09-15T17:18:15Z
sch-00416,ses-20261008-0939,콜드브루,1,,2026-09-25T16:16:14Z
sch-00417,ses-20261008-0942,라떼,2,cafe_latte,2026-09-19T17:27:57Z
sch-00418,ses-20261008-0943,디카페인,2,decaf_americano,2026-10-06T22:54:04Z
sch-00419,ses-20261008-0944,밀크티,0,,2026-10-06T16:13:19Z
sch-00420,ses-20261008-0951,말차,4,matcha_latte,2026-10-06T21:50:06Z
sch-00421,ses-20261008-0956,아메리카노,1,americano,2026-09-28T20:26:43Z
sch-00422,ses-20261008-0957,콜드브루,4,,2026-10-08T20:12:14Z
sch-00423,ses-20261008-0961,딸기,1,,2026-10-06T16:13:58Z
sch-00424,ses-20261008-0962,라떼,4,,2026-10-06T23:59:33Z
sch-00425,ses-20261008-0964,아아,4,americano,2026-09-26T16:04:45Z
sch-00426,ses-20261008-0965,에이드,1,,2026-10-05T21:57:04Z
sch-00427,ses-20261008-0967,스무디,1,strawberry_smoothie,2026-09-29T17:08:48Z
sch-00428,ses-20261008-0968,콜드브루,4,coldbrew,2026-09-23T17:49:51Z
sch-00429,ses-20261008-0969,라떼,2,cafe_latte,2026-09-20T16:07:22Z
sch-00430,ses-20261008-0971,콜드브루,3,,2026-09-20T23:59:52Z
sch-00431,ses-20261008-0972,밀크티,0,,2026-09-25T04:21:15Z
sch-00432,ses-20261008-0973,망고,2,mango_smoothie,2026-09-30T21:18:46Z
sch-00433,ses-20261008-0975,에이드,1,,2026-09-26T21:44:49Z
sch-00434,ses-20261008-0978,디카페인,1,,2026-10-02T16:15:47Z
sch-00435,ses-20261008-0980,디카페인,1,,2026-09-21T02:20:40Z
sch-00436,ses-20261008-0987,밀크티,0,,2026-10-07T20:22:11Z
sch-00437,ses-20261008-0988,샌드위치,0,,2026-09-17T21:30:40Z
sch-00438,ses-20261008-0991,아메리카노,3,,2026-10-02T22:31:42Z
sch-00439,ses-20261008-0994,망고,3,,2026-09-28T21:00:26Z
sch-00440,ses-20261008-0997,콜드브루,2,coldbrew,2026-09-19T00:44:41Z
sch-00441,ses-20261008-0998,콜드브루,2,coldbrew,2026-10-08T03:25:49Z
sch-00442,ses-20261008-0999,샌드위치,0,,2026-09-17T04:43:33Z
sch-00443,ses-20261008-1001,바닐라라떼,2,vanilla_latte,2026-09-15T21:58:26Z
sch-00444,ses-20261008-1002,망고,1,mango_smoothie,2026-09-27T17:50:57Z
sch-00445,ses-20261008-1005,말차,4,,2026-09-18T21:27:51Z
sch-00446,ses-20261008-1006,바닐라라떼,3,vanilla_latte,2026-10-01T00:55:01Z
sch-00447,ses-20261008-1007,밀크티,0,,2026-10-03T20:18:10Z
sch-00448,ses-20261008-1013,밀크티,0,,2026-10-06T21:06:24Z
sch-00449,ses-20261008-1014,에이드,3,lemon_ade,2026-09-15T21:09:10Z
sch-00450,ses-20261008-1015,밀크티,0,,2026-10-07T16:23:44Z
sch-00451,ses-20261008-1016,아이스티,2,peach_iced_tea,2026-09-16T16:26:00Z
sch-00452,ses-20261008-1017,말차,1,,2026-09-21T20:38:11Z
sch-00453,ses-20261008-1018,망고,2,mango_smoothie,2026-09-18T03:44:08Z
sch-00454,ses-20261008-1021,딸기,1,strawberry_smoothie,2026-09-16T16:37:03Z
sch-00455,ses-20261008-1033,콜드브루,3,coldbrew,2026-09-27T22:31:17Z
sch-00456,ses-20261008-1036,콜드브루,4,,2026-09-26T21:23:14Z
sch-00457,ses-20261008-1039,아아,3,americano,2026-10-02T17:19:15Z
sch-00458,ses-20261008-1040,딸기,4,strawberry_smoothie,2026-09-15T16:17:11Z
sch-00459,ses-20261008-1044,아메리카노,3,americano,2026-09-26T20:35:45Z
sch-00460,ses-20261008-1046,아메리카노,2,,2026-09-30T21:46:46Z
sch-00461,ses-20261008-1051,스무디,2,strawberry_smoothie,2026-09-16T20:42:37Z
sch-00462,ses-20261008-1053,망고,4,mango_smoothie,2026-09-29T17:27:49Z
sch-00463,ses-20261008-1057,밀크티,0,,2026-10-02T16:00:06Z
sch-00464,ses-20261008-1062,샌드위치,0,,2026-09-29T20:23:23Z
sch-00465,ses-20261008-1065,바닐라라떼,1,,2026-09-22T17:34:14Z
sch-00466,ses-20261008-1066,딸기,2,strawberry_smoothie,2026-09-17T17:03:24Z
sch-00467,ses-20261008-1067,말차,3,,2026-09-18T21:41:03Z
sch-00468,ses-20261008-1071,밀크티,0,,2026-09-21T20:31:04Z
sch-00469,ses-20261008-1075,아아,2,americano,2026-10-09T00:20:14Z
sch-00470,ses-20261008-1078,바닐라라떼,2,vanilla_latte,2026-09-19T20:47:54Z
sch-00471,ses-20261008-1079,샌드위치,0,,2026-10-03T00:09:42Z
sch-00472,ses-20261008-1084,에이드,4,lemon_ade,2026-09-24T20:15:16Z
sch-00473,ses-20261008-1085,아이스티,1,peach_iced_tea,2026-09-20T20:35:21Z
sch-00474,ses-20261008-1087,망고,2,mango_smoothie,2026-10-04T17:25:21Z
sch-00475,ses-20261008-1089,샌드위치,0,,2026-09-22T00:50:45Z
sch-00476,ses-20261008-1092,스무디,3,strawberry_smoothie,2026-09-25T16:34:20Z
sch-00477,ses-20261008-1100,망고,3,mango_smoothie,2026-09-27T20:15:47Z
sch-00478,ses-20261008-1105,바닐라라떼,1,vanilla_latte,2026-10-04T20:58:09Z
sch-00479,ses-20261008-1106,아이스티,3,peach_iced_tea,2026-10-09T00:10:16Z
sch-00480,ses-20261008-1107,샌드위치,0,,2026-09-23T01:41:14Z
sch-00481,ses-20261008-1110,라떼,2,cafe_latte,2026-09-17T20:46:03Z
sch-00482,ses-20261008-1111,스무디,1,strawberry_smoothie,2026-09-20T17:09:30Z
sch-00483,ses-20261008-1114,밀크티,0,,2026-09-18T16:58:44Z
sch-00484,ses-20261008-1118,망고,1,mango_smoothie,2026-10-08T04:33:25Z
sch-00485,ses-20261008-1121,디카페인,4,,2026-10-03T16:06:51Z
sch-00486,ses-20261008-1122,말차,1,matcha_latte,2026-10-04T00:46:15Z
sch-00487,ses-20261008-1129,망고,2,mango_smoothie,2026-10-04T21:15:59Z
sch-00488,ses-20261008-1130,콜드브루,2,coldbrew,2026-10-05T17:09:08Z
sch-00489,ses-20261008-1131,샌드위치,0,,2026-09-16T16:12:58Z
sch-00490,ses-20261008-1132,스무디,1,strawberry_smoothie,2026-09-25T17:56:01Z
sch-00491,ses-20261008-1135,스무디,3,strawberry_smoothie,2026-09-30T21:35:08Z
sch-00492,ses-20261008-1136,아메리카노,2,americano,2026-10-06T22:38:32Z
sch-00493,ses-20261008-1137,딸기,4,strawberry_smoothie,2026-10-04T20:33:49Z
sch-00494,ses-20261008-1138,말차,3,,2026-10-06T21:55:26Z
sch-00495,ses-20261008-1143,아아,4,americano,2026-09-28T16:47:47Z
sch-00496,ses-20261008-1147,아아,4,americano,2026-09-28T20:23:56Z
sch-00497,ses-20261008-1154,아아,1,americano,2026-10-03T00:55:31Z
sch-00498,ses-20261008-1160,아아,2,americano,2026-10-04T17:46:08Z
sch-00499,ses-20261008-1162,망고,2,mango_smoothie,2026-09-26T16:47:05Z
sch-00500,ses-20261008-1163,스무디,4,,2026-09-29T17:05:54Z
sch-00501,ses-20261008-1168,라떼,4,cafe_latte,2026-09-30T21:23:18Z
sch-00502,ses-20261008-1169,스무디,4,strawberry_smoothie,2026-10-04T21:33:54Z
sch-00503,ses-20261008-1171,말차,4,matcha_latte,2026-09-17T20:03:28Z
sch-00504,ses-20261008-1173,망고,3,mango_smoothie,2026-09-21T17:20:49Z
sch-00505,ses-20261008-1175,라떼,1,cafe_latte,2026-09-30T21:35:33Z
sch-00506,ses-20261008-1176,망고,4,mango_smoothie,2026-10-03T23:34:51Z
sch-00507,ses-20261008-1177,바닐라라떼,2,vanilla_latte,2026-10-01T04:25:19Z
sch-00508,ses-20261008-1182,라떼,4,,2026-09-16T16:35:46Z
sch-00509,ses-20261008-1183,라떼,1,,2026-09-27T02:04:27Z
sch-00510,ses-20261008-1186,망고,1,mango_smoothie,2026-09-23T04:41:02Z
sch-00511,ses-20261008-1187,에이드,2,lemon_ade,2026-10-07T20:30:26Z
sch-00512,ses-20261008-1191,에이드,2,lemon_ade,2026-09-21T01:46:49Z
sch-00513,ses-20261008-1192,바닐라라떼,1,vanilla_latte,2026-09-30T17:20:16Z
sch-00514,ses-20261008-1193,망고,4,mango_smoothie,2026-10-06T20:17:20Z
sch-00515,ses-20261008-1194,밀크티,0,,2026-09-21T16:27:19Z
sch-00516,ses-20261008-1198,망고,2,,2026-09-25T21:22:31Z
sch-00517,ses-20261008-1206,디카페인,2,,2026-09-24T20:22:42Z
sch-00518,ses-20261008-1210,바닐라라떼,3,vanilla_latte,2026-09-29T17:08:19Z
sch-00519,ses-20261008-1211,스무디,2,strawberry_smoothie,2026-09-30T21:06:28Z
sch-00520,ses-20261008-1213,라떼,4,cafe_latte,2026-09-25T17:27:02Z
sch-00521,ses-20261008-1214,디카페인,2,decaf_americano,2026-10-03T00:19:19Z
sch-00522,ses-20261008-1216,스무디,2,,2026-10-01T20:53:06Z
sch-00523,ses-20261008-1217,아이스티,1,peach_iced_tea,2026-09-17T20:54:54Z
sch-00524,ses-20261008-1218,샌드위치,0,,2026-09-26T21:50:03Z
sch-00525,ses-20261008-1219,바닐라라떼,4,vanilla_latte,2026-09-19T21:38:17Z
sch-00526,ses-20261008-1220,라떼,4,,2026-09-24T17:19:04Z
sch-00527,ses-20261008-1221,바닐라라떼,4,vanilla_latte,2026-09-17T17:41:21Z
sch-00528,ses-20261008-1222,아아,4,,2026-10-01T16:29:00Z
sch-00529,ses-20261008-1223,말차,4,,2026-09-21T22:28:33Z
sch-00530,ses-20261008-1224,아메리카노,4,,2026-10-01T17:44:59Z
sch-00531,ses-20261008-1225,스무디,1,,2026-09-16T16:24:40Z
sch-00532,ses-20261008-1228,스무디,2,,2026-09-29T20:56:45Z
sch-00533,ses-20261008-1229,라떼,4,cafe_latte,2026-10-07T04:20:23Z
sch-00534,ses-20261008-1235,딸기,4,strawberry_smoothie,2026-10-04T16:20:58Z
sch-00535,ses-20261008-1236,샌드위치,0,,2026-09-27T22:11:24Z
sch-00536,ses-20261008-1242,아이스티,4,,2026-10-06T17:59:29Z
sch-00537,ses-20261008-1246,디카페인,3,decaf_americano,2026-10-06T22:23:56Z
sch-00538,ses-20261008-1247,딸기,3,,2026-09-19T23:00:45Z
sch-00539,ses-20261008-1248,아아,3,americano,2026-10-04T21:46:43Z
sch-00540,ses-20261008-1249,말차,4,,2026-09-25T20:21:46Z
sch-00541,ses-20261008-1250,샌드위치,0,,2026-10-05T21:39:36Z
sch-00542,ses-20261008-1252,아메리카노,1,americano,2026-09-21T04:55:43Z
sch-00543,ses-20261008-1253,말차,1,,2026-09-20T20:25:02Z
sch-00544,ses-20261008-1255,바닐라라떼,4,,2026-09-26T21:20:28Z
sch-00545,ses-20261008-1256,스무디,1,strawberry_smoothie,2026-09-29T03:55:16Z
sch-00546,ses-20261008-1257,망고,2,mango_smoothie,2026-09-20T16:12:24Z
sch-00547,ses-20261008-1259,콜드브루,4,coldbrew,2026-09-22T17:47:34Z
sch-00548,ses-20261008-1261,콜드브루,3,coldbrew,2026-09-23T16:28:25Z
sch-00549,ses-20261008-1265,말차,3,matcha_latte,2026-09-22T00:18:00Z
sch-00550,ses-20261008-1266,말차,1,matcha_latte,2026-10-07T21:51:07Z
sch-00551,ses-20261008-1267,디카페인,1,decaf_americano,2026-10-07T20:58:09Z
sch-00552,ses-20261008-1268,딸기,4,strawberry_smoothie,2026-10-04T16:30:43Z
sch-00553,ses-20261008-1272,아아,2,americano,2026-10-04T17:01:58Z
sch-00554,ses-20261008-1279,딸기,1,strawberry_smoothie,2026-09-19T20:57:25Z
sch-00555,ses-20261008-1280,딸기,3,strawberry_smoothie,2026-09-27T20:50:12Z
sch-00556,ses-20261008-1283,콜드브루,1,coldbrew,2026-09-27T01:28:44Z
sch-00557,ses-20261008-1284,밀크티,0,,2026-09-15T20:22:42Z
sch-00558,ses-20261008-1286,밀크티,0,,2026-10-08T16:03:18Z
sch-00559,ses-20261008-1287,아메리카노,4,,2026-09-22T20:55:28Z
sch-00560,ses-20261008-1288,샌드위치,0,,2026-10-08T20:17:17Z
sch-00561,ses-20261008-1289,딸기,1,strawberry_smoothie,2026-10-04T21:13:11Z
sch-00562,ses-20261008-1292,샌드위치,0,,2026-10-07T00:09:22Z
sch-00563,ses-20261008-1294,아메리카노,4,americano,2026-09-30T03:46:35Z
sch-00564,ses-20261008-1297,디카페인,4,decaf_americano,2026-10-01T20:09:53Z
sch-00565,ses-20261008-1298,아아,3,,2026-09-17T03:01:42Z
sch-00566,ses-20261008-1299,딸기,3,strawberry_smoothie,2026-09-21T01:04:34Z
sch-00567,ses-20261008-1301,라떼,4,cafe_latte,2026-09-17T20:10:40Z
sch-00568,ses-20261008-1302,콜드브루,2,,2026-10-03T03:56:02Z
sch-00569,ses-20261008-1304,아메리카노,1,americano,2026-09-15T21:28:35Z
sch-00570,ses-20261008-1306,아이스티,4,,2026-09-21T16:49:29Z
sch-00571,ses-20261008-1308,디카페인,3,decaf_americano,2026-10-05T21:53:50Z
sch-00572,ses-20261008-1309,말차,3,,2026-09-26T21:01:00Z
sch-00573,ses-20261008-1310,망고,4,mango_smoothie,2026-09-16T16:36:32Z
sch-00574,ses-20261008-1311,밀크티,0,,2026-10-06T16:23:52Z
sch-00575,ses-20261008-1314,아아,4,,2026-10-04T16:44:20Z
sch-00576,ses-20261008-1315,밀크티,0,,2026-09-30T17:20:09Z
sch-00577,ses-20261008-1318,아아,1,americano,2026-09-30T21:05:08Z
sch-00578,ses-20261008-1323,에이드,2,,2026-09-17T21:18:02Z
sch-00579,ses-20261008-1324,아메리카노,4,,2026-10-07T21:48:45Z
sch-00580,ses-20261008-1326,딸기,1,strawberry_smoothie,2026-09-27T20:55:45Z
sch-00581,ses-20261008-1331,아메리카노,4,americano,2026-09-23T16:31:49Z
sch-00582,ses-20261008-1333,아이스티,3,peach_iced_tea,2026-09-20T20:50:21Z
sch-00583,ses-20261008-1336,아아,1,americano,2026-09-22T20:37:20Z
sch-00584,ses-20261008-1339,디카페인,4,decaf_americano,2026-09-16T02:26:59Z
sch-00585,ses-20261008-1340,망고,1,mango_smoothie,2026-10-04T20:43:43Z
sch-00586,ses-20261008-1348,스무디,2,,2026-09-28T20:35:13Z
sch-00587,ses-20261008-1353,스무디,3,strawberry_smoothie,2026-10-08T01:48:49Z
sch-00588,ses-20261008-1354,밀크티,0,,2026-09-25T23:30:48Z
sch-00589,ses-20261008-1356,바닐라라떼,4,,2026-10-06T17:48:37Z
sch-00590,ses-20261008-1361,바닐라라떼,2,vanilla_latte,2026-09-30T04:43:33Z
sch-00591,ses-20261008-1362,에이드,4,lemon_ade,2026-09-26T22:08:21Z
sch-00592,ses-20261008-1366,스무디,2,strawberry_smoothie,2026-10-08T22:42:09Z
sch-00593,ses-20261008-1367,아메리카노,1,americano,2026-09-29T16:38:04Z
sch-00594,ses-20261008-1370,말차,1,matcha_latte,2026-10-08T02:34:28Z
sch-00595,ses-20261008-1372,말차,2,matcha_latte,2026-09-25T16:02:32Z
sch-00596,ses-20261008-1373,아메리카노,3,americano,2026-09-26T17:38:21Z
sch-00597,ses-20261008-1376,에이드,4,lemon_ade,2026-09-24T16:13:13Z
sch-00598,ses-20261008-1378,아이스티,3,peach_iced_tea,2026-09-17T20:12:58Z
sch-00599,ses-20261008-1380,샌드위치,0,,2026-09-15T20:38:27Z
sch-00600,ses-20261008-1381,망고,3,mango_smoothie,2026-09-17T02:30:55Z
sch-00601,ses-20261008-1383,라떼,3,cafe_latte,2026-10-07T20:55:43Z
sch-00602,ses-20261008-1385,라떼,1,,2026-10-03T22:18:22Z
sch-00603,ses-20261008-1386,밀크티,0,,2026-09-16T22:44:39Z
sch-00604,ses-20261008-1389,샌드위치,0,,2026-09-29T21:38:05Z
sch-00605,ses-20261008-1390,밀크티,0,,2026-10-06T21:24:05Z
sch-00606,ses-20261008-1391,라떼,4,cafe_latte,2026-10-05T04:26:30Z
sch-00607,ses-20261008-1392,아이스티,4,,2026-09-19T16:20:09Z
sch-00608,ses-20261008-1394,에이드,1,lemon_ade,2026-09-25T20:18:42Z
sch-00609,ses-20261008-1395,에이드,2,lemon_ade,2026-10-06T00:55:01Z
sch-00610,ses-20261008-1396,아아,1,,2026-09-19T16:31:39Z
sch-00611,ses-20261008-1397,밀크티,0,,2026-10-01T21:49:55Z
sch-00612,ses-20261008-1398,바닐라라떼,3,vanilla_latte,2026-09-18T04:43:35Z
sch-00613,ses-20261008-1399,콜드브루,2,coldbrew,2026-10-07T16:34:34Z
sch-00614,ses-20261008-1401,바닐라라떼,2,vanilla_latte,2026-09-19T21:59:19Z
sch-00615,ses-20261008-1404,말차,3,matcha_latte,2026-10-03T23:13:07Z
sch-00616,ses-20261008-1405,아아,2,americano,2026-09-22T01:19:29Z
sch-00617,ses-20261008-1408,아이스티,3,peach_iced_tea,2026-09-27T02:11:12Z
sch-00618,ses-20261008-1410,바닐라라떼,4,vanilla_latte,2026-09-27T04:52:35Z
sch-00619,ses-20261008-1411,샌드위치,0,,2026-09-28T21:31:23Z
sch-00620,ses-20261008-1414,딸기,2,strawberry_smoothie,2026-09-29T22:19:53Z
sch-00621,ses-20261008-1415,라떼,1,cafe_latte,2026-09-27T16:48:12Z
sch-00622,ses-20261008-1416,말차,1,,2026-10-04T17:29:00Z
sch-00623,ses-20261008-1417,말차,4,matcha_latte,2026-10-01T17:48:04Z
sch-00624,ses-20261008-1421,바닐라라떼,2,vanilla_latte,2026-09-22T21:17:35Z
sch-00625,ses-20261008-1423,디카페인,4,decaf_americano,2026-09-19T20:55:34Z
sch-00626,ses-20261008-1426,딸기,1,strawberry_smoothie,2026-10-01T21:01:51Z
sch-00627,ses-20261008-1427,딸기,3,strawberry_smoothie,2026-09-20T17:59:06Z
sch-00628,ses-20261008-1430,아아,1,americano,2026-09-24T20:55:18Z
sch-00629,ses-20261008-1432,말차,1,matcha_latte,2026-10-06T03:00:54Z
sch-00630,ses-20261008-1433,말차,2,,2026-10-05T04:39:25Z
sch-00631,ses-20261008-1437,디카페인,2,decaf_americano,2026-09-17T21:09:55Z
sch-00632,ses-20261008-1440,아이스티,1,peach_iced_tea,2026-09-15T20:41:16Z
sch-00633,ses-20261008-1441,밀크티,0,,2026-09-17T23:42:09Z
sch-00634,ses-20261008-1443,콜드브루,3,,2026-09-30T04:54:57Z
sch-00635,ses-20261008-1444,바닐라라떼,1,,2026-09-27T16:58:49Z
sch-00636,ses-20261008-1449,아아,1,americano,2026-09-21T20:06:23Z
sch-00637,ses-20261008-1451,밀크티,0,,2026-10-08T16:19:32Z
sch-00638,ses-20261008-1453,밀크티,0,,2026-09-25T03:24:52Z
sch-00639,ses-20261008-1455,에이드,3,lemon_ade,2026-09-19T17:08:11Z
sch-00640,ses-20261008-1456,샌드위치,0,,2026-09-25T17:43:51Z
sch-00641,ses-20261008-1457,디카페인,3,decaf_americano,2026-09-25T16:58:25Z
sch-00642,ses-20261008-1458,콜드브루,4,coldbrew,2026-09-22T03:11:02Z
sch-00643,ses-20261008-1459,아이스티,3,peach_iced_tea,2026-09-26T20:51:21Z
sch-00644,ses-20261008-1465,아이스티,3,peach_iced_tea,2026-09-22T16:57:26Z
sch-00645,ses-20261008-1466,딸기,1,,2026-10-09T01:35:31Z
sch-00646,ses-20261008-1468,스무디,3,strawberry_smoothie,2026-09-24T16:45:33Z
sch-00647,ses-20261008-1469,말차,2,matcha_latte,2026-10-06T03:45:19Z
sch-00648,ses-20261008-1470,디카페인,2,decaf_americano,2026-09-26T20:29:44Z
sch-00649,ses-20261008-1473,말차,3,matcha_latte,2026-10-05T16:56:24Z
sch-00650,ses-20261008-1475,라떼,4,,2026-09-19T20:28:07Z
sch-00651,ses-20261008-1476,딸기,1,strawberry_smoothie,2026-10-03T21:54:36Z
sch-00652,ses-20261008-1477,콜드브루,4,coldbrew,2026-10-06T21:29:52Z
sch-00653,ses-20261008-1478,콜드브루,3,,2026-10-08T21:19:27Z
sch-00654,ses-20261008-1479,샌드위치,0,,2026-09-20T17:55:52Z
sch-00655,ses-20261008-1480,망고,1,mango_smoothie,2026-09-28T21:56:51Z
sch-00656,ses-20261008-1482,말차,2,matcha_latte,2026-09-23T20:09:24Z
sch-00657,ses-20261008-1486,바닐라라떼,1,vanilla_latte,2026-09-24T16:42:19Z
sch-00658,ses-20261008-1488,말차,3,matcha_latte,2026-09-16T00:20:01Z
sch-00659,ses-20261008-1490,아이스티,4,peach_iced_tea,2026-09-17T17:45:31Z
sch-00660,ses-20261008-1493,아이스티,2,peach_iced_tea,2026-10-03T20:03:28Z
sch-00661,ses-20261008-1494,바닐라라떼,4,vanilla_latte,2026-09-25T20:33:46Z
sch-00662,ses-20261008-1496,아메리카노,2,,2026-10-03T21:32:07Z
sch-00663,ses-20261008-1497,말차,3,matcha_latte,2026-09-20T22:06:28Z
sch-00664,ses-20261008-1499,아아,3,,2026-09-21T22:35:41Z
sch-00665,ses-20261008-1502,디카페인,1,decaf_americano,2026-09-30T20:04:02Z
sch-00666,ses-20261008-1503,디카페인,1,decaf_americano,2026-09-19T17:51:08Z
sch-00667,ses-20261008-1504,콜드브루,1,,2026-10-01T03:48:46Z
sch-00668,ses-20261008-1505,에이드,1,lemon_ade,2026-09-22T04:10:49Z
sch-00669,ses-20261008-1506,딸기,1,strawberry_smoothie,2026-10-06T20:43:05Z
sch-00670,ses-20261008-1508,샌드위치,0,,2026-09-23T23:57:23Z
sch-00671,ses-20261008-1509,콜드브루,2,,2026-10-08T02:01:38Z
sch-00672,ses-20261008-1510,라떼,2,cafe_latte,2026-09-16T03:46:01Z
sch-00673,ses-20261008-1513,스무디,3,,2026-09-19T04:32:25Z
sch-00674,ses-20261008-1515,라떼,3,,2026-09-19T16:19:04Z
sch-00675,ses-20261008-1516,콜드브루,3,coldbrew,2026-10-03T21:55:58Z
sch-00676,ses-20261008-1517,에이드,4,lemon_ade,2026-09-15T17:07:12Z
sch-00677,ses-20261008-1522,디카페인,3,decaf_americano,2026-10-03T17:15:42Z
sch-00678,ses-20261008-1524,밀크티,0,,2026-09-26T21:46:21Z
sch-00679,ses-20261008-1527,딸기,1,strawberry_smoothie,2026-09-28T17:09:27Z
sch-00680,ses-20261008-1530,아메리카노,4,,2026-10-03T17:01:18Z
sch-00681,ses-20261008-1531,밀크티,0,,2026-09-29T20:57:52Z
sch-00682,ses-20261008-1532,콜드브루,2,coldbrew,2026-10-06T20:52:50Z
sch-00683,ses-20261008-1533,라떼,2,cafe_latte,2026-09-30T17:41:37Z
sch-00684,ses-20261008-1535,밀크티,0,,2026-09-28T22:34:17Z
sch-00685,ses-20261008-1541,콜드브루,4,,2026-09-19T20:23:42Z
sch-00686,ses-20261008-1542,밀크티,0,,2026-09-24T02:29:35Z
sch-00687,ses-20261008-1543,아메리카노,4,americano,2026-10-07T21:46:32Z
sch-00688,ses-20261008-1546,말차,2,matcha_latte,2026-10-08T03:49:59Z
sch-00689,ses-20261008-1547,딸기,4,,2026-10-04T20:05:52Z
sch-00690,ses-20261008-1550,아아,4,americano,2026-10-04T20:33:09Z
sch-00691,ses-20261008-1551,바닐라라떼,1,,2026-10-05T04:20:36Z
sch-00692,ses-20261008-1554,밀크티,0,,2026-09-29T02:34:58Z
sch-00693,ses-20261008-1555,밀크티,0,,2026-09-27T16:59:18Z
sch-00694,ses-20261008-1556,콜드브루,4,coldbrew,2026-09-26T21:17:39Z
sch-00695,ses-20261008-1557,바닐라라떼,1,vanilla_latte,2026-10-03T21:13:29Z
sch-00696,ses-20261008-1558,아메리카노,4,americano,2026-09-15T16:18:02Z
sch-00697,ses-20261008-1559,딸기,2,,2026-09-22T20:30:13Z
sch-00698,ses-20261008-1561,망고,3,mango_smoothie,2026-09-23T16:52:40Z
sch-00699,ses-20261008-1563,에이드,4,lemon_ade,2026-10-01T03:12:24Z
sch-00700,ses-20261008-1565,말차,1,matcha_latte,2026-10-03T16:08:13Z
sch-00701,ses-20261008-1566,망고,2,mango_smoothie,2026-09-17T21:07:46Z
sch-00702,ses-20261008-1569,콜드브루,3,coldbrew,2026-10-05T01:50:43Z
sch-00703,ses-20261008-1570,아메리카노,3,americano,2026-10-02T20:15:52Z
sch-00704,ses-20261008-1572,스무디,4,,2026-10-02T17:45:59Z
sch-00705,ses-20261008-1573,콜드브루,2,coldbrew,2026-10-08T00:45:56Z
sch-00706,ses-20261008-1574,망고,3,,2026-09-24T21:45:10Z
sch-00707,ses-20261008-1577,콜드브루,1,,2026-10-06T20:18:12Z
sch-00708,ses-20261008-1579,디카페인,2,decaf_americano,2026-10-06T04:38:50Z
sch-00709,ses-20261008-1580,딸기,2,strawberry_smoothie,2026-10-05T21:27:22Z
sch-00710,ses-20261008-1584,콜드브루,2,,2026-10-07T03:51:11Z
sch-00711,ses-20261008-1585,디카페인,2,decaf_americano,2026-09-25T20:00:45Z
sch-00712,ses-20261008-1588,콜드브루,3,,2026-09-30T03:25:23Z
sch-00713,ses-20261008-1589,스무디,2,strawberry_smoothie,2026-10-06T01:54:55Z
sch-00714,ses-20261008-1590,스무디,1,strawberry_smoothie,2026-10-03T21:45:52Z
sch-00715,ses-20261008-1591,라떼,3,cafe_latte,2026-10-08T17:40:08Z
sch-00716,ses-20261008-1592,아아,2,americano,2026-09-30T20:17:04Z
sch-00717,ses-20261008-1593,콜드브루,3,coldbrew,2026-10-06T00:57:42Z
sch-00718,ses-20261008-1595,스무디,2,,2026-09-27T20:27:59Z
sch-00719,ses-20261008-1596,디카페인,4,,2026-09-19T16:20:28Z
sch-00720,ses-20261008-1597,디카페인,4,decaf_americano,2026-09-22T17:56:56Z
sch-00721,ses-20261008-1598,스무디,3,strawberry_smoothie,2026-09-20T17:38:57Z
sch-00722,ses-20261008-1599,아메리카노,2,americano,2026-10-02T17:37:47Z
sch-00723,ses-20261008-1605,샌드위치,0,,2026-10-05T16:10:07Z
sch-00724,ses-20261008-1608,바닐라라떼,1,vanilla_latte,2026-09-15T16:21:12Z
sch-00725,ses-20261008-1609,아이스티,3,peach_iced_tea,2026-09-21T17:49:04Z
sch-00726,ses-20261008-1612,바닐라라떼,4,vanilla_latte,2026-09-18T16:04:52Z
sch-00727,ses-20261008-1617,아이스티,2,peach_iced_tea,2026-09-20T20:20:55Z
sch-00728,ses-20261008-1621,밀크티,0,,2026-09-16T04:10:03Z
sch-00729,ses-20261008-1626,콜드브루,1,coldbrew,2026-09-20T16:20:13Z
sch-00730,ses-20261008-1629,디카페인,1,,2026-09-27T16:24:51Z
sch-00731,ses-20261008-1631,스무디,1,strawberry_smoothie,2026-10-02T20:40:08Z
sch-00732,ses-20261008-1634,콜드브루,1,coldbrew,2026-09-30T20:24:28Z
sch-00733,ses-20261008-1637,아이스티,2,,2026-09-26T20:32:22Z
sch-00734,ses-20261008-1640,아아,1,americano,2026-09-27T20:09:03Z
sch-00735,ses-20261008-1641,바닐라라떼,3,vanilla_latte,2026-10-07T20:45:12Z
sch-00736,ses-20261008-1643,샌드위치,0,,2026-10-08T02:30:05Z
sch-00737,ses-20261008-1650,아메리카노,4,americano,2026-10-02T20:37:42Z
sch-00738,ses-20261008-1651,아이스티,2,peach_iced_tea,2026-10-08T00:20:53Z
sch-00739,ses-20261008-1652,콜드브루,3,coldbrew,2026-09-16T01:48:31Z
sch-00740,ses-20261008-1654,아이스티,2,peach_iced_tea,2026-09-15T23:51:43Z
sch-00741,ses-20261008-1659,샌드위치,0,,2026-09-16T17:40:03Z
sch-00742,ses-20261008-1660,콜드브루,1,,2026-09-15T17:13:06Z
sch-00743,ses-20261008-1662,망고,2,mango_smoothie,2026-09-16T16:30:13Z
sch-00744,ses-20261008-1666,디카페인,3,decaf_americano,2026-09-26T20:42:47Z
sch-00745,ses-20261008-1667,샌드위치,0,,2026-09-22T17:32:29Z
sch-00746,ses-20261008-1668,딸기,4,strawberry_smoothie,2026-10-01T20:58:00Z
sch-00747,ses-20261008-1671,바닐라라떼,3,,2026-10-07T21:46:25Z
sch-00748,ses-20261008-1674,콜드브루,1,coldbrew,2026-09-29T17:32:14Z
sch-00749,ses-20261008-1675,디카페인,1,decaf_americano,2026-09-16T17:52:28Z
sch-00750,ses-20261008-1676,디카페인,4,,2026-10-02T16:21:13Z
sch-00751,ses-20261008-1677,샌드위치,0,,2026-09-25T21:00:54Z
sch-00752,ses-20261008-1678,샌드위치,0,,2026-09-25T17:58:48Z
sch-00753,ses-20261008-1679,바닐라라떼,1,vanilla_latte,2026-09-21T17:36:24Z
sch-00754,ses-20261008-1681,망고,4,mango_smoothie,2026-09-25T20:46:43Z
sch-00755,ses-20261008-1684,딸기,4,strawberry_smoothie,2026-10-02T17:07:14Z
sch-00756,ses-20261008-1687,딸기,3,,2026-09-27T17:30:16Z
sch-00757,ses-20261008-1694,밀크티,0,,2026-10-04T17:05:49Z
sch-00758,ses-20261008-1696,디카페인,1,decaf_americano,2026-09-22T02:32:09Z
sch-00759,ses-20261008-1698,말차,3,matcha_latte,2026-10-01T23:13:01Z
sch-00760,ses-20261008-1699,라떼,4,,2026-09-21T16:15:01Z
sch-00761,ses-20261008-1703,말차,1,matcha_latte,2026-09-28T22:11:55Z
sch-00762,ses-20261008-1706,바닐라라떼,2,,2026-09-16T01:28:06Z
sch-00763,ses-20261008-1707,밀크티,0,,2026-10-03T16:52:50Z
sch-00764,ses-20261008-1708,에이드,2,lemon_ade,2026-09-28T20:21:02Z
sch-00765,ses-20261008-1710,말차,3,matcha_latte,2026-09-24T16:30:41Z
sch-00766,ses-20261008-1712,라떼,2,cafe_latte,2026-10-01T22:21:37Z
sch-00767,ses-20261008-1714,에이드,1,,2026-09-23T21:24:00Z
sch-00768,ses-20261008-1715,바닐라라떼,2,,2026-10-05T16:50:34Z
sch-00769,ses-20261008-1718,디카페인,4,,2026-09-26T17:56:15Z
sch-00770,ses-20261008-1722,딸기,2,strawberry_smoothie,2026-10-01T21:42:29Z
sch-00771,ses-20261008-1723,딸기,2,strawberry_smoothie,2026-09-30T04:26:28Z
sch-00772,ses-20261008-1724,에이드,3,lemon_ade,2026-09-20T16:39:56Z
sch-00773,ses-20261008-1725,샌드위치,0,,2026-09-21T17:23:36Z
sch-00774,ses-20261008-1726,밀크티,0,,2026-09-26T20:15:49Z
sch-00775,ses-20261008-1727,말차,4,matcha_latte,2026-10-08T23:29:59Z
sch-00776,ses-20261008-1729,말차,2,matcha_latte,2026-10-08T04:46:15Z
sch-00777,ses-20261008-1730,밀크티,0,,2026-09-25T04:01:16Z
sch-00778,ses-20261008-1731,바닐라라떼,3,vanilla_latte,2026-09-29T16:56:28Z
sch-00779,ses-20261008-1733,디카페인,4,,2026-10-03T17:26:17Z
sch-00780,ses-20261008-1734,말차,4,matcha_latte,2026-09-16T20:25:58Z
sch-00781,ses-20261008-1736,밀크티,0,,2026-09-23T04:02:21Z
sch-00782,ses-20261008-1737,라떼,3,cafe_latte,2026-09-18T16:47:22Z
sch-00783,ses-20261008-1738,스무디,2,strawberry_smoothie,2026-10-03T21:41:11Z
sch-00784,ses-20261008-1739,망고,3,mango_smoothie,2026-09-26T17:44:23Z
sch-00785,ses-20261008-1740,콜드브루,4,coldbrew,2026-09-28T20:12:17Z
sch-00786,ses-20261008-1745,콜드브루,3,coldbrew,2026-09-29T03:49:16Z
sch-00787,ses-20261008-1747,말차,3,,2026-09-28T21:54:55Z
sch-00788,ses-20261008-1751,라떼,2,cafe_latte,2026-09-27T20:23:42Z
sch-00789,ses-20261008-1754,딸기,3,strawberry_smoothie,2026-09-29T01:29:54Z
sch-00790,ses-20261008-1757,스무디,2,strawberry_smoothie,2026-09-20T17:33:19Z
sch-00791,ses-20261008-1758,망고,3,mango_smoothie,2026-09-26T04:44:56Z
sch-00792,ses-20261008-1760,밀크티,0,,2026-09-21T22:55:14Z
sch-00793,ses-20261008-1761,콜드브루,2,coldbrew,2026-10-05T17:29:13Z
sch-00794,ses-20261008-1765,아메리카노,4,americano,2026-09-26T23:39:19Z
sch-00795,ses-20261008-1767,콜드브루,1,coldbrew,2026-09-23T17:04:40Z
sch-00796,ses-20261008-1772,말차,3,matcha_latte,2026-10-07T16:37:55Z
sch-00797,ses-20261008-1775,망고,2,,2026-09-30T16:44:37Z
sch-00798,ses-20261008-1780,딸기,2,,2026-10-01T21:17:26Z
sch-00799,ses-20261008-1781,아아,3,americano,2026-09-30T17:52:59Z
sch-00800,ses-20261008-1784,망고,4,mango_smoothie,2026-09-20T20:22:00Z
sch-00801,ses-20261008-1785,스무디,1,strawberry_smoothie,2026-09-18T20:20:58Z
sch-00802,ses-20261008-1787,콜드브루,3,,2026-10-02T00:57:41Z
sch-00803,ses-20261008-1790,아이스티,1,peach_iced_tea,2026-09-16T20:58:03Z
sch-00804,ses-20261008-1791,아아,4,americano,2026-09-24T21:06:08Z
sch-00805,ses-20261008-1793,콜드브루,2,,2026-09-21T21:15:03Z
sch-00806,ses-20261008-1799,에이드,2,lemon_ade,2026-10-01T00:14:28Z
sch-00807,ses-20261008-1800,라떼,2,cafe_latte,2026-09-23T20:55:27Z
sch-00808,ses-20261008-1803,밀크티,0,,2026-10-05T16:09:18Z
sch-00809,ses-20261008-1804,디카페인,4,decaf_americano,2026-09-17T17:40:24Z
sch-00810,ses-20261008-1809,콜드브루,3,coldbrew,2026-10-02T03:26:34Z
sch-00811,ses-20261008-1811,아아,4,americano,2026-09-27T04:40:37Z
sch-00812,ses-20261008-1812,디카페인,3,,2026-09-23T21:21:02Z
sch-00813,ses-20261008-1814,샌드위치,0,,2026-09-30T20:45:51Z
sch-00814,ses-20261008-1815,스무디,1,strawberry_smoothie,2026-09-28T20:22:12Z
sch-00815,ses-20261008-1818,스무디,2,strawberry_smoothie,2026-09-18T23:09:26Z
sch-00816,ses-20261008-1825,아이스티,4,,2026-10-05T16:21:02Z
sch-00817,ses-20261008-1830,아메리카노,4,,2026-09-24T20:35:43Z
sch-00818,ses-20261008-1832,밀크티,0,,2026-09-26T17:47:29Z
sch-00819,ses-20261008-1835,딸기,1,strawberry_smoothie,2026-09-22T16:18:03Z
sch-00820,ses-20261008-1836,샌드위치,0,,2026-09-18T21:01:35Z
sch-00821,ses-20261008-1837,아아,2,americano,2026-09-26T17:15:23Z
sch-00822,ses-20261008-1839,아메리카노,3,americano,2026-10-01T01:44:50Z
sch-00823,ses-20261008-1841,에이드,4,,2026-09-27T03:28:13Z
sch-00824,ses-20261008-1843,바닐라라떼,3,vanilla_latte,2026-09-21T20:42:33Z
sch-00825,ses-20261008-1845,딸기,3,,2026-09-23T23:19:42Z
sch-00826,ses-20261008-1846,아메리카노,4,,2026-09-19T16:41:27Z
sch-00827,ses-20261008-1847,디카페인,3,decaf_americano,2026-09-24T03:25:20Z
sch-00828,ses-20261008-1850,스무디,3,strawberry_smoothie,2026-09-22T21:15:27Z
sch-00829,ses-20261008-1853,에이드,4,lemon_ade,2026-09-17T20:05:38Z
sch-00830,ses-20261008-1856,콜드브루,4,coldbrew,2026-09-17T16:31:41Z
sch-00831,ses-20261008-1859,아메리카노,1,americano,2026-10-08T21:43:50Z
sch-00832,ses-20261008-1860,샌드위치,0,,2026-09-24T22:10:13Z
sch-00833,ses-20261008-1867,디카페인,1,decaf_americano,2026-10-01T21:14:29Z
sch-00834,ses-20261008-1869,아메리카노,2,,2026-09-16T17:39:04Z
sch-00835,ses-20261008-1870,망고,3,,2026-09-30T16:25:11Z
sch-00836,ses-20261008-1871,딸기,1,strawberry_smoothie,2026-09-29T02:36:42Z
sch-00837,ses-20261008-1872,스무디,3,,2026-10-07T16:36:38Z
sch-00838,ses-20261008-1875,망고,3,mango_smoothie,2026-09-30T16:53:16Z
sch-00839,ses-20261008-1877,아메리카노,4,americano,2026-10-01T17:38:21Z
sch-00840,ses-20261008-1878,샌드위치,0,,2026-09-25T21:15:06Z
sch-00841,ses-20261008-1879,딸기,4,strawberry_smoothie,2026-09-18T20:49:52Z
sch-00842,ses-20261008-1882,밀크티,0,,2026-10-04T02:56:00Z
sch-00843,ses-20261008-1891,딸기,4,strawberry_smoothie,2026-09-27T17:59:27Z
sch-00844,ses-20261008-1897,말차,3,,2026-09-17T04:24:27Z
sch-00845,ses-20261008-1901,망고,1,mango_smoothie,2026-09-27T17:06:47Z
sch-00846,ses-20261008-1902,스무디,2,,2026-09-17T02:27:23Z
sch-00847,ses-20261008-1903,바닐라라떼,1,,2026-09-16T04:20:32Z
sch-00848,ses-20261008-1905,샌드위치,0,,2026-09-16T16:06:42Z
sch-00849,ses-20261008-1908,망고,3,mango_smoothie,2026-10-01T04:27:26Z
sch-00850,ses-20261008-1912,디카페인,4,decaf_americano,2026-09-25T23:28:42Z
sch-00851,ses-20261008-1917,샌드위치,0,,2026-09-20T20:47:23Z
sch-00852,ses-20261008-1920,밀크티,0,,2026-09-28T01:45:26Z
sch-00853,ses-20261008-1924,말차,1,matcha_latte,2026-09-16T20:30:23Z
sch-00854,ses-20261008-1925,콜드브루,1,,2026-09-29T21:07:12Z
sch-00855,ses-20261008-1926,아이스티,2,peach_iced_tea,2026-09-24T16:32:10Z
sch-00856,ses-20261008-1927,아이스티,1,peach_iced_tea,2026-09-23T20:51:28Z
sch-00857,ses-20261008-1928,밀크티,0,,2026-09-15T20:17:47Z
sch-00858,ses-20261008-1929,딸기,2,strawberry_smoothie,2026-09-20T01:35:36Z
sch-00859,ses-20261008-1931,밀크티,0,,2026-10-06T17:44:38Z
sch-00860,ses-20261008-1933,말차,2,matcha_latte,2026-09-22T20:06:42Z
sch-00861,ses-20261008-1935,밀크티,0,,2026-09-21T20:12:12Z
sch-00862,ses-20261008-1937,에이드,2,lemon_ade,2026-10-07T02:56:58Z
sch-00863,ses-20261008-1938,아아,2,americano,2026-10-06T21:38:28Z
sch-00864,ses-20261008-1940,아이스티,4,peach_iced_tea,2026-09-21T16:27:45Z
sch-00865,ses-20261008-1941,스무디,4,strawberry_smoothie,2026-09-21T20:59:41Z
sch-00866,ses-20261008-1942,말차,3,,2026-09-21T02:53:30Z
sch-00867,ses-20261008-1944,아이스티,3,peach_iced_tea,2026-09-30T21:53:27Z
sch-00868,ses-20261008-1945,스무디,1,strawberry_smoothie,2026-09-17T02:08:45Z
sch-00869,ses-20261008-1946,망고,4,mango_smoothie,2026-10-02T21:08:09Z
sch-00870,ses-20261008-1947,바닐라라떼,3,vanilla_latte,2026-09-24T16:45:19Z
sch-00871,ses-20261008-1948,말차,1,matcha_latte,2026-10-06T01:04:18Z
sch-00872,ses-20261008-1950,스무디,4,strawberry_smoothie,2026-10-02T21:43:59Z
sch-00873,ses-20261008-1951,아아,4,americano,2026-09-18T22:13:42Z
sch-00874,ses-20261008-1952,딸기,3,strawberry_smoothie,2026-10-06T21:03:54Z
sch-00875,ses-20261008-1953,아메리카노,3,,2026-10-04T21:59:20Z
sch-00876,ses-20261008-1957,라떼,4,cafe_latte,2026-09-20T20:04:24Z
sch-00877,ses-20261008-1960,라떼,1,cafe_latte,2026-09-23T22:47:30Z
sch-00878,ses-20261008-1963,에이드,2,lemon_ade,2026-10-01T20:28:38Z
sch-00879,ses-20261008-1965,바닐라라떼,1,,2026-10-09T02:23:41Z
sch-00880,ses-20261008-1967,콜드브루,3,,2026-09-18T22:50:02Z
sch-00881,ses-20261008-1978,아메리카노,4,americano,2026-10-04T17:54:55Z
sch-00882,ses-20261008-1981,샌드위치,0,,2026-09-22T16:36:45Z
sch-00883,ses-20261008-1982,밀크티,0,,2026-09-27T20:46:42Z
sch-00884,ses-20261008-1985,디카페인,1,,2026-09-24T04:03:19Z
sch-00885,ses-20261008-1987,딸기,4,strawberry_smoothie,2026-09-25T01:57:40Z
sch-00886,ses-20261008-1988,아아,1,americano,2026-09-15T17:31:45Z
sch-00887,ses-20261008-1990,말차,2,,2026-10-04T20:00:08Z
sch-00888,ses-20261008-1991,밀크티,0,,2026-10-01T17:47:23Z
sch-00889,ses-20261008-1995,아이스티,3,peach_iced_tea,2026-10-01T17:02:30Z
sch-00890,ses-20261008-1996,콜드브루,2,coldbrew,2026-10-08T16:33:03Z
sch-00891,ses-20261008-2000,망고,1,mango_smoothie,2026-09-22T01:53:16Z
sch-00892,ses-20261008-2001,라떼,4,cafe_latte,2026-09-27T20:33:46Z
sch-00893,ses-20261008-2004,샌드위치,0,,2026-09-15T21:35:42Z
sch-00894,ses-20261008-2006,아메리카노,2,americano,2026-09-23T16:35:48Z
sch-00895,ses-20261008-2008,아이스티,2,,2026-10-04T22:26:13Z
sch-00896,ses-20261008-2010,말차,1,,2026-09-20T16:04:13Z
sch-00897,ses-20261008-2011,에이드,1,lemon_ade,2026-09-30T17:10:02Z
sch-00898,ses-20261008-2013,콜드브루,4,coldbrew,2026-09-19T16:30:19Z
sch-00899,ses-20261008-2015,아메리카노,3,americano,2026-09-27T20:05:45Z
sch-00900,ses-20261008-2016,라떼,1,cafe_latte,2026-10-08T16:03:06Z
sch-00901,ses-20261008-2018,에이드,4,,2026-10-06T04:18:12Z
sch-00902,ses-20261008-2019,딸기,4,,2026-09-30T16:53:14Z
sch-00903,ses-20261008-2022,바닐라라떼,1,vanilla_latte,2026-09-18T21:00:10Z
sch-00904,ses-20261008-2023,라떼,1,cafe_latte,2026-09-18T21:39:02Z
sch-00905,ses-20261008-2028,망고,3,mango_smoothie,2026-09-25T17:31:14Z
sch-00906,ses-20261008-2033,콜드브루,2,coldbrew,2026-09-23T16:19:12Z
sch-00907,ses-20261008-2034,바닐라라떼,4,vanilla_latte,2026-10-03T16:10:43Z
sch-00908,ses-20261008-2035,아메리카노,3,americano,2026-10-06T20:51:27Z
sch-00909,ses-20261008-2043,콜드브루,2,coldbrew,2026-09-22T16:05:12Z
sch-00910,ses-20261008-2044,망고,1,mango_smoothie,2026-10-06T16:00:21Z
sch-00911,ses-20261008-2047,콜드브루,3,coldbrew,2026-09-25T20:14:03Z
sch-00912,ses-20261008-2048,망고,3,mango_smoothie,2026-09-17T02:48:26Z
sch-00913,ses-20261008-2052,딸기,2,strawberry_smoothie,2026-09-23T16:22:53Z
sch-00914,ses-20261008-2056,라떼,1,,2026-09-26T21:20:30Z
sch-00915,ses-20261008-2059,라떼,4,cafe_latte,2026-09-26T00:16:25Z
sch-00916,ses-20261008-2067,아아,3,,2026-09-24T16:20:37Z
sch-00917,ses-20261008-2072,아아,2,americano,2026-09-28T02:48:35Z
sch-00918,ses-20261008-2080,샌드위치,0,,2026-10-04T16:57:19Z
sch-00919,ses-20261008-2081,에이드,4,,2026-10-05T16:53:48Z
sch-00920,ses-20261008-2083,딸기,2,strawberry_smoothie,2026-09-15T21:06:06Z
sch-00921,ses-20261008-2090,딸기,3,,2026-10-05T21:33:28Z
sch-00922,ses-20261008-2091,라떼,1,cafe_latte,2026-10-05T21:58:34Z
sch-00923,ses-20261008-2094,아메리카노,3,americano,2026-09-21T16:04:47Z
sch-00924,ses-20261008-2097,아메리카노,4,americano,2026-09-15T21:30:39Z
sch-00925,ses-20261008-2099,밀크티,0,,2026-10-09T01:33:18Z
sch-00926,ses-20261008-2100,바닐라라떼,4,,2026-09-16T16:25:49Z
sch-00927,ses-20261008-2102,라떼,3,cafe_latte,2026-10-09T04:59:53Z
sch-00928,ses-20261008-2104,스무디,4,strawberry_smoothie,2026-09-30T03:14:58Z
sch-00929,ses-20261008-2108,에이드,1,lemon_ade,2026-09-16T21:58:31Z
sch-00930,ses-20261008-2109,에이드,4,lemon_ade,2026-10-06T22:27:11Z
sch-00931,ses-20261008-2110,콜드브루,2,coldbrew,2026-09-28T17:33:03Z
sch-00932,ses-20261008-2111,망고,2,mango_smoothie,2026-09-15T21:31:19Z
sch-00933,ses-20261008-2112,샌드위치,0,,2026-09-24T16:24:08Z
sch-00934,ses-20261008-2113,라떼,2,cafe_latte,2026-09-15T16:39:28Z
sch-00935,ses-20261008-2114,아아,3,,2026-10-07T21:20:16Z
sch-00936,ses-20261008-2125,아메리카노,1,americano,2026-10-06T01:41:41Z
sch-00937,ses-20261008-2126,아이스티,4,peach_iced_tea,2026-09-21T20:56:27Z
sch-00938,ses-20261008-2135,스무디,3,,2026-09-30T21:23:46Z
sch-00939,ses-20261008-2136,콜드브루,3,coldbrew,2026-09-30T16:03:03Z
sch-00940,ses-20261008-2137,바닐라라떼,4,vanilla_latte,2026-09-25T00:23:02Z
sch-00941,ses-20261008-2138,콜드브루,2,coldbrew,2026-09-26T17:10:11Z
sch-00942,ses-20261008-2141,아이스티,2,peach_iced_tea,2026-09-25T20:34:18Z
sch-00943,ses-20261008-2142,아이스티,3,peach_iced_tea,2026-09-24T17:59:21Z
sch-00944,ses-20261008-2144,밀크티,0,,2026-09-18T03:11:51Z
sch-00945,ses-20261008-2145,에이드,1,lemon_ade,2026-10-07T16:06:29Z
sch-00946,ses-20261008-2146,스무디,2,strawberry_smoothie,2026-09-28T02:15:46Z
sch-00947,ses-20261008-2147,에이드,3,lemon_ade,2026-09-23T02:30:08Z
sch-00948,ses-20261008-2152,콜드브루,4,coldbrew,2026-09-30T03:01:06Z
sch-00949,ses-20261008-2153,디카페인,2,decaf_americano,2026-10-05T21:55:37Z
sch-00950,ses-20261008-2156,바닐라라떼,2,vanilla_latte,2026-09-22T16:44:08Z
sch-00951,ses-20261008-2159,에이드,2,lemon_ade,2026-09-22T04:21:27Z
sch-00952,ses-20261008-2160,라떼,2,,2026-09-24T16:04:17Z
sch-00953,ses-20261008-2162,라떼,2,cafe_latte,2026-10-03T16:57:55Z
sch-00954,ses-20261008-2164,딸기,1,strawberry_smoothie,2026-09-27T01:08:14Z
sch-00955,ses-20261008-2169,아메리카노,3,americano,2026-09-30T16:56:53Z
sch-00956,ses-20261008-2171,디카페인,3,decaf_americano,2026-10-07T01:33:05Z
sch-00957,ses-20261008-2173,샌드위치,0,,2026-09-24T17:05:08Z
sch-00958,ses-20261008-2174,디카페인,2,decaf_americano,2026-09-28T17:28:51Z
sch-00959,ses-20261008-2176,에이드,4,lemon_ade,2026-09-23T17:06:41Z
sch-00960,ses-20261008-2177,에이드,2,lemon_ade,2026-09-20T17:09:20Z
sch-00961,ses-20261008-2185,라떼,4,cafe_latte,2026-09-27T20:05:28Z
sch-00962,ses-20261008-2187,망고,1,mango_smoothie,2026-09-16T21:41:31Z
sch-00963,ses-20261008-2192,라떼,4,cafe_latte,2026-09-26T03:15:16Z
sch-00964,ses-20261008-2193,콜드브루,1,coldbrew,2026-09-22T20:32:09Z
sch-00965,ses-20261008-2195,콜드브루,1,coldbrew,2026-10-08T01:08:27Z
sch-00966,ses-20261008-2206,스무디,4,strawberry_smoothie,2026-09-17T00:52:43Z
sch-00967,ses-20261008-2207,라떼,3,cafe_latte,2026-09-27T23:25:54Z
sch-00968,ses-20261008-2208,딸기,2,strawberry_smoothie,2026-09-21T03:41:15Z
sch-00969,ses-20261008-2209,에이드,2,lemon_ade,2026-09-30T20:38:24Z
sch-00970,ses-20261008-2210,딸기,1,strawberry_smoothie,2026-09-30T21:21:16Z
sch-00971,ses-20261008-2211,딸기,3,,2026-09-29T02:36:14Z
sch-00972,ses-20261008-2214,말차,4,,2026-10-07T21:41:41Z
sch-00973,ses-20261008-2216,스무디,1,,2026-09-29T17:28:35Z
sch-00974,ses-20261008-2218,디카페인,4,decaf_americano,2026-10-08T21:30:56Z
sch-00975,ses-20261008-2219,말차,2,matcha_latte,2026-09-29T17:05:40Z
sch-00976,ses-20261008-2220,딸기,2,strawberry_smoothie,2026-10-04T20:50:39Z
sch-00977,ses-20261008-2223,라떼,3,,2026-09-16T00:15:15Z
sch-00978,ses-20261008-2224,바닐라라떼,2,vanilla_latte,2026-09-22T17:00:23Z
sch-00979,ses-20261008-2226,샌드위치,0,,2026-09-29T23:40:01Z
sch-00980,ses-20261008-2227,말차,2,matcha_latte,2026-09-21T21:03:27Z
sch-00981,ses-20261008-2231,딸기,4,strawberry_smoothie,2026-10-04T22:38:55Z
sch-00982,ses-20261008-2233,샌드위치,0,,2026-10-05T23:41:17Z
sch-00983,ses-20261008-2237,밀크티,0,,2026-10-07T16:38:16Z
sch-00984,ses-20261008-2240,아아,1,americano,2026-09-23T16:47:04Z
sch-00985,ses-20261008-2241,바닐라라떼,4,vanilla_latte,2026-10-02T02:55:46Z
sch-00986,ses-20261008-2242,밀크티,0,,2026-10-04T16:07:21Z
sch-00987,ses-20261008-2245,라떼,2,,2026-09-21T21:06:18Z
sch-00988,ses-20261008-2246,콜드브루,1,coldbrew,2026-10-08T20:21:46Z
sch-00989,ses-20261008-2248,아이스티,3,peach_iced_tea,2026-10-08T22:23:21Z
sch-00990,ses-20261008-2249,라떼,1,cafe_latte,2026-10-01T20:36:34Z
sch-00991,ses-20261008-2250,라떼,3,,2026-09-18T17:08:46Z
sch-00992,ses-20261008-2252,스무디,4,strawberry_smoothie,2026-09-17T01:25:39Z
sch-00993,ses-20261008-2253,스무디,1,,2026-09-29T01:28:10Z
sch-00994,ses-20261008-2255,디카페인,4,decaf_americano,2026-09-29T02:27:25Z
sch-00995,ses-20261008-2259,아아,3,americano,2026-10-01T20:17:19Z
sch-00996,ses-20261008-2260,라떼,4,,2026-09-22T17:29:18Z
sch-00997,ses-20261008-2261,딸기,4,strawberry_smoothie,2026-09-24T16:50:21Z
sch-00998,ses-20261008-2262,디카페인,1,decaf_americano,2026-10-05T20:01:01Z
sch-00999,ses-20261008-2264,아메리카노,1,americano,2026-09-29T16:50:09Z
sch-01000,ses-20261008-2265,말차,2,,2026-09-29T21:28:14Z
sch-01001,ses-20261008-2266,말차,4,,2026-09-21T22:23:46Z
sch-01002,ses-20261008-2268,말차,4,matcha_latte,2026-09-19T16:06:53Z
sch-01003,ses-20261008-2271,말차,2,,2026-10-01T16:04:51Z
sch-01004,ses-20261008-2277,아이스티,2,peach_iced_tea,2026-09-17T21:08:48Z
sch-01005,ses-20261008-2279,망고,1,mango_smoothie,2026-09-26T23:54:24Z
sch-01006,ses-20261008-2280,바닐라라떼,4,,2026-09-28T20:17:30Z
sch-01007,ses-20261008-2285,에이드,1,lemon_ade,2026-09-20T21:16:23Z
sch-01008,ses-20261008-2289,디카페인,2,,2026-10-04T00:43:06Z
sch-01009,ses-20261008-2291,아이스티,1,peach_iced_tea,2026-10-01T16:58:14Z
sch-01010,ses-20261008-2294,망고,1,mango_smoothie,2026-10-07T20:25:59Z
sch-01011,ses-20261008-2295,디카페인,2,decaf_americano,2026-09-18T21:36:43Z
sch-01012,ses-20261008-2297,밀크티,0,,2026-09-22T20:08:31Z
sch-01013,ses-20261008-2298,말차,2,matcha_latte,2026-09-29T17:28:09Z
sch-01014,ses-20261008-2301,밀크티,0,,2026-09-28T20:13:32Z
sch-01015,ses-20261008-2302,아이스티,4,peach_iced_tea,2026-10-06T20:55:38Z
sch-01016,ses-20261008-2307,콜드브루,1,coldbrew,2026-09-17T04:56:28Z
sch-01017,ses-20261008-2308,라떼,2,cafe_latte,2026-09-28T16:17:07Z
sch-01018,ses-20261008-2309,말차,1,matcha_latte,2026-09-17T22:19:28Z
sch-01019,ses-20261008-2316,밀크티,0,,2026-09-25T03:44:11Z
sch-01020,ses-20261008-2317,아아,1,americano,2026-09-19T16:30:40Z
sch-01021,ses-20261008-2318,망고,2,mango_smoothie,2026-09-25T16:01:24Z
sch-01022,ses-20261008-2323,아메리카노,4,americano,2026-10-04T20:13:44Z
sch-01023,ses-20261008-2329,라떼,4,cafe_latte,2026-10-01T23:32:23Z
sch-01024,ses-20261008-2331,밀크티,0,,2026-09-17T16:08:43Z
sch-01025,ses-20261008-2335,디카페인,2,decaf_americano,2026-09-24T03:22:38Z
sch-01026,ses-20261008-2337,아이스티,1,peach_iced_tea,2026-09-16T04:25:05Z
sch-01027,ses-20261008-2338,샌드위치,0,,2026-09-30T20:44:26Z
sch-01028,ses-20261008-2339,아메리카노,2,americano,2026-10-05T17:07:01Z
sch-01029,ses-20261008-2340,아이스티,3,peach_iced_tea,2026-09-24T04:22:59Z
sch-01030,ses-20261008-2345,아아,3,americano,2026-09-18T17:43:17Z
sch-01031,ses-20261008-2348,라떼,1,,2026-09-22T17:34:58Z
sch-01032,ses-20261008-2351,망고,4,mango_smoothie,2026-09-26T20:51:18Z
sch-01033,ses-20261008-2352,바닐라라떼,2,vanilla_latte,2026-10-04T17:44:38Z
sch-01034,ses-20261008-2361,밀크티,0,,2026-09-29T20:22:09Z
sch-01035,ses-20261008-2362,라떼,3,,2026-09-19T21:03:07Z
sch-01036,ses-20261008-2363,밀크티,0,,2026-09-15T17:48:34Z
sch-01037,ses-20261008-2364,말차,1,matcha_latte,2026-10-01T17:14:55Z
sch-01038,ses-20261008-2365,아이스티,1,peach_iced_tea,2026-10-08T22:03:09Z
sch-01039,ses-20261008-2366,말차,1,matcha_latte,2026-10-07T21:24:14Z
sch-01040,ses-20261008-2367,에이드,4,lemon_ade,2026-09-29T17:27:27Z
sch-01041,ses-20261008-2368,아아,4,americano,2026-10-07T17:16:09Z
sch-01042,ses-20261008-2369,샌드위치,0,,2026-10-01T20:04:06Z
sch-01043,ses-20261008-2371,밀크티,0,,2026-10-05T02:45:33Z
sch-01044,ses-20261008-2372,에이드,3,,2026-10-02T21:36:36Z
sch-01045,ses-20261008-2379,라떼,4,cafe_latte,2026-09-22T20:26:51Z
sch-01046,ses-20261008-2380,망고,3,,2026-09-19T21:24:47Z
sch-01047,ses-20261008-2383,샌드위치,0,,2026-09-25T21:07:27Z
sch-01048,ses-20261008-2388,스무디,3,,2026-09-24T22:58:40Z
sch-01049,ses-20261008-2389,라떼,4,cafe_latte,2026-09-26T20:15:44Z
sch-01050,ses-20261008-2391,샌드위치,0,,2026-10-08T16:54:19Z
sch-01051,ses-20261008-2394,아이스티,4,peach_iced_tea,2026-09-18T17:40:25Z
sch-01052,ses-20261008-2395,망고,4,,2026-09-21T16:39:17Z
sch-01053,ses-20261008-2396,콜드브루,3,coldbrew,2026-09-19T00:04:02Z
sch-01054,ses-20261008-2398,바닐라라떼,1,,2026-09-17T17:54:11Z
sch-01055,ses-20261008-2399,디카페인,2,decaf_americano,2026-09-28T03:12:32Z
sch-01056,ses-20261008-2400,말차,4,,2026-10-02T03:51:52Z
sch-01057,ses-20261008-2406,에이드,4,lemon_ade,2026-09-17T03:34:57Z
sch-01058,ses-20261008-2407,에이드,4,lemon_ade,2026-10-04T17:42:34Z
sch-01059,ses-20261008-2409,아아,4,americano,2026-09-25T21:19:01Z
sch-01060,ses-20261008-2414,샌드위치,0,,2026-10-07T16:03:26Z
sch-01061,ses-20261008-2421,딸기,3,strawberry_smoothie,2026-09-24T21:19:37Z
sch-01062,ses-20261008-2422,아아,3,americano,2026-09-19T00:57:20Z
sch-01063,ses-20261008-2426,에이드,2,lemon_ade,2026-09-18T22:33:11Z
sch-01064,ses-20261008-2427,콜드브루,1,coldbrew,2026-10-06T17:12:43Z
sch-01065,ses-20261008-2429,스무디,2,,2026-09-30T04:53:18Z
sch-01066,ses-20261008-2430,바닐라라떼,2,,2026-09-30T21:25:33Z
sch-01067,ses-20261008-2431,말차,3,matcha_latte,2026-09-20T17:26:23Z
sch-01068,ses-20261008-2435,바닐라라떼,4,vanilla_latte,2026-09-20T17:02:13Z
sch-01069,ses-20261008-2436,아메리카노,4,,2026-09-25T03:07:51Z
sch-01070,ses-20261008-2437,아이스티,1,,2026-09-20T16:31:08Z
sch-01071,ses-20261008-2438,스무디,4,strawberry_smoothie,2026-09-23T20:39:57Z
sch-01072,ses-20261008-2439,아이스티,4,peach_iced_tea,2026-10-03T03:49:32Z
sch-01073,ses-20261008-2441,밀크티,0,,2026-09-15T20:14:38Z
sch-01074,ses-20261008-2442,에이드,2,lemon_ade,2026-10-04T21:44:17Z
sch-01075,ses-20261008-2443,에이드,4,lemon_ade,2026-09-25T21:56:20Z
sch-01076,ses-20261008-2445,아메리카노,1,americano,2026-09-30T20:12:35Z
sch-01077,ses-20261008-2446,바닐라라떼,2,vanilla_latte,2026-10-04T20:42:55Z
sch-01078,ses-20261008-2448,콜드브루,2,,2026-09-18T20:24:33Z
sch-01079,ses-20261008-2451,아메리카노,3,,2026-10-07T16:17:35Z
sch-01080,ses-20261008-2454,스무디,3,strawberry_smoothie,2026-10-04T21:14:53Z
sch-01081,ses-20261008-2461,망고,4,,2026-10-06T20:53:33Z
sch-01082,ses-20261008-2462,라떼,1,cafe_latte,2026-09-19T20:00:49Z
sch-01083,ses-20261008-2464,딸기,1,strawberry_smoothie,2026-09-30T20:43:23Z
sch-01084,ses-20261008-2465,밀크티,0,,2026-09-24T17:55:06Z
sch-01085,ses-20261008-2467,밀크티,0,,2026-10-03T22:45:12Z
sch-01086,ses-20261008-2468,스무디,4,,2026-09-24T16:10:05Z
sch-01087,ses-20261008-2472,스무디,1,,2026-10-01T22:22:42Z
sch-01088,ses-20261008-2474,디카페인,3,decaf_americano,2026-09-19T16:53:27Z
sch-01089,ses-20261008-2475,바닐라라떼,3,vanilla_latte,2026-09-26T23:05:42Z
sch-01090,ses-20261008-2480,샌드위치,0,,2026-09-18T17:13:15Z
sch-01091,ses-20261008-2481,망고,3,mango_smoothie,2026-09-27T21:04:22Z
sch-01092,ses-20261008-2483,망고,1,mango_smoothie,2026-09-20T21:46:04Z
sch-01093,ses-20261008-2485,라떼,4,cafe_latte,2026-10-07T22:32:05Z
sch-01094,ses-20261008-2486,바닐라라떼,3,vanilla_latte,2026-09-20T03:56:02Z
sch-01095,ses-20261008-2488,밀크티,0,,2026-09-15T22:16:41Z
sch-01096,ses-20261008-2489,라떼,2,cafe_latte,2026-10-07T21:56:52Z
sch-01097,ses-20261008-2490,디카페인,4,decaf_americano,2026-10-03T17:04:41Z
sch-01098,ses-20261008-2491,아메리카노,1,americano,2026-10-02T17:26:27Z
sch-01099,ses-20261008-2497,아메리카노,4,americano,2026-09-24T16:58:30Z
sch-01100,ses-20261008-2498,아이스티,3,peach_iced_tea,2026-09-28T20:12:58Z
sch-01101,ses-20261008-2506,딸기,2,,2026-09-19T21:02:35Z
sch-01102,ses-20261008-2509,말차,4,matcha_latte,2026-09-19T17:44:14Z
sch-01103,ses-20261008-2512,라떼,3,,2026-10-04T17:21:41Z
sch-01104,ses-20261008-2513,아메리카노,3,americano,2026-09-29T17:12:29Z
sch-01105,ses-20261008-2514,스무디,4,strawberry_smoothie,2026-09-18T21:32:14Z
sch-01106,ses-20261008-2515,딸기,1,strawberry_smoothie,2026-10-07T20:04:22Z
sch-01107,ses-20261008-2517,아메리카노,4,americano,2026-09-27T03:20:35Z
sch-01108,ses-20261008-2523,아메리카노,1,americano,2026-10-02T02:32:29Z
sch-01109,ses-20261008-2526,에이드,1,,2026-09-21T16:14:14Z
sch-01110,ses-20261008-2528,아메리카노,3,americano,2026-09-25T20:01:57Z
sch-01111,ses-20261008-2529,콜드브루,2,coldbrew,2026-10-01T16:00:48Z
sch-01112,ses-20261008-2530,샌드위치,0,,2026-09-15T20:29:48Z
sch-01113,ses-20261008-2532,에이드,3,lemon_ade,2026-10-05T20:15:32Z
sch-01114,ses-20261008-2533,딸기,1,,2026-09-25T16:33:22Z
sch-01115,ses-20261008-2535,라떼,2,,2026-10-02T20:58:07Z
sch-01116,ses-20261008-2539,밀크티,0,,2026-09-20T16:53:47Z
sch-01117,ses-20261008-2541,아아,4,americano,2026-10-05T16:28:49Z
sch-01118,ses-20261008-2544,딸기,1,strawberry_smoothie,2026-09-30T23:55:12Z
sch-01119,ses-20261008-2547,딸기,1,strawberry_smoothie,2026-09-29T17:49:50Z
sch-01120,ses-20261008-2548,에이드,2,lemon_ade,2026-09-20T21:08:22Z
sch-01121,ses-20261008-2549,말차,4,matcha_latte,2026-10-06T20:48:00Z
sch-01122,ses-20261008-2551,아아,2,americano,2026-09-29T20:43:47Z
sch-01123,ses-20261008-2552,스무디,1,strawberry_smoothie,2026-10-01T21:33:48Z
sch-01124,ses-20261008-2553,디카페인,4,,2026-10-06T21:59:43Z
sch-01125,ses-20261008-2555,말차,1,,2026-10-09T04:42:52Z
sch-01126,ses-20261008-2559,말차,3,matcha_latte,2026-10-08T21:25:28Z
sch-01127,ses-20261008-2560,아아,1,,2026-10-04T16:22:29Z
sch-01128,ses-20261008-2561,아이스티,2,,2026-09-30T20:51:56Z
sch-01129,ses-20261008-2564,딸기,2,strawberry_smoothie,2026-10-02T21:23:05Z
sch-01130,ses-20261008-2566,밀크티,0,,2026-10-03T20:01:12Z
sch-01131,ses-20261008-2567,에이드,1,lemon_ade,2026-09-29T21:46:58Z
sch-01132,ses-20261008-2573,망고,1,mango_smoothie,2026-10-02T23:26:24Z
sch-01133,ses-20261008-2574,말차,3,matcha_latte,2026-09-30T16:29:03Z
sch-01134,ses-20261008-2575,디카페인,3,,2026-09-20T03:18:25Z
sch-01135,ses-20261008-2576,아아,2,,2026-09-22T20:37:33Z
sch-01136,ses-20261008-2579,에이드,4,,2026-09-21T16:34:59Z
sch-01137,ses-20261008-2582,샌드위치,0,,2026-10-08T00:47:52Z
sch-01138,ses-20261008-2584,디카페인,2,decaf_americano,2026-10-06T17:22:02Z
sch-01139,ses-20261008-2585,말차,3,matcha_latte,2026-10-02T16:27:26Z
sch-01140,ses-20261008-2587,아아,3,americano,2026-09-30T16:00:02Z
sch-01141,ses-20261008-2588,샌드위치,0,,2026-09-17T22:53:54Z
sch-01142,ses-20261008-2590,바닐라라떼,2,vanilla_latte,2026-09-28T17:03:09Z
sch-01143,ses-20261008-2591,딸기,4,,2026-10-05T00:27:57Z
sch-01144,ses-20261008-2593,아이스티,1,peach_iced_tea,2026-09-22T17:49:49Z
sch-01145,ses-20261008-2595,말차,4,,2026-10-04T23:40:13Z
sch-01146,ses-20261008-2598,스무디,1,strawberry_smoothie,2026-09-29T17:42:02Z
sch-01147,ses-20261008-2599,아아,3,americano,2026-10-05T21:26:54Z
sch-01148,ses-20261008-2602,아이스티,3,,2026-09-18T21:07:42Z
sch-01149,ses-20261008-2603,샌드위치,0,,2026-10-06T17:33:49Z
sch-01150,ses-20261008-2604,망고,2,,2026-10-08T22:32:33Z
sch-01151,ses-20261008-2605,콜드브루,4,coldbrew,2026-09-24T16:08:32Z
sch-01152,ses-20261008-2610,딸기,4,strawberry_smoothie,2026-10-04T23:14:33Z
sch-01153,ses-20261008-2612,딸기,3,strawberry_smoothie,2026-09-30T20:44:42Z
sch-01154,ses-20261008-2613,딸기,2,strawberry_smoothie,2026-09-24T20:27:31Z
sch-01155,ses-20261008-2615,에이드,1,,2026-10-04T22:32:33Z
sch-01156,ses-20261008-2618,딸기,1,strawberry_smoothie,2026-09-27T01:27:28Z
sch-01157,ses-20261008-2619,바닐라라떼,1,,2026-09-16T20:58:33Z
sch-01158,ses-20261008-2623,샌드위치,0,,2026-09-19T17:35:59Z
sch-01159,ses-20261008-2626,콜드브루,2,coldbrew,2026-09-20T21:03:59Z
sch-01160,ses-20261008-2629,아메리카노,3,americano,2026-09-22T17:36:07Z
sch-01161,ses-20261008-2631,라떼,1,cafe_latte,2026-10-02T16:04:34Z
sch-01162,ses-20261008-2636,아이스티,1,peach_iced_tea,2026-09-30T16:47:20Z
sch-01163,ses-20261008-2637,망고,2,mango_smoothie,2026-09-30T17:37:08Z
sch-01164,ses-20261008-2638,아메리카노,1,americano,2026-10-04T20:10:02Z
sch-01165,ses-20261008-2640,샌드위치,0,,2026-10-08T00:59:13Z
sch-01166,ses-20261008-2641,망고,3,,2026-09-18T22:57:24Z
sch-01167,ses-20261008-2643,말차,4,matcha_latte,2026-09-22T21:39:43Z
sch-01168,ses-20261008-2645,바닐라라떼,4,,2026-09-17T20:47:41Z
sch-01169,ses-20261008-2650,디카페인,3,decaf_americano,2026-10-06T03:23:38Z
sch-01170,ses-20261008-2652,스무디,4,strawberry_smoothie,2026-10-03T22:41:27Z
sch-01171,ses-20261008-2653,딸기,3,strawberry_smoothie,2026-09-26T17:38:10Z
sch-01172,ses-20261008-2654,콜드브루,4,,2026-10-04T03:58:29Z
sch-01173,ses-20261008-2655,에이드,1,lemon_ade,2026-10-01T17:08:15Z
sch-01174,ses-20261008-2657,말차,1,,2026-10-02T17:36:42Z
sch-01175,ses-20261008-2658,샌드위치,0,,2026-09-28T17:09:53Z
sch-01176,ses-20261008-2660,바닐라라떼,4,vanilla_latte,2026-09-19T03:23:48Z
sch-01177,ses-20261008-2661,샌드위치,0,,2026-10-08T20:36:08Z
sch-01178,ses-20261008-2663,샌드위치,0,,2026-10-05T20:03:10Z
sch-01179,ses-20261008-2665,망고,4,,2026-09-19T16:52:45Z
sch-01180,ses-20261008-2667,에이드,2,lemon_ade,2026-09-18T03:06:11Z
sch-01181,ses-20261008-2669,아이스티,2,peach_iced_tea,2026-09-25T04:30:44Z
sch-01182,ses-20261008-2671,에이드,1,lemon_ade,2026-10-03T16:26:51Z
sch-01183,ses-20261008-2673,바닐라라떼,2,vanilla_latte,2026-09-20T16:52:36Z
sch-01184,ses-20261008-2674,아메리카노,2,,2026-09-21T20:35:36Z
sch-01185,ses-20261008-2675,콜드브루,3,coldbrew,2026-10-01T17:34:43Z
sch-01186,ses-20261008-2678,말차,4,matcha_latte,2026-09-21T20:52:26Z
sch-01187,ses-20261008-2682,디카페인,4,decaf_americano,2026-09-18T00:37:38Z
sch-01188,ses-20261008-2684,샌드위치,0,,2026-09-16T17:56:04Z
sch-01189,ses-20261008-2685,샌드위치,0,,2026-10-07T04:00:38Z
sch-01190,ses-20261008-2687,콜드브루,3,,2026-09-29T01:27:37Z
sch-01191,ses-20261008-2688,바닐라라떼,2,vanilla_latte,2026-09-26T04:31:11Z
sch-01192,ses-20261008-2689,망고,2,mango_smoothie,2026-09-25T17:52:59Z
sch-01193,ses-20261008-2690,스무디,3,,2026-10-03T01:56:24Z
sch-01194,ses-20261008-2691,콜드브루,2,coldbrew,2026-09-19T02:27:53Z
sch-01195,ses-20261008-2695,아아,3,americano,2026-09-21T20:40:04Z
sch-01196,ses-20261008-2697,스무디,1,strawberry_smoothie,2026-09-29T21:13:43Z
sch-01197,ses-20261008-2699,아메리카노,1,americano,2026-10-01T16:50:17Z
sch-01198,ses-20261008-2700,아이스티,2,peach_iced_tea,2026-09-24T02:49:32Z
sch-01199,ses-20261008-2701,디카페인,4,decaf_americano,2026-09-24T01:44:18Z
sch-01200,ses-20261008-2710,밀크티,0,,2026-10-02T01:12:09Z
sch-01201,ses-20261008-2711,라떼,3,cafe_latte,2026-09-19T20:55:16Z
sch-01202,ses-20261008-2712,콜드브루,4,coldbrew,2026-09-16T22:25:42Z
sch-01203,ses-20261008-2713,바닐라라떼,2,vanilla_latte,2026-10-09T00:29:53Z
sch-01204,ses-20261008-2714,에이드,1,lemon_ade,2026-09-24T21:24:48Z
sch-01205,ses-20261008-2716,스무디,4,strawberry_smoothie,2026-10-07T22:04:07Z
sch-01206,ses-20261008-2718,아메리카노,4,,2026-10-03T23:43:43Z
sch-01207,ses-20261008-2719,바닐라라떼,4,vanilla_latte,2026-10-02T02:12:48Z
sch-01208,ses-20261008-2720,에이드,2,lemon_ade,2026-10-02T17:44:23Z
sch-01209,ses-20261008-2721,스무디,4,strawberry_smoothie,2026-09-21T22:40:02Z
sch-01210,ses-20261008-2722,망고,3,mango_smoothie,2026-09-29T21:54:55Z
sch-01211,ses-20261008-2724,아메리카노,3,americano,2026-09-20T17:53:10Z
sch-01212,ses-20261008-2725,바닐라라떼,3,,2026-09-29T20:41:36Z
sch-01213,ses-20261008-2732,아메리카노,2,,2026-09-15T21:36:01Z
sch-01214,ses-20261008-2733,스무디,2,,2026-09-20T17:48:53Z
sch-01215,ses-20261008-2734,아메리카노,2,americano,2026-09-27T02:03:02Z
sch-01216,ses-20261008-2735,딸기,4,,2026-09-30T17:03:39Z
sch-01217,ses-20261008-2742,디카페인,1,,2026-09-26T20:42:53Z
sch-01218,ses-20261008-2743,말차,2,,2026-09-27T02:42:31Z
sch-01219,ses-20261008-2746,콜드브루,4,,2026-10-01T21:41:19Z
sch-01220,ses-20261008-2748,밀크티,0,,2026-09-17T04:22:52Z
sch-01221,ses-20261008-2749,콜드브루,4,coldbrew,2026-09-23T20:27:46Z
sch-01222,ses-20261008-2752,에이드,3,,2026-10-07T20:25:09Z
sch-01223,ses-20261008-2758,바닐라라떼,3,vanilla_latte,2026-10-06T20:16:59Z
sch-01224,ses-20261008-2759,아아,2,americano,2026-09-23T20:16:20Z
sch-01225,ses-20261008-2760,아아,3,americano,2026-09-16T17:38:30Z
sch-01226,ses-20261008-2762,망고,4,mango_smoothie,2026-09-19T21:48:36Z
sch-01227,ses-20261008-2765,딸기,3,,2026-10-08T20:57:14Z
sch-01228,ses-20261008-2766,아아,3,,2026-09-18T22:44:59Z
sch-01229,ses-20261008-2767,망고,3,mango_smoothie,2026-10-07T17:56:25Z
sch-01230,ses-20261008-2768,딸기,3,strawberry_smoothie,2026-09-25T21:53:49Z
sch-01231,ses-20261008-2770,바닐라라떼,1,,2026-09-16T16:33:24Z
sch-01232,ses-20261008-2771,망고,3,mango_smoothie,2026-09-25T03:41:27Z
sch-01233,ses-20261008-2774,망고,1,mango_smoothie,2026-09-18T21:50:48Z
sch-01234,ses-20261008-2775,샌드위치,0,,2026-10-08T17:32:13Z
sch-01235,ses-20261008-2777,샌드위치,0,,2026-10-08T16:42:15Z
sch-01236,ses-20261008-2778,밀크티,0,,2026-10-01T20:20:26Z
sch-01237,ses-20261008-2779,콜드브루,3,coldbrew,2026-10-08T20:41:04Z
sch-01238,ses-20261008-2780,샌드위치,0,,2026-09-22T20:59:21Z
sch-01239,ses-20261008-2781,에이드,1,lemon_ade,2026-09-18T21:44:08Z
sch-01240,ses-20261008-2782,라떼,2,cafe_latte,2026-10-09T04:33:17Z
sch-01241,ses-20261008-2784,딸기,3,,2026-10-08T16:53:46Z
sch-01242,ses-20261008-2786,바닐라라떼,3,vanilla_latte,2026-09-20T21:16:41Z
sch-01243,ses-20261008-2788,아아,1,americano,2026-09-21T17:40:13Z
sch-01244,ses-20261008-2790,콜드브루,4,coldbrew,2026-10-01T00:55:56Z
sch-01245,ses-20261008-2794,망고,2,mango_smoothie,2026-09-27T17:28:26Z
sch-01246,ses-20261008-2796,디카페인,3,,2026-09-22T16:44:25Z
sch-01247,ses-20261008-2800,바닐라라떼,3,vanilla_latte,2026-10-03T20:41:29Z
sch-01248,ses-20261008-2803,말차,1,matcha_latte,2026-10-01T17:36:54Z
sch-01249,ses-20261008-2804,라떼,4,cafe_latte,2026-09-21T22:45:25Z
sch-01250,ses-20261008-2808,망고,1,mango_smoothie,2026-09-25T04:12:55Z
sch-01251,ses-20261008-2809,스무디,4,strawberry_smoothie,2026-10-07T17:53:26Z
sch-01252,ses-20261008-2811,밀크티,0,,2026-10-08T16:58:48Z
sch-01253,ses-20261008-2818,망고,2,mango_smoothie,2026-09-29T20:05:39Z
sch-01254,ses-20261008-2819,말차,1,matcha_latte,2026-10-08T20:13:37Z
sch-01255,ses-20261008-2820,콜드브루,4,coldbrew,2026-09-15T20:54:19Z
sch-01256,ses-20261008-2822,말차,2,matcha_latte,2026-10-08T03:04:03Z
sch-01257,ses-20261008-2823,스무디,1,,2026-09-18T16:57:50Z
sch-01258,ses-20261008-2826,딸기,3,strawberry_smoothie,2026-09-23T00:34:08Z
sch-01259,ses-20261008-2827,에이드,3,lemon_ade,2026-09-23T16:19:14Z
sch-01260,ses-20261008-2828,아아,3,americano,2026-09-24T23:14:03Z
sch-01261,ses-20261008-2830,밀크티,0,,2026-09-21T16:44:33Z
sch-01262,ses-20261008-2832,에이드,3,lemon_ade,2026-10-06T20:16:27Z
sch-01263,ses-20261008-2838,아메리카노,3,,2026-10-07T16:00:18Z
sch-01264,ses-20261008-2839,아아,1,americano,2026-09-19T04:59:00Z
sch-01265,ses-20261008-2840,디카페인,4,,2026-09-21T17:47:47Z
sch-01266,ses-20261008-2842,바닐라라떼,2,,2026-09-22T01:11:03Z
sch-01267,ses-20261008-2844,망고,2,mango_smoothie,2026-10-08T20:52:20Z
sch-01268,ses-20261008-2846,콜드브루,3,coldbrew,2026-10-07T21:40:35Z
sch-01269,ses-20261008-2853,스무디,4,strawberry_smoothie,2026-09-28T22:05:13Z
sch-01270,ses-20261008-2855,스무디,1,,2026-09-29T21:08:29Z
sch-01271,ses-20261008-2857,콜드브루,1,,2026-09-18T23:24:41Z
sch-01272,ses-20261008-2860,아아,4,americano,2026-10-04T20:55:23Z
sch-01273,ses-20261008-2865,밀크티,0,,2026-10-06T21:01:46Z
sch-01274,ses-20261008-2866,아메리카노,4,americano,2026-09-18T01:34:02Z
sch-01275,ses-20261008-2867,말차,3,matcha_latte,2026-09-19T16:08:15Z
sch-01276,ses-20261008-2868,아이스티,2,peach_iced_tea,2026-09-15T20:05:56Z
sch-01277,ses-20261008-2869,말차,4,matcha_latte,2026-10-02T17:54:38Z
sch-01278,ses-20261008-2872,콜드브루,4,coldbrew,2026-10-04T17:50:54Z
sch-01279,ses-20261008-2877,바닐라라떼,3,vanilla_latte,2026-10-08T20:16:30Z
sch-01280,ses-20261008-2880,망고,4,mango_smoothie,2026-09-29T03:10:39Z
sch-01281,ses-20261008-2882,에이드,3,lemon_ade,2026-09-28T21:59:20Z
sch-01282,ses-20261008-2883,라떼,2,cafe_latte,2026-09-21T16:53:08Z
sch-01283,ses-20261008-2884,바닐라라떼,4,vanilla_latte,2026-10-02T04:32:54Z
sch-01284,ses-20261008-2885,아이스티,2,peach_iced_tea,2026-09-16T17:37:48Z
sch-01285,ses-20261008-2886,딸기,2,strawberry_smoothie,2026-09-21T02:13:12Z
sch-01286,ses-20261008-2890,디카페인,1,decaf_americano,2026-10-06T03:00:28Z
sch-01287,ses-20261008-2891,아이스티,3,,2026-09-20T17:27:45Z
sch-01288,ses-20261008-2892,라떼,1,cafe_latte,2026-10-05T04:49:42Z
sch-01289,ses-20261008-2897,아이스티,1,peach_iced_tea,2026-10-08T20:17:14Z
sch-01290,ses-20261008-2898,아아,1,americano,2026-09-27T16:55:25Z
sch-01291,ses-20261008-2903,디카페인,1,decaf_americano,2026-10-06T01:57:20Z
sch-01292,ses-20261008-2905,밀크티,0,,2026-09-21T16:23:41Z
sch-01293,ses-20261008-2906,망고,1,mango_smoothie,2026-09-23T22:47:50Z
sch-01294,ses-20261008-2909,딸기,3,strawberry_smoothie,2026-09-23T03:48:40Z
sch-01295,ses-20261008-2913,망고,4,mango_smoothie,2026-09-25T01:20:35Z
sch-01296,ses-20261008-2914,스무디,4,strawberry_smoothie,2026-09-27T04:51:50Z
sch-01297,ses-20261008-2915,콜드브루,3,,2026-09-23T01:55:25Z
sch-01298,ses-20261008-2916,스무디,1,,2026-09-18T20:43:59Z
sch-01299,ses-20261008-2918,말차,4,,2026-09-22T16:24:59Z
sch-01300,ses-20261008-2919,딸기,1,,2026-09-20T02:27:30Z
sch-01301,ses-20261008-2920,콜드브루,1,coldbrew,2026-09-23T21:05:56Z
sch-01302,ses-20261008-2922,콜드브루,1,coldbrew,2026-10-05T20:19:17Z
sch-01303,ses-20261008-2923,딸기,1,,2026-09-29T23:04:59Z
sch-01304,ses-20261008-2927,말차,4,matcha_latte,2026-09-24T16:42:29Z
sch-01305,ses-20261008-2928,샌드위치,0,,2026-09-30T22:02:48Z
sch-01306,ses-20261008-2929,콜드브루,1,coldbrew,2026-10-04T16:59:43Z
sch-01307,ses-20261008-2931,아메리카노,3,,2026-09-18T17:59:21Z
sch-01308,ses-20261008-2937,밀크티,0,,2026-09-30T17:03:09Z
sch-01309,ses-20261008-2939,에이드,1,lemon_ade,2026-10-03T21:52:11Z
sch-01310,ses-20261008-2942,에이드,3,,2026-09-24T04:14:13Z
sch-01311,ses-20261008-2946,아메리카노,1,americano,2026-09-21T16:51:55Z
sch-01312,ses-20261008-2948,아이스티,2,peach_iced_tea,2026-10-06T01:58:12Z
sch-01313,ses-20261008-2949,바닐라라떼,2,vanilla_latte,2026-09-21T17:47:38Z
sch-01314,ses-20261008-2950,샌드위치,0,,2026-09-16T17:54:07Z
sch-01315,ses-20261008-2951,에이드,3,lemon_ade,2026-10-01T16:17:31Z
sch-01316,ses-20261008-2952,콜드브루,2,coldbrew,2026-09-22T16:04:06Z
sch-01317,ses-20261008-2955,딸기,3,strawberry_smoothie,2026-09-30T16:15:51Z
sch-01318,ses-20261008-2957,콜드브루,1,coldbrew,2026-10-07T16:09:29Z
sch-01319,ses-20261008-2959,아아,1,americano,2026-09-25T21:16:25Z
sch-01320,ses-20261008-2960,아아,1,americano,2026-09-19T04:33:51Z
sch-01321,ses-20261008-2961,딸기,3,strawberry_smoothie,2026-10-05T16:31:02Z
sch-01322,ses-20261008-2964,아아,1,,2026-09-30T03:23:27Z
sch-01323,ses-20261008-2969,딸기,3,strawberry_smoothie,2026-10-08T16:36:55Z
sch-01324,ses-20261008-2971,딸기,1,strawberry_smoothie,2026-09-26T16:17:19Z
sch-01325,ses-20261008-2972,밀크티,0,,2026-09-22T16:56:06Z
sch-01326,ses-20261008-2977,스무디,3,strawberry_smoothie,2026-10-08T17:03:23Z
sch-01327,ses-20261008-2979,에이드,2,lemon_ade,2026-09-19T22:13:11Z
sch-01328,ses-20261008-2980,스무디,2,strawberry_smoothie,2026-10-05T21:54:43Z
sch-01329,ses-20261008-2983,아아,1,,2026-09-17T20:48:53Z
sch-01330,ses-20261008-2985,아메리카노,4,americano,2026-09-25T03:35:46Z
sch-01331,ses-20261008-2986,밀크티,0,,2026-10-07T20:28:56Z
sch-01332,ses-20261008-2987,아아,3,americano,2026-09-22T23:45:17Z
sch-01333,ses-20261008-2988,라떼,1,,2026-10-03T16:05:00Z
sch-01334,ses-20261008-2989,아이스티,1,peach_iced_tea,2026-10-02T21:02:32Z
sch-01335,ses-20261008-2990,아아,4,americano,2026-09-18T16:48:41Z
sch-01336,ses-20261008-2991,에이드,3,,2026-09-26T22:28:48Z
sch-01337,ses-20261008-2993,아메리카노,4,americano,2026-09-20T23:52:43Z
sch-01338,ses-20261008-2995,샌드위치,0,,2026-10-03T20:14:06Z
sch-01339,ses-20261008-2996,밀크티,0,,2026-09-29T03:30:03Z
sch-01340,ses-20261008-2999,아메리카노,2,,2026-09-29T20:44:24Z
sch-01341,ses-20261008-3001,아메리카노,3,americano,2026-09-16T17:51:59Z
sch-01342,ses-20261008-3005,에이드,1,,2026-09-24T04:26:31Z
sch-01343,ses-20261008-3006,에이드,2,,2026-10-07T20:02:17Z
sch-01344,ses-20261008-3008,말차,2,matcha_latte,2026-09-16T16:46:21Z
sch-01345,ses-20261008-3010,딸기,3,strawberry_smoothie,2026-10-03T01:33:23Z
sch-01346,ses-20261008-3011,샌드위치,0,,2026-09-18T04:44:50Z
sch-01347,ses-20261008-3014,디카페인,1,decaf_americano,2026-09-17T23:17:16Z
sch-01348,ses-20261008-3017,아아,2,americano,2026-09-18T01:42:24Z
sch-01349,ses-20261008-3018,샌드위치,0,,2026-09-24T21:42:57Z
sch-01350,ses-20261008-3020,아아,4,americano,2026-09-21T20:52:32Z
sch-01351,ses-20261008-3021,딸기,3,,2026-09-29T21:24:42Z
sch-01352,ses-20261008-3023,아메리카노,3,americano,2026-10-04T16:21:53Z
sch-01353,ses-20261008-3024,말차,3,matcha_latte,2026-09-21T22:01:34Z
sch-01354,ses-20261008-3027,바닐라라떼,2,vanilla_latte,2026-09-17T17:49:00Z
sch-01355,ses-20261008-3030,바닐라라떼,3,,2026-09-27T16:12:59Z
sch-01356,ses-20261008-3031,아아,1,americano,2026-09-23T21:16:59Z
sch-01357,ses-20261008-3032,망고,2,mango_smoothie,2026-09-26T16:43:00Z
sch-01358,ses-20261008-3034,바닐라라떼,4,vanilla_latte,2026-10-01T16:24:27Z
sch-01359,ses-20261008-3038,아메리카노,2,americano,2026-09-15T20:55:27Z
sch-01360,ses-20261008-3039,콜드브루,1,,2026-10-06T21:22:50Z
sch-01361,ses-20261008-3040,에이드,3,lemon_ade,2026-10-05T17:18:20Z
sch-01362,ses-20261008-3044,밀크티,0,,2026-09-20T17:48:07Z
sch-01363,ses-20261008-3046,밀크티,0,,2026-09-26T16:23:23Z
sch-01364,ses-20261008-3047,말차,3,matcha_latte,2026-09-20T23:39:28Z
sch-01365,ses-20261008-3049,아이스티,1,peach_iced_tea,2026-10-08T21:56:53Z
sch-01366,ses-20261008-3050,에이드,1,lemon_ade,2026-09-16T16:13:26Z
sch-01367,ses-20261008-3054,아아,2,americano,2026-10-02T23:03:07Z
sch-01368,ses-20261008-3055,밀크티,0,,2026-10-06T22:22:51Z
sch-01369,ses-20261008-3056,아이스티,1,peach_iced_tea,2026-09-27T21:00:42Z
sch-01370,ses-20261008-3061,콜드브루,3,coldbrew,2026-10-08T17:52:51Z
sch-01371,ses-20261008-3065,아메리카노,3,,2026-09-27T04:40:59Z
sch-01372,ses-20261008-3066,딸기,4,strawberry_smoothie,2026-10-01T21:41:26Z
sch-01373,ses-20261008-3067,스무디,1,strawberry_smoothie,2026-09-22T20:46:02Z
sch-01374,ses-20261008-3069,샌드위치,0,,2026-09-22T20:06:33Z
sch-01375,ses-20261008-3070,에이드,4,lemon_ade,2026-09-16T17:14:44Z
sch-01376,ses-20261008-3071,아메리카노,2,americano,2026-10-05T21:53:08Z
sch-01377,ses-20261008-3073,샌드위치,0,,2026-09-26T04:38:50Z
sch-01378,ses-20261008-3074,아아,3,americano,2026-09-26T21:47:00Z
sch-01379,ses-20261008-3075,딸기,1,strawberry_smoothie,2026-09-28T00:53:06Z
sch-01380,ses-20261008-3077,스무디,4,,2026-09-16T20:01:48Z
sch-01381,ses-20261008-3078,스무디,4,,2026-09-16T21:48:17Z
sch-01382,ses-20261008-3081,망고,1,,2026-10-03T17:15:47Z
sch-01383,ses-20261008-3084,샌드위치,0,,2026-09-19T04:38:43Z
sch-01384,ses-20261008-3085,아아,4,americano,2026-10-05T23:50:51Z
sch-01385,ses-20261008-3088,바닐라라떼,4,vanilla_latte,2026-09-25T04:45:16Z
sch-01386,ses-20261008-3089,밀크티,0,,2026-09-22T16:59:41Z
sch-01387,ses-20261008-3097,샌드위치,0,,2026-09-23T17:03:32Z
sch-01388,ses-20261008-3098,아메리카노,3,,2026-10-01T21:30:07Z
sch-01389,ses-20261008-3099,밀크티,0,,2026-09-21T04:50:51Z
sch-01390,ses-20261008-3101,딸기,3,strawberry_smoothie,2026-09-27T04:55:48Z
sch-01391,ses-20261008-3103,라떼,2,,2026-09-18T22:07:21Z
sch-01392,ses-20261008-3105,아메리카노,2,americano,2026-10-02T17:51:45Z
sch-01393,ses-20261008-3106,딸기,1,strawberry_smoothie,2026-09-19T20:17:13Z
sch-01394,ses-20261008-3107,콜드브루,4,coldbrew,2026-09-24T16:19:53Z
sch-01395,ses-20261008-3108,말차,4,matcha_latte,2026-10-08T17:17:59Z
sch-01396,ses-20261008-3109,디카페인,2,decaf_americano,2026-09-18T17:58:34Z
sch-01397,ses-20261008-3118,딸기,2,strawberry_smoothie,2026-10-04T21:09:36Z
sch-01398,ses-20261008-3119,밀크티,0,,2026-09-18T17:53:06Z
sch-01399,ses-20261008-3120,아아,2,americano,2026-09-20T16:14:42Z
sch-01400,ses-20261008-3122,아메리카노,1,americano,2026-09-17T16:38:52Z
sch-01401,ses-20261008-3124,밀크티,0,,2026-09-28T16:38:52Z
sch-01402,ses-20261008-3125,라떼,1,cafe_latte,2026-10-07T04:33:08Z
sch-01403,ses-20261008-3129,밀크티,0,,2026-09-17T21:50:33Z
sch-01404,ses-20261008-3132,아이스티,1,,2026-09-21T02:32:21Z
sch-01405,ses-20261008-3134,디카페인,2,decaf_americano,2026-09-21T16:51:28Z
sch-01406,ses-20261008-3136,에이드,3,lemon_ade,2026-09-24T17:12:34Z
sch-01407,ses-20261008-3138,콜드브루,3,,2026-09-21T16:05:22Z
sch-01408,ses-20261008-3141,스무디,2,strawberry_smoothie,2026-09-24T04:26:59Z
sch-01409,ses-20261008-3142,아아,1,americano,2026-09-29T21:04:31Z
sch-01410,ses-20261008-3144,스무디,2,strawberry_smoothie,2026-10-07T03:57:25Z
sch-01411,ses-20261008-3145,콜드브루,1,,2026-09-28T21:27:26Z
sch-01412,ses-20261008-3146,아아,2,americano,2026-10-07T21:44:51Z
sch-01413,ses-20261008-3147,망고,2,mango_smoothie,2026-10-08T21:44:16Z
sch-01414,ses-20261008-3151,콜드브루,1,coldbrew,2026-09-17T00:06:59Z
sch-01415,ses-20261008-3152,에이드,3,,2026-09-15T20:20:54Z
sch-01416,ses-20261008-3155,밀크티,0,,2026-09-22T01:14:56Z
sch-01417,ses-20261008-3156,샌드위치,0,,2026-09-18T16:53:45Z
sch-01418,ses-20261008-3157,밀크티,0,,2026-09-19T00:52:12Z
sch-01419,ses-20261008-3158,디카페인,3,decaf_americano,2026-10-04T20:50:42Z
sch-01420,ses-20261008-3160,아아,4,americano,2026-10-06T17:56:41Z
sch-01421,ses-20261008-3161,아아,2,americano,2026-09-30T17:28:14Z
sch-01422,ses-20261008-3162,아메리카노,1,americano,2026-09-25T22:17:08Z
sch-01423,ses-20261008-3163,에이드,4,lemon_ade,2026-09-30T21:14:12Z
sch-01424,ses-20261008-3165,밀크티,0,,2026-10-05T16:03:37Z
sch-01425,ses-20261008-3169,콜드브루,3,coldbrew,2026-09-30T21:49:52Z
sch-01426,ses-20261008-3170,망고,4,,2026-09-18T20:06:49Z
sch-01427,ses-20261008-3171,라떼,4,,2026-09-18T21:48:19Z
sch-01428,ses-20261008-3173,말차,4,matcha_latte,2026-09-30T21:57:16Z
sch-01429,ses-20261008-3174,에이드,1,lemon_ade,2026-09-30T17:37:26Z
sch-01430,ses-20261008-3175,말차,4,,2026-09-26T04:45:45Z
sch-01431,ses-20261008-3179,망고,4,mango_smoothie,2026-10-01T21:42:21Z
sch-01432,ses-20261008-3182,디카페인,4,,2026-09-19T21:01:02Z
sch-01433,ses-20261008-3184,망고,2,,2026-10-04T03:45:56Z
sch-01434,ses-20261008-3187,아이스티,4,peach_iced_tea,2026-09-24T04:50:04Z
sch-01435,ses-20261008-3189,라떼,2,cafe_latte,2026-09-27T21:56:26Z
sch-01436,ses-20261008-3191,말차,1,matcha_latte,2026-09-22T21:28:33Z
sch-01437,ses-20261008-3195,말차,3,matcha_latte,2026-09-28T02:17:53Z
sch-01438,ses-20261008-3196,아메리카노,3,americano,2026-10-09T02:58:10Z
sch-01439,ses-20261008-3197,딸기,1,strawberry_smoothie,2026-10-08T00:15:55Z
sch-01440,ses-20261008-3200,아이스티,4,peach_iced_tea,2026-09-18T17:38:00Z
sch-01441,ses-20261008-3205,스무디,4,strawberry_smoothie,2026-10-04T16:10:01Z
sch-01442,ses-20261008-3206,디카페인,2,,2026-10-08T04:25:12Z
sch-01443,ses-20261008-3208,망고,1,,2026-09-17T20:56:11Z
sch-01444,ses-20261008-3212,스무디,1,strawberry_smoothie,2026-09-18T17:24:45Z
sch-01445,ses-20261008-3215,딸기,4,strawberry_smoothie,2026-10-06T21:32:35Z
sch-01446,ses-20261008-3216,바닐라라떼,3,vanilla_latte,2026-09-27T16:18:11Z
sch-01447,ses-20261008-3218,밀크티,0,,2026-10-03T17:47:38Z
sch-01448,ses-20261008-3222,말차,1,,2026-09-23T21:42:25Z
sch-01449,ses-20261008-3223,디카페인,1,decaf_americano,2026-09-23T16:16:56Z
sch-01450,ses-20261008-3224,아메리카노,4,americano,2026-09-26T02:48:03Z
sch-01451,ses-20261008-3226,아아,1,americano,2026-09-30T16:57:32Z
sch-01452,ses-20261008-3228,에이드,3,lemon_ade,2026-09-29T01:15:27Z
sch-01453,ses-20261008-3233,에이드,2,lemon_ade,2026-10-08T21:48:33Z
sch-01454,ses-20261008-3235,바닐라라떼,1,,2026-09-16T16:01:45Z
sch-01455,ses-20261008-3236,디카페인,4,decaf_americano,2026-09-27T16:55:29Z
sch-01456,ses-20261008-3237,딸기,1,strawberry_smoothie,2026-10-05T17:17:37Z
sch-01457,ses-20261008-3238,스무디,2,,2026-10-06T16:59:04Z
sch-01458,ses-20261008-3239,망고,3,,2026-10-05T17:01:52Z
sch-01459,ses-20261008-3241,스무디,2,,2026-09-17T21:17:19Z
sch-01460,ses-20261008-3243,말차,2,matcha_latte,2026-10-04T21:25:44Z
sch-01461,ses-20261008-3247,망고,4,mango_smoothie,2026-09-24T17:31:01Z
sch-01462,ses-20261008-3248,망고,3,mango_smoothie,2026-09-30T16:03:50Z
sch-01463,ses-20261008-3249,딸기,2,strawberry_smoothie,2026-09-24T23:54:08Z
sch-01464,ses-20261008-3252,딸기,4,strawberry_smoothie,2026-09-30T22:52:01Z
sch-01465,ses-20261008-3253,바닐라라떼,2,,2026-10-05T20:31:09Z
sch-01466,ses-20261008-3254,스무디,3,strawberry_smoothie,2026-09-30T20:14:38Z
sch-01467,ses-20261008-3256,바닐라라떼,4,vanilla_latte,2026-09-18T22:45:46Z
sch-01468,ses-20261008-3257,아아,4,americano,2026-09-21T01:49:02Z
sch-01469,ses-20261008-3260,콜드브루,1,,2026-09-20T17:58:53Z
sch-01470,ses-20261008-3263,에이드,3,lemon_ade,2026-10-01T20:06:48Z
sch-01471,ses-20261008-3269,샌드위치,0,,2026-09-25T21:33:15Z
sch-01472,ses-20261008-3270,샌드위치,0,,2026-10-06T16:43:54Z
sch-01473,ses-20261008-3271,에이드,4,lemon_ade,2026-09-19T16:23:24Z
sch-01474,ses-20261008-3272,스무디,4,,2026-09-21T20:15:45Z
sch-01475,ses-20261008-3273,밀크티,0,,2026-10-05T17:42:45Z
sch-01476,ses-20261008-3274,밀크티,0,,2026-09-26T20:11:35Z
sch-01477,ses-20261008-3276,콜드브루,4,coldbrew,2026-09-23T16:18:26Z
sch-01478,ses-20261008-3277,에이드,1,lemon_ade,2026-09-19T21:29:36Z
sch-01479,ses-20261008-3278,밀크티,0,,2026-09-22T21:03:54Z
sch-01480,ses-20261008-3279,말차,1,matcha_latte,2026-09-16T21:57:46Z
sch-01481,ses-20261008-3280,라떼,2,cafe_latte,2026-09-30T16:50:41Z
sch-01482,ses-20261008-3283,아이스티,3,peach_iced_tea,2026-09-28T16:17:57Z
sch-01483,ses-20261008-3285,스무디,2,strawberry_smoothie,2026-09-18T21:46:22Z
sch-01484,ses-20261008-3286,에이드,4,lemon_ade,2026-09-24T16:34:01Z
sch-01485,ses-20261008-3288,라떼,2,,2026-09-15T20:08:22Z
sch-01486,ses-20261008-3290,라떼,3,cafe_latte,2026-09-24T21:42:01Z
sch-01487,ses-20261008-3293,아메리카노,2,americano,2026-10-05T21:52:08Z
sch-01488,ses-20261008-3298,망고,4,mango_smoothie,2026-10-01T16:00:28Z
sch-01489,ses-20261008-3299,스무디,2,,2026-09-28T20:09:48Z
sch-01490,ses-20261008-3303,밀크티,0,,2026-09-16T00:38:09Z
sch-01491,ses-20261008-3304,콜드브루,4,,2026-09-20T17:14:28Z
sch-01492,ses-20261008-3306,에이드,2,lemon_ade,2026-09-30T17:10:22Z
sch-01493,ses-20261008-3307,바닐라라떼,3,,2026-10-01T17:33:59Z
sch-01494,ses-20261008-3308,에이드,3,,2026-09-22T21:38:58Z
sch-01495,ses-20261008-3310,바닐라라떼,1,vanilla_latte,2026-09-28T17:25:16Z
sch-01496,ses-20261008-3311,스무디,3,strawberry_smoothie,2026-09-23T20:11:23Z
sch-01497,ses-20261008-3312,밀크티,0,,2026-09-25T02:28:51Z
sch-01498,ses-20261008-3314,말차,3,matcha_latte,2026-10-03T17:42:08Z
sch-01499,ses-20261008-3315,밀크티,0,,2026-09-24T20:07:00Z
sch-01500,ses-20261008-3321,아아,4,americano,2026-09-30T20:04:22Z
sch-01501,ses-20261008-3323,스무디,4,strawberry_smoothie,2026-09-30T04:28:37Z
sch-01502,ses-20261008-3325,디카페인,3,,2026-09-23T17:33:26Z
sch-01503,ses-20261008-3327,아이스티,1,peach_iced_tea,2026-10-08T20:26:32Z
sch-01504,ses-20261008-3328,콜드브루,4,coldbrew,2026-10-07T02:38:36Z
sch-01505,ses-20261008-3330,망고,3,mango_smoothie,2026-10-08T01:09:49Z
sch-01506,ses-20261008-3334,아아,4,americano,2026-09-30T00:45:22Z
sch-01507,ses-20261008-3339,스무디,2,strawberry_smoothie,2026-10-02T21:23:46Z
sch-01508,ses-20261008-3341,딸기,1,strawberry_smoothie,2026-09-19T23:20:46Z
sch-01509,ses-20261008-3342,콜드브루,1,coldbrew,2026-10-05T17:07:10Z
sch-01510,ses-20261008-3344,아이스티,2,,2026-09-29T20:41:17Z
sch-01511,ses-20261008-3346,아아,2,americano,2026-09-20T17:16:35Z
sch-01512,ses-20261008-3347,아아,3,americano,2026-09-29T16:54:26Z
sch-01513,ses-20261008-3350,스무디,1,strawberry_smoothie,2026-09-25T20:36:43Z
sch-01514,ses-20261008-3352,바닐라라떼,1,vanilla_latte,2026-09-20T00:46:06Z
sch-01515,ses-20261008-3353,망고,1,,2026-10-03T03:46:00Z
sch-01516,ses-20261008-3355,스무디,2,strawberry_smoothie,2026-09-22T21:53:37Z
sch-01517,ses-20261008-3356,밀크티,0,,2026-09-22T16:04:51Z
sch-01518,ses-20261008-3357,샌드위치,0,,2026-10-08T21:23:06Z
sch-01519,ses-20261008-3359,말차,4,matcha_latte,2026-09-18T23:52:27Z
sch-01520,ses-20261008-3361,스무디,2,strawberry_smoothie,2026-09-22T21:02:38Z
sch-01521,ses-20261008-3362,디카페인,2,decaf_americano,2026-09-23T16:30:45Z
sch-01522,ses-20261008-3367,디카페인,2,,2026-09-24T23:40:26Z
sch-01523,ses-20261008-3369,말차,1,matcha_latte,2026-10-07T03:47:39Z
sch-01524,ses-20261008-3373,콜드브루,3,coldbrew,2026-09-23T02:24:17Z
sch-01525,ses-20261008-3375,밀크티,0,,2026-09-19T20:21:50Z
sch-01526,ses-20261008-3378,말차,3,,2026-09-17T17:30:33Z
sch-01527,ses-20261008-3379,말차,3,matcha_latte,2026-09-27T16:17:34Z
sch-01528,ses-20261008-3381,말차,4,,2026-09-21T00:20:08Z
sch-01529,ses-20261008-3390,콜드브루,3,coldbrew,2026-09-28T23:46:38Z
sch-01530,ses-20261008-3394,아아,4,americano,2026-09-18T21:03:43Z
sch-01531,ses-20261008-3395,아아,3,,2026-09-17T01:18:20Z
sch-01532,ses-20261008-3397,밀크티,0,,2026-09-25T03:44:49Z
sch-01533,ses-20261008-3400,딸기,3,strawberry_smoothie,2026-10-08T20:44:53Z
sch-01534,ses-20261008-3402,라떼,1,,2026-10-05T21:12:16Z
sch-01535,ses-20261008-3403,딸기,1,strawberry_smoothie,2026-10-02T01:15:47Z
sch-01536,ses-20261008-3405,망고,4,mango_smoothie,2026-09-30T00:25:39Z
sch-01537,ses-20261008-3408,스무디,2,strawberry_smoothie,2026-10-04T17:46:03Z
sch-01538,ses-20261008-3409,콜드브루,3,coldbrew,2026-09-29T16:14:37Z
sch-01539,ses-20261008-3410,콜드브루,3,coldbrew,2026-09-17T01:53:20Z
sch-01540,ses-20261008-3413,밀크티,0,,2026-10-05T17:44:44Z
sch-01541,ses-20261008-3414,말차,3,matcha_latte,2026-09-22T01:14:08Z
sch-01542,ses-20261008-3415,바닐라라떼,2,vanilla_latte,2026-10-08T23:55:35Z
sch-01543,ses-20261008-3416,말차,3,matcha_latte,2026-10-01T21:36:47Z
sch-01544,ses-20261008-3417,밀크티,0,,2026-09-29T16:26:15Z
sch-01545,ses-20261008-3423,스무디,3,strawberry_smoothie,2026-09-21T16:49:03Z
sch-01546,ses-20261008-3425,딸기,1,strawberry_smoothie,2026-10-08T17:12:57Z
sch-01547,ses-20261008-3426,밀크티,0,,2026-09-25T17:29:41Z
sch-01548,ses-20261008-3427,아이스티,2,peach_iced_tea,2026-09-24T17:29:37Z
sch-01549,ses-20261008-3428,샌드위치,0,,2026-09-28T20:25:23Z
sch-01550,ses-20261008-3430,스무디,3,strawberry_smoothie,2026-10-08T21:20:09Z
sch-01551,ses-20261008-3431,망고,2,mango_smoothie,2026-10-05T16:40:22Z
sch-01552,ses-20261008-3432,아메리카노,4,,2026-09-16T17:22:17Z
sch-01553,ses-20261008-3434,밀크티,0,,2026-09-16T21:56:00Z
sch-01554,ses-20261008-3436,디카페인,4,decaf_americano,2026-10-01T17:08:52Z
sch-01555,ses-20261008-3437,말차,1,,2026-09-22T21:58:22Z
sch-01556,ses-20261008-3438,샌드위치,0,,2026-09-22T21:57:42Z
sch-01557,ses-20261008-3439,아이스티,2,peach_iced_tea,2026-10-02T21:50:03Z
sch-01558,ses-20261008-3454,밀크티,0,,2026-10-09T04:59:07Z
sch-01559,ses-20261008-3456,아메리카노,2,americano,2026-10-06T04:24:42Z
sch-01560,ses-20261008-3457,콜드브루,2,coldbrew,2026-09-17T22:24:31Z
sch-01561,ses-20261008-3458,라떼,1,cafe_latte,2026-10-01T22:00:33Z
sch-01562,ses-20261008-3459,딸기,3,strawberry_smoothie,2026-09-24T20:33:12Z
sch-01563,ses-20261008-3462,아메리카노,3,americano,2026-09-27T17:04:02Z
sch-01564,ses-20261008-3464,말차,2,matcha_latte,2026-10-08T16:36:20Z
sch-01565,ses-20261008-3466,아메리카노,4,,2026-10-09T03:47:44Z
sch-01566,ses-20261008-3468,스무디,2,strawberry_smoothie,2026-09-26T21:37:53Z
sch-01567,ses-20261008-3469,아아,1,,2026-09-28T02:27:45Z
sch-01568,ses-20261008-3472,아메리카노,4,americano,2026-09-20T16:55:29Z
sch-01569,ses-20261008-3473,라떼,2,,2026-09-15T21:34:25Z
sch-01570,ses-20261008-3474,콜드브루,1,coldbrew,2026-09-16T01:17:08Z
sch-01571,ses-20261008-3476,아메리카노,3,americano,2026-10-02T21:40:17Z
sch-01572,ses-20261008-3482,스무디,1,,2026-10-08T21:15:45Z
sch-01573,ses-20261008-3483,콜드브루,1,,2026-09-27T04:57:54Z
sch-01574,ses-20261008-3484,샌드위치,0,,2026-10-07T20:02:39Z
sch-01575,ses-20261008-3487,밀크티,0,,2026-09-21T17:42:34Z
sch-01576,ses-20261008-3492,아메리카노,3,americano,2026-09-23T21:41:40Z
sch-01577,ses-20261008-3493,아이스티,4,,2026-09-18T21:51:02Z
sch-01578,ses-20261008-3496,말차,3,matcha_latte,2026-09-30T17:33:47Z
sch-01579,ses-20261008-3500,말차,3,matcha_latte,2026-09-25T21:38:37Z
sch-01580,ses-20261008-3502,샌드위치,0,,2026-09-17T17:29:52Z
sch-01581,ses-20261008-3503,망고,4,mango_smoothie,2026-09-27T21:12:44Z
sch-01582,ses-20261008-3505,아이스티,4,peach_iced_tea,2026-10-07T16:51:36Z
sch-01583,ses-20261008-3506,망고,4,,2026-09-21T03:15:07Z
sch-01584,ses-20261008-3507,라떼,1,cafe_latte,2026-10-01T22:56:57Z
sch-01585,ses-20261008-3511,망고,2,mango_smoothie,2026-09-23T21:29:22Z
sch-01586,ses-20261008-3513,스무디,4,strawberry_smoothie,2026-09-27T16:57:32Z
sch-01587,ses-20261008-3514,아아,1,,2026-09-17T21:55:27Z
sch-01588,ses-20261008-3516,콜드브루,2,coldbrew,2026-09-18T17:44:32Z
sch-01589,ses-20261008-3519,샌드위치,0,,2026-10-02T03:43:10Z
sch-01590,ses-20261008-3520,콜드브루,4,coldbrew,2026-09-29T17:19:15Z
sch-01591,ses-20261008-3522,아아,2,,2026-10-06T16:11:43Z
sch-01592,ses-20261008-3523,아아,1,americano,2026-10-08T04:33:11Z
sch-01593,ses-20261008-3527,망고,4,mango_smoothie,2026-09-22T20:25:52Z
sch-01594,ses-20261008-3528,아아,2,americano,2026-09-19T20:27:57Z
sch-01595,ses-20261008-3529,스무디,3,strawberry_smoothie,2026-10-03T20:34:46Z
sch-01596,ses-20261008-3530,콜드브루,2,coldbrew,2026-10-05T04:20:52Z
sch-01597,ses-20261008-3532,딸기,4,strawberry_smoothie,2026-09-17T16:19:56Z
sch-01598,ses-20261008-3535,망고,1,mango_smoothie,2026-09-29T17:25:04Z
sch-01599,ses-20261008-3538,샌드위치,0,,2026-09-17T16:15:20Z
sch-01600,ses-20261008-3539,망고,3,mango_smoothie,2026-09-30T20:40:06Z
sch-01601,ses-20261008-3540,아메리카노,1,,2026-09-28T20:00:38Z
sch-01602,ses-20261008-3541,아이스티,2,peach_iced_tea,2026-09-28T17:34:02Z
sch-01603,ses-20261008-3543,라떼,2,cafe_latte,2026-09-26T17:56:51Z
sch-01604,ses-20261008-3545,아아,4,,2026-09-23T16:00:38Z
sch-01605,ses-20261008-3546,아아,1,americano,2026-10-05T20:22:43Z
sch-01606,ses-20261008-3547,에이드,4,lemon_ade,2026-09-15T16:15:46Z
sch-01607,ses-20261008-3548,바닐라라떼,2,,2026-09-22T16:51:27Z
sch-01608,ses-20261008-3551,바닐라라떼,2,vanilla_latte,2026-10-02T16:46:10Z
sch-01609,ses-20261008-3552,밀크티,0,,2026-09-19T20:37:21Z
sch-01610,ses-20261008-3553,딸기,3,strawberry_smoothie,2026-09-15T20:14:52Z
sch-01611,ses-20261008-3556,망고,3,mango_smoothie,2026-09-18T21:56:48Z
sch-01612,ses-20261008-3560,콜드브루,3,coldbrew,2026-09-17T17:13:43Z
sch-01613,ses-20261008-3561,아이스티,1,,2026-09-28T17:42:28Z
sch-01614,ses-20261008-3565,밀크티,0,,2026-09-21T04:26:03Z
sch-01615,ses-20261008-3566,아이스티,3,peach_iced_tea,2026-09-22T01:30:20Z
sch-01616,ses-20261008-3568,스무디,1,strawberry_smoothie,2026-09-24T02:45:26Z
sch-01617,ses-20261008-3570,밀크티,0,,2026-10-08T16:15:43Z
sch-01618,ses-20261008-3572,샌드위치,0,,2026-10-08T02:18:37Z
sch-01619,ses-20261008-3573,라떼,2,cafe_latte,2026-09-22T20:31:56Z
sch-01620,ses-20261008-3579,말차,4,matcha_latte,2026-09-25T16:57:51Z
sch-01621,ses-20261008-3581,스무디,2,strawberry_smoothie,2026-09-27T20:25:01Z
sch-01622,ses-20261008-3582,바닐라라떼,4,vanilla_latte,2026-09-19T16:46:15Z
sch-01623,ses-20261008-3583,말차,3,matcha_latte,2026-10-07T16:00:25Z
sch-01624,ses-20261008-3588,아아,3,,2026-10-09T01:34:58Z
sch-01625,ses-20261008-3591,아메리카노,3,,2026-09-24T21:41:57Z
sch-01626,ses-20261008-3596,라떼,3,,2026-09-19T16:02:45Z
sch-01627,ses-20261008-3600,망고,1,mango_smoothie,2026-09-27T02:30:58Z
sch-01628,ses-20261008-3601,아이스티,4,peach_iced_tea,2026-09-19T21:18:03Z
sch-01629,ses-20261008-3604,아메리카노,2,americano,2026-09-19T22:52:46Z
sch-01630,ses-20261008-3608,라떼,3,cafe_latte,2026-09-25T20:08:58Z
sch-01631,ses-20261008-3610,디카페인,1,decaf_americano,2026-10-07T22:43:47Z
sch-01632,ses-20261008-3612,아아,2,americano,2026-10-01T17:59:20Z
sch-01633,ses-20261008-3613,말차,4,,2026-09-22T17:52:11Z
sch-01634,ses-20261008-3616,아아,2,americano,2026-10-02T20:00:26Z
sch-01635,ses-20261008-3618,에이드,1,lemon_ade,2026-10-01T04:57:42Z
sch-01636,ses-20261008-3620,아아,2,americano,2026-09-15T22:44:32Z
sch-01637,ses-20261008-3623,아메리카노,3,,2026-09-27T17:00:46Z
sch-01638,ses-20261008-3625,딸기,4,strawberry_smoothie,2026-09-30T21:52:25Z
sch-01639,ses-20261008-3628,말차,3,matcha_latte,2026-09-17T20:15:33Z
sch-01640,ses-20261008-3629,에이드,4,lemon_ade,2026-09-21T22:43:51Z
sch-01641,ses-20261008-3630,아아,2,americano,2026-09-18T20:05:44Z
sch-01642,ses-20261008-3631,딸기,3,strawberry_smoothie,2026-09-19T21:41:17Z
sch-01643,ses-20261008-3633,아메리카노,1,,2026-10-06T20:14:39Z
sch-01644,ses-20261008-3636,디카페인,4,decaf_americano,2026-10-01T21:50:40Z
sch-01645,ses-20261008-3637,딸기,2,,2026-09-25T17:21:56Z
sch-01646,ses-20261008-3638,에이드,4,,2026-10-02T21:01:54Z
sch-01647,ses-20261008-3640,에이드,4,lemon_ade,2026-09-18T20:04:40Z
sch-01648,ses-20261008-3641,아메리카노,2,americano,2026-09-30T20:15:57Z
sch-01649,ses-20261008-3648,밀크티,0,,2026-10-04T17:08:05Z
sch-01650,ses-20261008-3650,라떼,4,cafe_latte,2026-10-04T21:47:21Z
sch-01651,ses-20261008-3651,아아,2,,2026-09-21T04:50:53Z
sch-01652,ses-20261008-3654,바닐라라떼,4,vanilla_latte,2026-09-25T02:57:53Z
sch-01653,ses-20261008-3657,콜드브루,2,coldbrew,2026-10-01T17:22:17Z
sch-01654,ses-20261008-3658,망고,4,mango_smoothie,2026-09-21T04:08:02Z
sch-01655,ses-20261008-3659,아메리카노,2,americano,2026-10-06T16:20:39Z
sch-01656,ses-20261008-3661,딸기,1,strawberry_smoothie,2026-09-18T02:02:22Z
sch-01657,ses-20261008-3662,샌드위치,0,,2026-09-17T21:19:35Z
sch-01658,ses-20261008-3663,아이스티,3,peach_iced_tea,2026-09-28T04:30:36Z
sch-01659,ses-20261008-3666,콜드브루,3,coldbrew,2026-10-05T16:15:04Z
sch-01660,ses-20261008-3668,바닐라라떼,1,vanilla_latte,2026-10-06T20:07:33Z
sch-01661,ses-20261008-3671,에이드,4,,2026-10-01T20:13:23Z
sch-01662,ses-20261008-3672,디카페인,1,decaf_americano,2026-09-29T21:54:47Z
sch-01663,ses-20261008-3674,디카페인,1,decaf_americano,2026-09-25T23:36:07Z
sch-01664,ses-20261008-3676,콜드브루,2,coldbrew,2026-09-28T03:19:26Z
sch-01665,ses-20261008-3677,에이드,4,,2026-09-25T16:30:19Z
sch-01666,ses-20261008-3680,아메리카노,1,americano,2026-09-16T21:37:18Z
sch-01667,ses-20261008-3684,에이드,4,lemon_ade,2026-09-16T22:45:33Z
sch-01668,ses-20261008-3685,말차,1,matcha_latte,2026-09-24T21:05:17Z
sch-01669,ses-20261008-3688,아이스티,2,peach_iced_tea,2026-10-02T20:40:50Z
sch-01670,ses-20261008-3689,스무디,3,,2026-09-21T20:00:49Z
sch-01671,ses-20261008-3690,에이드,1,,2026-09-22T21:29:51Z
sch-01672,ses-20261008-3691,스무디,3,strawberry_smoothie,2026-09-26T23:12:44Z
sch-01673,ses-20261008-3695,아메리카노,3,,2026-09-22T20:17:09Z
sch-01674,ses-20261008-3698,밀크티,0,,2026-09-18T02:09:21Z
sch-01675,ses-20261008-3700,스무디,3,strawberry_smoothie,2026-09-30T21:07:12Z
sch-01676,ses-20261008-3701,말차,3,matcha_latte,2026-09-28T17:15:00Z
sch-01677,ses-20261008-3702,에이드,3,lemon_ade,2026-09-17T23:46:23Z
sch-01678,ses-20261008-3706,에이드,1,lemon_ade,2026-09-25T02:53:20Z
sch-01679,ses-20261008-3709,아이스티,1,peach_iced_tea,2026-10-08T04:38:10Z
sch-01680,ses-20261008-3710,디카페인,1,,2026-09-16T00:21:19Z
sch-01681,ses-20261008-3712,에이드,4,lemon_ade,2026-10-02T17:20:32Z
sch-01682,ses-20261008-3714,딸기,4,strawberry_smoothie,2026-09-15T16:27:33Z
sch-01683,ses-20261008-3718,디카페인,3,decaf_americano,2026-10-04T03:42:29Z
sch-01684,ses-20261008-3719,밀크티,0,,2026-09-16T21:29:44Z
sch-01685,ses-20261008-3722,아아,3,americano,2026-10-04T21:54:06Z
sch-01686,ses-20261008-3723,콜드브루,4,coldbrew,2026-10-08T21:01:15Z
sch-01687,ses-20261008-3729,디카페인,4,decaf_americano,2026-09-29T16:13:32Z
sch-01688,ses-20261008-3730,콜드브루,2,coldbrew,2026-10-04T00:49:32Z
sch-01689,ses-20261008-3733,아아,3,americano,2026-10-03T03:11:51Z
sch-01690,ses-20261008-3735,밀크티,0,,2026-09-22T16:45:56Z
sch-01691,ses-20261008-3737,망고,2,mango_smoothie,2026-09-23T17:45:50Z
sch-01692,ses-20261008-3739,아메리카노,2,americano,2026-09-17T22:20:19Z
sch-01693,ses-20261008-3741,밀크티,0,,2026-09-23T02:16:31Z
sch-01694,ses-20261008-3743,아이스티,1,peach_iced_tea,2026-10-01T04:26:50Z
sch-01695,ses-20261008-3744,스무디,3,strawberry_smoothie,2026-10-08T16:47:43Z
sch-01696,ses-20261008-3747,라떼,2,cafe_latte,2026-09-22T17:13:49Z
sch-01697,ses-20261008-3748,바닐라라떼,4,vanilla_latte,2026-10-01T21:15:52Z
sch-01698,ses-20261008-3750,말차,3,matcha_latte,2026-09-29T17:58:18Z
sch-01699,ses-20261008-3752,스무디,4,,2026-09-29T17:04:20Z
sch-01700,ses-20261008-3756,말차,1,,2026-09-23T00:40:56Z
sch-01701,ses-20261008-3757,망고,1,mango_smoothie,2026-10-02T02:08:05Z
sch-01702,ses-20261008-3758,스무디,2,,2026-09-15T20:19:43Z
sch-01703,ses-20261008-3759,바닐라라떼,1,vanilla_latte,2026-09-24T21:42:38Z
sch-01704,ses-20261008-3762,아아,3,americano,2026-10-07T16:26:47Z
sch-01705,ses-20261008-3767,샌드위치,0,,2026-09-30T17:47:54Z
sch-01706,ses-20261008-3769,망고,4,mango_smoothie,2026-09-19T01:32:46Z
sch-01707,ses-20261008-3770,샌드위치,0,,2026-10-05T20:30:27Z
sch-01708,ses-20261008-3772,바닐라라떼,1,vanilla_latte,2026-10-02T01:49:50Z
sch-01709,ses-20261008-3773,샌드위치,0,,2026-09-28T21:06:53Z
sch-01710,ses-20261008-3774,샌드위치,0,,2026-09-24T03:42:42Z
sch-01711,ses-20261008-3775,스무디,2,,2026-09-28T16:31:49Z
sch-01712,ses-20261008-3783,에이드,1,lemon_ade,2026-09-23T20:27:40Z
sch-01713,ses-20261008-3785,밀크티,0,,2026-09-17T16:33:40Z
sch-01714,ses-20261008-3789,스무디,2,strawberry_smoothie,2026-10-05T20:19:52Z
sch-01715,ses-20261008-3796,스무디,1,strawberry_smoothie,2026-10-04T21:41:22Z
sch-01716,ses-20261008-3798,스무디,2,strawberry_smoothie,2026-09-30T20:05:28Z
sch-01717,ses-20261008-3802,콜드브루,1,,2026-10-07T17:21:06Z
sch-01718,ses-20261008-3804,라떼,3,,2026-09-26T16:04:56Z
sch-01719,ses-20261008-3806,밀크티,0,,2026-10-05T16:34:23Z
sch-01720,ses-20261008-3811,아이스티,1,peach_iced_tea,2026-10-01T20:40:15Z
sch-01721,ses-20261008-3812,밀크티,0,,2026-10-08T20:54:31Z
sch-01722,ses-20261008-3817,말차,3,,2026-09-26T17:08:34Z
sch-01723,ses-20261008-3819,라떼,4,cafe_latte,2026-09-28T01:22:44Z
sch-01724,ses-20261008-3820,망고,2,mango_smoothie,2026-09-28T22:31:18Z
sch-01725,ses-20261008-3821,바닐라라떼,1,vanilla_latte,2026-10-03T21:19:16Z
sch-01726,ses-20261008-3824,바닐라라떼,2,vanilla_latte,2026-09-22T02:40:59Z
sch-01727,ses-20261008-3825,딸기,1,,2026-09-16T01:43:31Z
sch-01728,ses-20261008-3826,말차,2,,2026-09-19T00:15:39Z
sch-01729,ses-20261008-3831,콜드브루,4,coldbrew,2026-09-15T17:57:26Z
sch-01730,ses-20261008-3837,스무디,3,strawberry_smoothie,2026-09-30T20:15:42Z
sch-01731,ses-20261008-3838,말차,4,matcha_latte,2026-10-08T02:20:44Z
sch-01732,ses-20261008-3845,아메리카노,2,americano,2026-09-22T17:04:54Z
sch-01733,ses-20261008-3849,망고,2,mango_smoothie,2026-10-04T16:52:43Z
sch-01734,ses-20261008-3851,샌드위치,0,,2026-09-24T16:16:42Z
sch-01735,ses-20261008-3853,콜드브루,1,coldbrew,2026-09-27T00:09:41Z
sch-01736,ses-20261008-3856,디카페인,1,decaf_americano,2026-09-18T22:12:54Z
sch-01737,ses-20261008-3861,아이스티,1,peach_iced_tea,2026-10-05T16:00:10Z
sch-01738,ses-20261008-3865,라떼,4,cafe_latte,2026-09-15T17:17:49Z
sch-01739,ses-20261008-3867,콜드브루,4,coldbrew,2026-10-07T21:52:50Z
sch-01740,ses-20261008-3868,에이드,3,lemon_ade,2026-09-18T02:04:13Z
sch-01741,ses-20261008-3869,아이스티,3,peach_iced_tea,2026-09-29T23:06:19Z
sch-01742,ses-20261008-3870,라떼,3,cafe_latte,2026-09-18T16:34:07Z
sch-01743,ses-20261008-3872,아아,2,americano,2026-09-21T22:58:48Z
sch-01744,ses-20261008-3873,콜드브루,3,,2026-09-18T00:45:57Z
sch-01745,ses-20261008-3875,샌드위치,0,,2026-10-05T16:33:48Z
sch-01746,ses-20261008-3877,에이드,2,lemon_ade,2026-09-24T17:46:00Z
sch-01747,ses-20261008-3878,디카페인,2,decaf_americano,2026-09-18T17:55:00Z
sch-01748,ses-20261008-3879,바닐라라떼,3,vanilla_latte,2026-09-20T16:03:56Z
sch-01749,ses-20261008-3880,콜드브루,4,coldbrew,2026-10-06T20:46:01Z
sch-01750,ses-20261008-3883,아메리카노,2,americano,2026-09-27T23:49:08Z
sch-01751,ses-20261008-3886,딸기,1,,2026-09-19T16:57:01Z
sch-01752,ses-20261008-3888,샌드위치,0,,2026-09-24T17:37:11Z
sch-01753,ses-20261008-3889,아아,3,americano,2026-10-05T04:37:44Z
sch-01754,ses-20261008-3893,아이스티,1,peach_iced_tea,2026-10-01T21:43:56Z
sch-01755,ses-20261008-3900,라떼,3,cafe_latte,2026-09-18T01:09:45Z
sch-01756,ses-20261008-3903,아이스티,2,peach_iced_tea,2026-09-20T21:01:14Z
sch-01757,ses-20261008-3904,바닐라라떼,3,vanilla_latte,2026-09-19T03:11:02Z
sch-01758,ses-20261008-3905,라떼,1,cafe_latte,2026-09-25T02:39:02Z
sch-01759,ses-20261008-3912,아이스티,2,peach_iced_tea,2026-09-21T17:39:27Z
sch-01760,ses-20261008-3914,딸기,3,strawberry_smoothie,2026-10-02T16:45:25Z
sch-01761,ses-20261008-3916,아메리카노,1,,2026-09-30T16:29:15Z
sch-01762,ses-20261008-3920,스무디,4,,2026-09-24T21:55:56Z
sch-01763,ses-20261008-3921,샌드위치,0,,2026-10-05T20:02:50Z
sch-01764,ses-20261008-3924,아아,1,americano,2026-09-23T01:36:58Z
sch-01765,ses-20261008-3925,샌드위치,0,,2026-09-25T00:48:30Z
sch-01766,ses-20261008-3929,라떼,4,cafe_latte,2026-10-04T20:39:59Z
sch-01767,ses-20261008-3932,스무디,4,strawberry_smoothie,2026-09-18T23:08:24Z
sch-01768,ses-20261008-3933,아이스티,4,peach_iced_tea,2026-09-20T16:38:00Z
sch-01769,ses-20261008-3934,아아,1,,2026-10-07T00:19:08Z
sch-01770,ses-20261008-3937,말차,1,matcha_latte,2026-09-26T16:26:42Z
sch-01771,ses-20261008-3939,아아,3,americano,2026-10-06T22:49:13Z
sch-01772,ses-20261008-3942,스무디,4,strawberry_smoothie,2026-10-02T23:04:32Z
sch-01773,ses-20261008-3943,샌드위치,0,,2026-09-18T02:18:01Z
sch-01774,ses-20261008-3947,바닐라라떼,3,vanilla_latte,2026-09-16T16:12:36Z
sch-01775,ses-20261008-3949,스무디,4,strawberry_smoothie,2026-09-25T03:03:43Z
sch-01776,ses-20261008-3955,아아,1,,2026-09-26T16:42:40Z
sch-01777,ses-20261008-3959,디카페인,4,,2026-10-06T03:26:52Z
sch-01778,ses-20261008-3960,아이스티,2,peach_iced_tea,2026-09-22T17:23:22Z
sch-01779,ses-20261008-3962,아이스티,4,peach_iced_tea,2026-09-19T21:50:16Z
sch-01780,ses-20261008-3966,디카페인,2,decaf_americano,2026-10-05T20:42:37Z
sch-01781,ses-20261008-3968,아이스티,4,,2026-09-26T04:38:31Z
sch-01782,ses-20261008-3971,디카페인,3,decaf_americano,2026-09-15T17:00:41Z
sch-01783,ses-20261008-3974,말차,1,matcha_latte,2026-09-15T17:05:03Z
sch-01784,ses-20261008-3979,에이드,4,,2026-09-28T20:51:23Z
sch-01785,ses-20261008-3981,에이드,2,lemon_ade,2026-10-05T16:47:31Z
sch-01786,ses-20261008-3983,디카페인,3,decaf_americano,2026-10-05T04:43:05Z
sch-01787,ses-20261008-3984,샌드위치,0,,2026-10-01T16:03:28Z
sch-01788,ses-20261008-3989,말차,2,,2026-10-07T16:08:45Z
sch-01789,ses-20261008-3990,아아,2,americano,2026-10-07T04:53:22Z
sch-01790,ses-20261008-3993,스무디,2,,2026-10-02T20:18:23Z
sch-01791,ses-20261008-3995,아아,3,americano,2026-09-25T16:10:31Z
sch-01792,ses-20261008-3996,망고,3,mango_smoothie,2026-09-22T21:26:12Z
sch-01793,ses-20261008-4003,에이드,4,,2026-09-15T20:28:14Z
sch-01794,ses-20261008-4005,콜드브루,2,coldbrew,2026-10-01T01:32:09Z
sch-01795,ses-20261008-4007,라떼,2,,2026-10-03T16:09:04Z
sch-01796,ses-20261008-4008,망고,1,mango_smoothie,2026-09-16T21:50:08Z
sch-01797,ses-20261008-4009,스무디,1,strawberry_smoothie,2026-10-04T16:08:57Z
sch-01798,ses-20261008-4013,아메리카노,1,americano,2026-10-06T01:01:50Z
sch-01799,ses-20261008-4014,밀크티,0,,2026-09-30T17:38:06Z
sch-01800,ses-20261008-4016,말차,2,,2026-10-01T22:52:20Z
sch-01801,ses-20261008-4018,아아,1,americano,2026-09-23T16:46:34Z
sch-01802,ses-20261008-4019,스무디,2,strawberry_smoothie,2026-09-24T16:46:14Z
sch-01803,ses-20261008-4022,아아,2,americano,2026-09-22T04:54:29Z
sch-01804,ses-20261008-4028,디카페인,3,decaf_americano,2026-09-26T17:37:01Z
sch-01805,ses-20261008-4029,스무디,2,,2026-10-07T03:08:59Z
sch-01806,ses-20261008-4033,말차,2,matcha_latte,2026-09-16T04:04:39Z
sch-01807,ses-20261008-4036,딸기,1,,2026-10-08T01:46:21Z
sch-01808,ses-20261008-4039,말차,3,,2026-09-24T20:31:12Z
sch-01809,ses-20261008-4040,아이스티,1,peach_iced_tea,2026-09-18T23:48:50Z
sch-01810,ses-20261008-4041,샌드위치,0,,2026-09-29T01:15:48Z
sch-01811,ses-20261008-4044,아아,4,americano,2026-10-05T00:42:13Z
sch-01812,ses-20261008-4052,스무디,4,strawberry_smoothie,2026-09-15T21:16:39Z
sch-01813,ses-20261008-4053,에이드,1,lemon_ade,2026-09-21T00:32:53Z
sch-01814,ses-20261008-4054,말차,4,matcha_latte,2026-10-05T17:56:05Z
sch-01815,ses-20261008-4055,스무디,2,strawberry_smoothie,2026-09-24T02:48:38Z
sch-01816,ses-20261008-4058,샌드위치,0,,2026-10-04T16:11:33Z
sch-01817,ses-20261008-4061,에이드,2,lemon_ade,2026-10-08T16:43:06Z
sch-01818,ses-20261008-4070,샌드위치,0,,2026-09-27T21:12:36Z
sch-01819,ses-20261008-4072,딸기,4,strawberry_smoothie,2026-09-28T20:59:30Z
sch-01820,ses-20261008-4073,스무디,2,strawberry_smoothie,2026-09-16T17:58:40Z
sch-01821,ses-20261008-4074,말차,2,matcha_latte,2026-10-05T17:41:29Z
sch-01822,ses-20261008-4077,에이드,3,lemon_ade,2026-09-28T01:09:22Z
sch-01823,ses-20261008-4079,딸기,1,strawberry_smoothie,2026-09-29T16:20:10Z
sch-01824,ses-20261008-4081,아이스티,3,,2026-09-26T23:43:03Z
sch-01825,ses-20261008-4082,에이드,2,lemon_ade,2026-09-22T17:29:58Z
sch-01826,ses-20261008-4085,바닐라라떼,4,vanilla_latte,2026-10-07T16:26:36Z
sch-01827,ses-20261008-4086,스무디,2,strawberry_smoothie,2026-10-07T17:38:11Z
sch-01828,ses-20261008-4087,아아,1,americano,2026-09-17T21:23:42Z
sch-01829,ses-20261008-4092,스무디,2,strawberry_smoothie,2026-10-08T20:13:45Z
sch-01830,ses-20261008-4093,아메리카노,3,americano,2026-10-02T23:28:14Z
sch-01831,ses-20261008-4094,라떼,2,cafe_latte,2026-09-19T17:16:47Z
sch-01832,ses-20261008-4096,바닐라라떼,1,,2026-09-26T20:55:21Z
sch-01833,ses-20261008-4102,아이스티,2,peach_iced_tea,2026-09-23T01:49:21Z
sch-01834,ses-20261008-4103,바닐라라떼,3,vanilla_latte,2026-10-03T21:19:47Z
sch-01835,ses-20261008-4106,스무디,4,strawberry_smoothie,2026-09-17T20:50:01Z
sch-01836,ses-20261008-4111,라떼,4,cafe_latte,2026-09-20T04:59:18Z
sch-01837,ses-20261008-4112,아메리카노,2,americano,2026-09-30T22:58:12Z
sch-01838,ses-20261008-4113,샌드위치,0,,2026-09-16T22:20:24Z
sch-01839,ses-20261008-4116,콜드브루,2,coldbrew,2026-10-05T17:15:19Z
sch-01840,ses-20261008-4120,샌드위치,0,,2026-10-05T21:35:28Z
sch-01841,ses-20261008-4121,밀크티,0,,2026-10-04T21:47:24Z
sch-01842,ses-20261008-4122,말차,3,matcha_latte,2026-09-29T17:26:51Z
sch-01843,ses-20261008-4125,아이스티,4,peach_iced_tea,2026-09-28T20:32:48Z
sch-01844,ses-20261008-4129,망고,1,mango_smoothie,2026-09-22T17:57:37Z
sch-01845,ses-20261008-4133,딸기,1,strawberry_smoothie,2026-09-25T21:16:40Z
sch-01846,ses-20261008-4134,딸기,4,strawberry_smoothie,2026-09-29T17:31:10Z
sch-01847,ses-20261008-4143,말차,3,matcha_latte,2026-09-16T21:48:52Z
sch-01848,ses-20261008-4149,라떼,3,cafe_latte,2026-09-20T20:29:00Z
sch-01849,ses-20261008-4151,딸기,4,strawberry_smoothie,2026-09-15T21:02:49Z
sch-01850,ses-20261008-4152,딸기,3,,2026-09-15T17:05:55Z
sch-01851,ses-20261008-4154,콜드브루,4,coldbrew,2026-09-20T16:37:05Z
sch-01852,ses-20261008-4155,콜드브루,4,,2026-09-20T20:15:49Z
sch-01853,ses-20261008-4158,아이스티,4,,2026-09-24T21:31:04Z
sch-01854,ses-20261008-4159,디카페인,2,decaf_americano,2026-10-03T17:02:38Z
sch-01855,ses-20261008-4160,디카페인,2,,2026-09-30T22:46:47Z
sch-01856,ses-20261008-4161,아메리카노,4,americano,2026-10-03T21:37:35Z
sch-01857,ses-20261008-4163,에이드,4,lemon_ade,2026-10-03T01:16:26Z
sch-01858,ses-20261008-4164,밀크티,0,,2026-09-29T03:33:41Z
sch-01859,ses-20261008-4165,밀크티,0,,2026-10-05T20:57:27Z
sch-01860,ses-20261008-4169,망고,2,mango_smoothie,2026-09-22T21:38:36Z
sch-01861,ses-20261008-4171,콜드브루,4,coldbrew,2026-10-07T23:17:50Z
sch-01862,ses-20261008-4172,아메리카노,4,americano,2026-09-27T21:26:52Z
sch-01863,ses-20261008-4174,스무디,3,,2026-09-21T16:58:42Z
sch-01864,ses-20261008-4178,콜드브루,2,,2026-10-04T01:56:25Z
sch-01865,ses-20261008-4179,밀크티,0,,2026-09-27T20:49:02Z
sch-01866,ses-20261008-4180,에이드,1,lemon_ade,2026-10-04T21:58:08Z
sch-01867,ses-20261008-4181,밀크티,0,,2026-10-03T17:42:29Z
sch-01868,ses-20261008-4182,아아,4,americano,2026-09-18T20:44:27Z
sch-01869,ses-20261008-4185,라떼,4,cafe_latte,2026-09-16T16:06:01Z
sch-01870,ses-20261008-4186,밀크티,0,,2026-10-04T21:43:29Z
sch-01871,ses-20261008-4187,스무디,1,strawberry_smoothie,2026-09-25T21:28:10Z
sch-01872,ses-20261008-4189,딸기,4,strawberry_smoothie,2026-09-29T17:34:22Z
sch-01873,ses-20261008-4190,에이드,3,lemon_ade,2026-10-09T04:53:06Z
sch-01874,ses-20261008-4193,딸기,3,strawberry_smoothie,2026-09-20T23:52:31Z
sch-01875,ses-20261008-4194,디카페인,4,decaf_americano,2026-09-21T17:47:26Z
sch-01876,ses-20261008-4197,딸기,4,strawberry_smoothie,2026-09-17T04:15:41Z
sch-01877,ses-20261008-4198,샌드위치,0,,2026-09-21T21:14:28Z
sch-01878,ses-20261008-4202,바닐라라떼,2,vanilla_latte,2026-09-18T17:39:54Z
sch-01879,ses-20261008-4203,에이드,4,lemon_ade,2026-10-01T21:21:36Z
sch-01880,ses-20261008-4205,스무디,2,,2026-09-20T20:11:46Z
sch-01881,ses-20261008-4207,바닐라라떼,1,vanilla_latte,2026-09-25T17:35:52Z
sch-01882,ses-20261008-4209,아메리카노,3,americano,2026-09-28T16:38:33Z
sch-01883,ses-20261008-4214,망고,2,mango_smoothie,2026-10-08T23:15:53Z
sch-01884,ses-20261008-4218,바닐라라떼,1,vanilla_latte,2026-10-01T21:44:26Z
sch-01885,ses-20261008-4219,밀크티,0,,2026-09-22T21:48:37Z
sch-01886,ses-20261008-4224,딸기,3,strawberry_smoothie,2026-09-20T00:47:55Z
sch-01887,ses-20261008-4229,콜드브루,4,coldbrew,2026-09-17T02:58:29Z
sch-01888,ses-20261008-4231,에이드,3,lemon_ade,2026-09-29T21:44:43Z
sch-01889,ses-20261008-4232,망고,2,,2026-10-06T17:11:27Z
sch-01890,ses-20261008-4234,샌드위치,0,,2026-10-01T16:21:26Z
sch-01891,ses-20261008-4236,딸기,2,strawberry_smoothie,2026-10-05T21:31:27Z
sch-01892,ses-20261008-4237,스무디,3,strawberry_smoothie,2026-09-22T20:25:58Z
sch-01893,ses-20261008-4239,콜드브루,4,coldbrew,2026-10-07T16:56:05Z
sch-01894,ses-20261008-4240,에이드,4,lemon_ade,2026-09-20T20:08:44Z
sch-01895,ses-20261008-4241,아메리카노,1,americano,2026-09-23T20:45:08Z
sch-01896,ses-20261008-4244,아이스티,1,peach_iced_tea,2026-09-22T20:59:31Z
sch-01897,ses-20261008-4245,딸기,2,strawberry_smoothie,2026-09-15T20:52:15Z
sch-01898,ses-20261008-4248,밀크티,0,,2026-09-25T20:34:07Z
sch-01899,ses-20261008-4252,망고,1,,2026-09-15T17:57:26Z
sch-01900,ses-20261008-4254,콜드브루,2,coldbrew,2026-09-21T01:49:51Z
sch-01901,ses-20261008-4258,딸기,2,,2026-09-25T16:49:06Z
sch-01902,ses-20261008-4262,에이드,2,lemon_ade,2026-09-23T22:55:09Z
sch-01903,ses-20261008-4263,망고,3,,2026-09-17T21:26:31Z
sch-01904,ses-20261008-4265,아이스티,2,,2026-10-06T22:56:12Z
sch-01905,ses-20261008-4267,스무디,4,strawberry_smoothie,2026-09-27T20:13:32Z
sch-01906,ses-20261008-4269,딸기,2,strawberry_smoothie,2026-10-03T20:16:04Z
sch-01907,ses-20261008-4270,스무디,1,,2026-09-22T20:21:56Z
sch-01908,ses-20261008-4282,샌드위치,0,,2026-09-25T17:26:05Z
sch-01909,ses-20261008-4283,콜드브루,4,,2026-09-15T22:56:53Z
sch-01910,ses-20261008-4284,말차,1,matcha_latte,2026-09-29T20:27:14Z
sch-01911,ses-20261008-4285,콜드브루,4,coldbrew,2026-10-07T17:54:38Z
sch-01912,ses-20261008-4287,에이드,2,lemon_ade,2026-10-06T22:33:33Z
sch-01913,ses-20261008-4289,딸기,2,strawberry_smoothie,2026-09-22T22:23:41Z
sch-01914,ses-20261008-4290,콜드브루,2,coldbrew,2026-09-17T21:11:03Z
sch-01915,ses-20261008-4291,디카페인,3,decaf_americano,2026-09-18T20:52:40Z
sch-01916,ses-20261008-4294,밀크티,0,,2026-10-08T16:49:51Z
sch-01917,ses-20261008-4295,아아,3,americano,2026-09-15T20:07:48Z
sch-01918,ses-20261008-4296,디카페인,3,,2026-09-27T17:09:03Z
sch-01919,ses-20261008-4297,에이드,1,lemon_ade,2026-10-03T22:25:30Z
sch-01920,ses-20261008-4298,디카페인,4,,2026-10-08T16:21:59Z
sch-01921,ses-20261008-4300,디카페인,4,decaf_americano,2026-10-04T17:23:36Z
sch-01922,ses-20261008-4304,딸기,2,strawberry_smoothie,2026-09-26T16:08:04Z
sch-01923,ses-20261008-4308,라떼,3,cafe_latte,2026-09-27T17:07:19Z
sch-01924,ses-20261008-4311,말차,4,,2026-10-03T16:57:19Z
sch-01925,ses-20261008-4315,밀크티,0,,2026-09-27T17:36:28Z
sch-01926,ses-20261008-4319,에이드,4,lemon_ade,2026-09-23T21:40:33Z
sch-01927,ses-20261008-4320,샌드위치,0,,2026-10-01T17:49:15Z
sch-01928,ses-20261008-4321,아아,1,,2026-10-06T17:13:35Z
sch-01929,ses-20261008-4329,딸기,1,,2026-09-22T17:21:42Z
sch-01930,ses-20261008-4331,샌드위치,0,,2026-10-05T20:01:22Z
sch-01931,ses-20261008-4333,아이스티,2,,2026-09-26T21:32:03Z
sch-01932,ses-20261008-4334,바닐라라떼,3,vanilla_latte,2026-10-03T21:07:55Z
sch-01933,ses-20261008-4336,바닐라라떼,3,vanilla_latte,2026-09-15T20:00:43Z
sch-01934,ses-20261008-4338,아메리카노,2,,2026-10-01T17:06:44Z
sch-01935,ses-20261008-4342,바닐라라떼,4,vanilla_latte,2026-09-30T16:39:33Z
sch-01936,ses-20261008-4343,딸기,4,strawberry_smoothie,2026-09-23T17:57:54Z
sch-01937,ses-20261008-4344,밀크티,0,,2026-10-01T21:16:25Z
sch-01938,ses-20261008-4348,아아,3,americano,2026-09-30T17:34:57Z
sch-01939,ses-20261008-4353,밀크티,0,,2026-09-25T17:19:28Z
sch-01940,ses-20261008-4355,아아,2,americano,2026-10-05T22:47:48Z
sch-01941,ses-20261008-4356,아아,3,americano,2026-09-30T01:35:07Z
sch-01942,ses-20261008-4357,라떼,3,cafe_latte,2026-09-21T20:34:57Z
sch-01943,ses-20261008-4360,샌드위치,0,,2026-09-23T16:43:24Z
sch-01944,ses-20261008-4365,아이스티,1,peach_iced_tea,2026-09-21T04:58:29Z
sch-01945,ses-20261008-4367,디카페인,4,decaf_americano,2026-10-01T04:04:38Z
sch-01946,ses-20261008-4369,밀크티,0,,2026-09-16T21:46:52Z
sch-01947,ses-20261008-4370,망고,3,mango_smoothie,2026-09-15T17:07:32Z
sch-01948,ses-20261008-4373,디카페인,4,decaf_americano,2026-10-08T03:09:43Z
sch-01949,ses-20261008-4374,말차,2,matcha_latte,2026-10-03T20:25:00Z
sch-01950,ses-20261008-4375,라떼,3,,2026-10-01T04:59:31Z
sch-01951,ses-20261008-4377,망고,2,,2026-09-28T17:07:52Z
sch-01952,ses-20261008-4378,아아,4,americano,2026-09-26T21:12:32Z
sch-01953,ses-20261008-4381,아이스티,2,peach_iced_tea,2026-09-24T21:12:59Z
sch-01954,ses-20261008-4383,스무디,4,strawberry_smoothie,2026-09-20T23:14:10Z
sch-01955,ses-20261008-4387,망고,2,mango_smoothie,2026-09-27T17:28:27Z
sch-01956,ses-20261008-4391,스무디,4,,2026-09-25T16:51:05Z
sch-01957,ses-20261008-4393,디카페인,3,decaf_americano,2026-09-19T21:50:04Z
sch-01958,ses-20261008-4395,아아,4,americano,2026-09-20T16:33:06Z
sch-01959,ses-20261008-4398,콜드브루,2,coldbrew,2026-09-20T00:28:22Z
sch-01960,ses-20261008-4409,말차,4,matcha_latte,2026-09-26T17:59:35Z
sch-01961,ses-20261008-4410,아이스티,2,peach_iced_tea,2026-09-15T17:15:41Z
sch-01962,ses-20261008-4413,아메리카노,4,,2026-09-24T16:20:46Z
sch-01963,ses-20261008-4421,아메리카노,1,americano,2026-09-17T21:55:09Z
sch-01964,ses-20261008-4422,디카페인,4,decaf_americano,2026-09-17T20:26:51Z
sch-01965,ses-20261008-4424,아메리카노,2,americano,2026-09-23T00:56:22Z
sch-01966,ses-20261008-4427,라떼,2,,2026-09-20T21:51:22Z
sch-01967,ses-20261008-4429,말차,4,matcha_latte,2026-10-03T02:28:24Z
sch-01968,ses-20261008-4434,콜드브루,3,coldbrew,2026-09-15T21:59:11Z
sch-01969,ses-20261008-4436,에이드,2,lemon_ade,2026-09-17T20:39:47Z
sch-01970,ses-20261008-4437,아아,4,,2026-09-26T22:36:37Z
sch-01971,ses-20261008-4444,에이드,4,lemon_ade,2026-09-23T17:32:50Z
sch-01972,ses-20261008-4446,라떼,3,cafe_latte,2026-09-16T17:59:32Z
sch-01973,ses-20261008-4450,아아,3,,2026-09-18T21:43:09Z
sch-01974,ses-20261008-4453,말차,2,matcha_latte,2026-09-30T00:01:38Z
sch-01975,ses-20261008-4454,샌드위치,0,,2026-09-18T21:34:41Z
sch-01976,ses-20261008-4457,말차,2,,2026-10-06T20:28:19Z
sch-01977,ses-20261008-4458,샌드위치,0,,2026-10-05T21:08:17Z
sch-01978,ses-20261008-4462,아메리카노,1,,2026-09-29T16:18:22Z
sch-01979,ses-20261008-4463,디카페인,4,decaf_americano,2026-09-22T02:50:28Z
sch-01980,ses-20261008-4464,딸기,3,strawberry_smoothie,2026-09-20T20:28:15Z
sch-01981,ses-20261008-4465,스무디,3,strawberry_smoothie,2026-09-16T16:12:40Z
sch-01982,ses-20261008-4466,아메리카노,2,americano,2026-10-05T16:30:49Z
sch-01983,ses-20261008-4472,라떼,4,,2026-09-16T20:39:56Z
sch-01984,ses-20261008-4475,딸기,3,strawberry_smoothie,2026-10-05T17:31:53Z
sch-01985,ses-20261008-4476,스무디,4,,2026-09-24T23:47:32Z
sch-01986,ses-20261008-4478,디카페인,3,decaf_americano,2026-09-25T04:56:08Z
sch-01987,ses-20261008-4483,라떼,4,cafe_latte,2026-10-05T20:24:02Z
sch-01988,ses-20261008-4484,샌드위치,0,,2026-09-17T17:59:52Z
sch-01989,ses-20261008-4485,밀크티,0,,2026-10-08T20:22:13Z
sch-01990,ses-20261008-4490,아이스티,4,peach_iced_tea,2026-09-25T20:39:36Z
sch-01991,ses-20261008-4491,디카페인,1,decaf_americano,2026-09-30T03:13:18Z
sch-01992,ses-20261008-4494,밀크티,0,,2026-09-20T20:20:20Z
sch-01993,ses-20261008-4496,망고,3,mango_smoothie,2026-10-02T02:46:00Z
sch-01994,ses-20261008-4501,라떼,3,cafe_latte,2026-10-05T01:35:35Z
sch-01995,ses-20261008-4502,디카페인,1,,2026-10-03T21:54:51Z
sch-01996,ses-20261008-4506,망고,1,mango_smoothie,2026-10-05T22:52:39Z
sch-01997,ses-20261008-4509,아아,2,americano,2026-09-18T04:32:30Z
sch-01998,ses-20261008-4511,딸기,4,strawberry_smoothie,2026-09-17T01:08:54Z
sch-01999,ses-20261008-4512,라떼,1,cafe_latte,2026-09-27T22:51:51Z
sch-02000,ses-20261008-4516,딸기,1,strawberry_smoothie,2026-09-26T21:14:11Z
sch-02001,ses-20261008-4517,말차,4,matcha_latte,2026-10-08T03:20:50Z
sch-02002,ses-20261008-4518,말차,1,matcha_latte,2026-09-15T22:48:44Z
sch-02003,ses-20261008-4520,말차,1,matcha_latte,2026-09-23T01:24:24Z
sch-02004,ses-20261008-4521,딸기,1,strawberry_smoothie,2026-09-20T16:23:12Z
sch-02005,ses-20261008-4524,아메리카노,4,,2026-09-30T22:58:56Z
sch-02006,ses-20261008-4525,바닐라라떼,2,vanilla_latte,2026-09-23T16:25:53Z
sch-02007,ses-20261008-4529,스무디,4,strawberry_smoothie,2026-09-30T17:29:44Z
sch-02008,ses-20261008-4530,딸기,4,strawberry_smoothie,2026-09-30T01:00:27Z
sch-02009,ses-20261008-4531,아메리카노,3,americano,2026-10-01T22:50:19Z
sch-02010,ses-20261008-4536,말차,2,,2026-10-07T20:07:13Z
sch-02011,ses-20261008-4539,딸기,2,strawberry_smoothie,2026-10-07T21:07:43Z
sch-02012,ses-20261008-4542,망고,3,mango_smoothie,2026-09-24T00:45:52Z
sch-02013,ses-20261008-4543,에이드,3,lemon_ade,2026-09-23T16:01:09Z
sch-02014,ses-20261008-4544,콜드브루,4,coldbrew,2026-09-29T04:08:56Z
sch-02015,ses-20261008-4547,아메리카노,3,americano,2026-09-26T20:10:09Z
sch-02016,ses-20261008-4549,아메리카노,2,americano,2026-09-26T20:28:48Z
sch-02017,ses-20261008-4551,아이스티,2,peach_iced_tea,2026-10-06T23:06:39Z
sch-02018,ses-20261008-4552,아메리카노,4,americano,2026-10-02T16:56:17Z
sch-02019,ses-20261008-4553,라떼,3,cafe_latte,2026-09-22T03:44:47Z
sch-02020,ses-20261008-4556,망고,2,mango_smoothie,2026-09-20T21:42:06Z
sch-02021,ses-20261008-4559,말차,3,matcha_latte,2026-09-26T20:35:16Z
sch-02022,ses-20261008-4563,망고,1,mango_smoothie,2026-09-17T20:09:57Z
sch-02023,ses-20261008-4568,바닐라라떼,3,vanilla_latte,2026-10-03T21:00:07Z
sch-02024,ses-20261008-4570,스무디,4,strawberry_smoothie,2026-10-03T01:43:25Z
sch-02025,ses-20261008-4574,디카페인,1,,2026-10-02T20:54:54Z
sch-02026,ses-20261008-4575,아이스티,1,peach_iced_tea,2026-09-19T02:03:40Z
sch-02027,ses-20261008-4578,스무디,3,strawberry_smoothie,2026-10-05T21:35:24Z
sch-02028,ses-20261008-4579,딸기,3,strawberry_smoothie,2026-10-04T17:09:35Z
sch-02029,ses-20261008-4580,딸기,1,strawberry_smoothie,2026-09-22T17:05:37Z
sch-02030,ses-20261008-4582,아메리카노,4,americano,2026-09-29T20:22:32Z
sch-02031,ses-20261008-4584,아메리카노,1,americano,2026-09-16T20:08:22Z
sch-02032,ses-20261008-4589,스무디,2,strawberry_smoothie,2026-09-19T01:45:13Z
sch-02033,ses-20261008-4590,샌드위치,0,,2026-09-21T21:19:41Z
sch-02034,ses-20261008-4593,바닐라라떼,4,vanilla_latte,2026-09-28T17:18:55Z
sch-02035,ses-20261008-4594,라떼,4,cafe_latte,2026-10-05T16:18:41Z
sch-02036,ses-20261008-4595,아아,3,americano,2026-09-15T20:17:26Z
sch-02037,ses-20261008-4596,콜드브루,1,coldbrew,2026-09-27T17:50:42Z
sch-02038,ses-20261008-4597,바닐라라떼,4,vanilla_latte,2026-10-04T20:46:41Z
sch-02039,ses-20261008-4598,망고,2,mango_smoothie,2026-09-30T17:32:48Z
sch-02040,ses-20261008-4601,콜드브루,2,coldbrew,2026-10-06T16:19:51Z
sch-02041,ses-20261008-4604,디카페인,4,,2026-09-24T04:13:17Z
sch-02042,ses-20261008-4610,딸기,3,,2026-10-05T20:59:18Z
sch-02043,ses-20261008-4611,아아,2,americano,2026-10-09T04:51:07Z
sch-02044,ses-20261008-4612,아이스티,3,peach_iced_tea,2026-09-23T16:43:38Z
sch-02045,ses-20261008-4613,스무디,1,strawberry_smoothie,2026-09-21T17:43:04Z
sch-02046,ses-20261008-4615,말차,1,,2026-09-28T20:12:35Z
sch-02047,ses-20261008-4617,아이스티,1,peach_iced_tea,2026-10-05T00:05:38Z
sch-02048,ses-20261008-4618,밀크티,0,,2026-09-23T17:16:05Z
sch-02049,ses-20261008-4619,딸기,4,strawberry_smoothie,2026-10-02T22:38:09Z
sch-02050,ses-20261008-4622,바닐라라떼,2,vanilla_latte,2026-10-01T17:05:27Z
sch-02051,ses-20261008-4625,디카페인,1,decaf_americano,2026-10-03T17:54:42Z
sch-02052,ses-20261008-4626,말차,1,matcha_latte,2026-09-29T23:43:59Z
sch-02053,ses-20261008-4629,망고,1,,2026-09-30T17:59:58Z
sch-02054,ses-20261008-4633,말차,1,,2026-09-18T16:54:08Z
sch-02055,ses-20261008-4634,에이드,1,lemon_ade,2026-10-05T00:59:21Z
sch-02056,ses-20261008-4635,바닐라라떼,2,vanilla_latte,2026-09-27T17:19:24Z
sch-02057,ses-20261008-4636,라떼,3,,2026-09-19T21:23:44Z
sch-02058,ses-20261008-4637,아이스티,3,peach_iced_tea,2026-09-15T17:53:36Z
sch-02059,ses-20261008-4638,라떼,4,cafe_latte,2026-10-01T20:11:46Z
sch-02060,ses-20261008-4641,콜드브루,3,coldbrew,2026-10-01T01:38:44Z
sch-02061,ses-20261008-4644,밀크티,0,,2026-09-27T20:28:53Z
sch-02062,ses-20261008-4647,딸기,3,strawberry_smoothie,2026-10-09T04:10:12Z
sch-02063,ses-20261008-4650,아아,4,americano,2026-09-17T22:36:09Z
sch-02064,ses-20261008-4651,밀크티,0,,2026-10-02T00:24:09Z
sch-02065,ses-20261008-4652,딸기,1,strawberry_smoothie,2026-09-26T16:19:18Z
sch-02066,ses-20261008-4653,아아,3,americano,2026-09-26T16:54:15Z
sch-02067,ses-20261008-4658,말차,2,matcha_latte,2026-09-18T16:46:31Z
sch-02068,ses-20261008-4664,라떼,4,,2026-09-30T20:35:28Z
sch-02069,ses-20261008-4665,스무디,2,strawberry_smoothie,2026-10-07T04:54:51Z
sch-02070,ses-20261008-4667,스무디,3,strawberry_smoothie,2026-10-05T16:09:52Z
sch-02071,ses-20261008-4668,밀크티,0,,2026-09-19T20:27:06Z
sch-02072,ses-20261008-4669,딸기,1,strawberry_smoothie,2026-10-05T17:55:18Z
sch-02073,ses-20261008-4675,샌드위치,0,,2026-09-16T20:45:18Z
sch-02074,ses-20261008-4676,콜드브루,2,coldbrew,2026-09-28T16:19:54Z
sch-02075,ses-20261008-4677,아아,4,americano,2026-09-18T16:57:54Z
sch-02076,ses-20261008-4678,스무디,1,strawberry_smoothie,2026-09-29T16:40:15Z
sch-02077,ses-20261008-4679,라떼,1,,2026-10-01T16:32:18Z
sch-02078,ses-20261008-4681,라떼,3,cafe_latte,2026-10-07T04:10:23Z
sch-02079,ses-20261008-4682,디카페인,3,decaf_americano,2026-10-03T17:28:11Z
sch-02080,ses-20261008-4683,라떼,1,cafe_latte,2026-09-29T01:55:36Z
sch-02081,ses-20261008-4686,망고,3,,2026-09-26T21:44:49Z
sch-02082,ses-20261008-4687,콜드브루,1,coldbrew,2026-10-02T16:27:32Z
sch-02083,ses-20261008-4688,스무디,2,strawberry_smoothie,2026-09-23T16:22:19Z
sch-02084,ses-20261008-4691,말차,3,,2026-10-01T00:48:01Z
sch-02085,ses-20261008-4692,말차,2,matcha_latte,2026-09-28T20:47:19Z
sch-02086,ses-20261008-4693,바닐라라떼,4,vanilla_latte,2026-09-28T16:03:18Z
sch-02087,ses-20261008-4694,망고,4,,2026-09-16T22:25:12Z
sch-02088,ses-20261008-4695,딸기,1,strawberry_smoothie,2026-09-26T16:39:13Z
sch-02089,ses-20261008-4697,말차,1,matcha_latte,2026-09-16T16:05:56Z
sch-02090,ses-20261008-4698,바닐라라떼,1,vanilla_latte,2026-10-07T21:04:54Z
sch-02091,ses-20261008-4699,디카페인,4,,2026-09-20T03:25:50Z
sch-02092,ses-20261008-4700,딸기,1,strawberry_smoothie,2026-10-06T21:43:24Z
sch-02093,ses-20261008-4702,말차,4,matcha_latte,2026-09-23T20:59:35Z
sch-02094,ses-20261008-4703,라떼,3,cafe_latte,2026-09-28T17:45:03Z
sch-02095,ses-20261008-4704,아메리카노,3,americano,2026-09-30T01:07:58Z
sch-02096,ses-20261008-4705,아이스티,2,peach_iced_tea,2026-09-28T16:28:04Z
sch-02097,ses-20261008-4708,에이드,4,lemon_ade,2026-09-17T02:47:10Z
sch-02098,ses-20261008-4711,망고,4,mango_smoothie,2026-09-30T16:54:28Z
sch-02099,ses-20261008-4715,밀크티,0,,2026-09-27T17:06:56Z
sch-02100,ses-20261008-4719,콜드브루,2,coldbrew,2026-09-26T22:15:21Z
sch-02101,ses-20261008-4723,샌드위치,0,,2026-09-19T17:34:06Z
sch-02102,ses-20261008-4726,스무디,4,strawberry_smoothie,2026-10-07T17:42:16Z
sch-02103,ses-20261008-4727,에이드,3,lemon_ade,2026-09-18T21:55:41Z
sch-02104,ses-20261008-4728,콜드브루,4,coldbrew,2026-09-19T16:19:14Z
sch-02105,ses-20261008-4739,밀크티,0,,2026-09-24T17:25:38Z
sch-02106,ses-20261008-4740,콜드브루,2,coldbrew,2026-09-26T20:52:24Z
sch-02107,ses-20261008-4744,말차,2,matcha_latte,2026-09-23T20:08:13Z
sch-02108,ses-20261008-4746,스무디,3,,2026-10-08T21:12:48Z
sch-02109,ses-20261008-4747,스무디,4,strawberry_smoothie,2026-09-25T23:34:53Z
sch-02110,ses-20261008-4749,딸기,3,strawberry_smoothie,2026-09-20T21:10:50Z
sch-02111,ses-20261008-4751,스무디,3,strawberry_smoothie,2026-09-26T20:47:11Z
sch-02112,ses-20261008-4753,아메리카노,2,,2026-09-22T20:31:47Z
sch-02113,ses-20261008-4754,라떼,4,cafe_latte,2026-09-17T23:18:34Z
sch-02114,ses-20261008-4757,망고,1,mango_smoothie,2026-09-29T00:22:14Z
sch-02115,ses-20261008-4762,샌드위치,0,,2026-10-01T17:18:26Z
sch-02116,ses-20261008-4763,에이드,2,,2026-09-28T21:35:03Z
sch-02117,ses-20261008-4764,아메리카노,1,americano,2026-09-18T16:35:39Z
sch-02118,ses-20261008-4765,딸기,3,strawberry_smoothie,2026-10-05T20:12:07Z
sch-02119,ses-20261008-4770,샌드위치,0,,2026-10-07T01:15:31Z
sch-02120,ses-20261008-4772,말차,1,,2026-09-22T21:23:06Z
sch-02121,ses-20261008-4776,딸기,4,strawberry_smoothie,2026-09-22T23:39:43Z
sch-02122,ses-20261008-4777,콜드브루,4,coldbrew,2026-09-15T21:42:39Z
sch-02123,ses-20261008-4780,스무디,3,,2026-09-21T16:27:01Z
sch-02124,ses-20261008-4781,라떼,4,,2026-09-26T20:15:41Z
sch-02125,ses-20261008-4782,말차,3,matcha_latte,2026-09-28T02:22:17Z
sch-02126,ses-20261008-4783,밀크티,0,,2026-10-04T20:11:39Z
sch-02127,ses-20261008-4785,망고,1,,2026-10-07T00:59:02Z
sch-02128,ses-20261008-4789,에이드,4,lemon_ade,2026-09-27T20:40:24Z
sch-02129,ses-20261008-4794,스무디,3,strawberry_smoothie,2026-09-23T22:19:17Z
sch-02130,ses-20261008-4798,샌드위치,0,,2026-09-30T16:41:47Z
sch-02131,ses-20261008-4799,에이드,2,,2026-09-30T20:10:27Z
sch-02132,ses-20261008-4800,아아,3,americano,2026-10-06T16:14:01Z
sch-02133,ses-20261008-4801,아이스티,4,peach_iced_tea,2026-10-07T16:42:16Z
sch-02134,ses-20261008-4803,아아,4,americano,2026-09-20T21:38:03Z
sch-02135,ses-20261008-4804,콜드브루,2,,2026-10-02T16:17:31Z
sch-02136,ses-20261008-4806,스무디,3,strawberry_smoothie,2026-10-07T00:32:50Z
sch-02137,ses-20261008-4809,아아,4,americano,2026-09-29T21:15:50Z
sch-02138,ses-20261008-4814,망고,1,mango_smoothie,2026-09-29T03:46:42Z
sch-02139,ses-20261008-4815,밀크티,0,,2026-10-05T21:57:43Z
sch-02140,ses-20261008-4817,말차,4,matcha_latte,2026-10-01T16:30:35Z
sch-02141,ses-20261008-4818,에이드,3,,2026-09-17T21:14:50Z
sch-02142,ses-20261008-4819,아이스티,4,,2026-09-24T16:01:52Z
sch-02143,ses-20261008-4820,바닐라라떼,1,vanilla_latte,2026-09-26T22:06:16Z
sch-02144,ses-20261008-4822,콜드브루,4,coldbrew,2026-09-29T17:58:54Z
sch-02145,ses-20261008-4823,말차,4,matcha_latte,2026-09-17T22:54:23Z
sch-02146,ses-20261008-4824,말차,1,matcha_latte,2026-09-26T17:54:02Z
sch-02147,ses-20261008-4825,콜드브루,4,,2026-09-15T17:10:05Z
sch-02148,ses-20261008-4829,아이스티,2,peach_iced_tea,2026-10-02T21:45:52Z
sch-02149,ses-20261008-4830,아이스티,3,,2026-09-17T22:03:39Z
sch-02150,ses-20261008-4832,망고,1,mango_smoothie,2026-09-26T00:40:33Z
sch-02151,ses-20261008-4834,라떼,1,cafe_latte,2026-10-05T16:57:21Z
sch-02152,ses-20261008-4835,아이스티,2,peach_iced_tea,2026-09-22T20:47:21Z
sch-02153,ses-20261008-4836,디카페인,1,,2026-10-01T16:07:08Z
sch-02154,ses-20261008-4837,샌드위치,0,,2026-10-05T16:26:21Z
sch-02155,ses-20261008-4843,아아,3,,2026-09-24T21:17:51Z
sch-02156,ses-20261008-4844,밀크티,0,,2026-09-26T00:25:59Z
sch-02157,ses-20261008-4845,스무디,4,strawberry_smoothie,2026-10-06T22:51:01Z
sch-02158,ses-20261008-4846,아이스티,3,peach_iced_tea,2026-09-30T00:05:18Z
sch-02159,ses-20261008-4847,아메리카노,3,americano,2026-10-08T20:42:28Z
sch-02160,ses-20261008-4848,바닐라라떼,4,,2026-10-03T03:04:00Z
sch-02161,ses-20261008-4852,스무디,2,strawberry_smoothie,2026-09-18T00:25:36Z
sch-02162,ses-20261008-4853,콜드브루,4,coldbrew,2026-09-25T17:07:42Z
sch-02163,ses-20261008-4856,딸기,3,strawberry_smoothie,2026-09-29T16:07:00Z
sch-02164,ses-20261008-4860,아메리카노,2,americano,2026-09-27T16:49:32Z
sch-02165,ses-20261008-4861,샌드위치,0,,2026-10-07T20:35:22Z
sch-02166,ses-20261008-4864,라떼,1,,2026-09-30T21:19:18Z
sch-02167,ses-20261008-4866,말차,2,matcha_latte,2026-10-09T01:52:49Z
sch-02168,ses-20261008-4867,바닐라라떼,4,,2026-09-23T16:47:38Z
sch-02169,ses-20261008-4869,망고,3,mango_smoothie,2026-09-27T17:40:58Z
sch-02170,ses-20261008-4870,디카페인,1,decaf_americano,2026-10-03T21:50:14Z
sch-02171,ses-20261008-4871,라떼,2,,2026-10-09T04:06:59Z
sch-02172,ses-20261008-4873,딸기,2,strawberry_smoothie,2026-10-02T17:53:23Z
sch-02173,ses-20261008-4876,디카페인,3,,2026-10-06T22:29:40Z
sch-02174,ses-20261008-4878,에이드,3,lemon_ade,2026-09-28T16:04:31Z
sch-02175,ses-20261008-4879,스무디,4,strawberry_smoothie,2026-10-05T16:49:59Z
sch-02176,ses-20261008-4880,딸기,4,strawberry_smoothie,2026-09-18T23:21:40Z
sch-02177,ses-20261008-4882,딸기,2,strawberry_smoothie,2026-10-01T22:03:51Z
sch-02178,ses-20261008-4884,아아,1,,2026-09-28T17:29:24Z
sch-02179,ses-20261008-4885,아아,4,americano,2026-09-15T21:55:09Z
sch-02180,ses-20261008-4886,라떼,4,cafe_latte,2026-09-15T22:02:13Z
sch-02181,ses-20261008-4887,아이스티,2,peach_iced_tea,2026-09-24T04:47:35Z
sch-02182,ses-20261008-4888,밀크티,0,,2026-09-27T20:18:01Z
sch-02183,ses-20261008-4890,딸기,3,strawberry_smoothie,2026-09-25T17:16:58Z
sch-02184,ses-20261008-4892,라떼,2,cafe_latte,2026-09-29T17:19:04Z
sch-02185,ses-20261008-4894,스무디,4,strawberry_smoothie,2026-09-19T23:12:57Z
sch-02186,ses-20261008-4897,에이드,2,lemon_ade,2026-10-09T04:08:58Z
sch-02187,ses-20261008-4898,바닐라라떼,4,vanilla_latte,2026-10-05T20:27:27Z
sch-02188,ses-20261008-4899,라떼,4,cafe_latte,2026-09-29T20:29:20Z
sch-02189,ses-20261008-4906,콜드브루,3,coldbrew,2026-09-19T21:09:18Z
sch-02190,ses-20261008-4907,스무디,4,strawberry_smoothie,2026-10-03T23:20:12Z
sch-02191,ses-20261008-4911,말차,3,,2026-09-29T00:08:56Z
sch-02192,ses-20261008-4912,에이드,3,lemon_ade,2026-10-02T21:09:18Z
sch-02193,ses-20261008-4915,디카페인,2,decaf_americano,2026-10-04T21:14:10Z
sch-02194,ses-20261008-4917,스무디,4,,2026-09-22T20:41:47Z
sch-02195,ses-20261008-4918,라떼,2,,2026-09-23T16:44:55Z
sch-02196,ses-20261008-4920,아아,4,americano,2026-09-24T20:53:23Z
sch-02197,ses-20261008-4927,에이드,2,lemon_ade,2026-09-18T20:41:16Z
sch-02198,ses-20261008-4931,아이스티,2,peach_iced_tea,2026-09-26T16:02:58Z
sch-02199,ses-20261008-4932,아이스티,4,peach_iced_tea,2026-10-02T22:15:26Z
sch-02200,ses-20261008-4937,망고,3,mango_smoothie,2026-09-22T21:30:11Z
sch-02201,ses-20261008-4938,스무디,1,,2026-10-05T21:00:02Z
sch-02202,ses-20261008-4942,아메리카노,3,americano,2026-09-30T21:00:56Z
sch-02203,ses-20261008-4943,망고,4,mango_smoothie,2026-09-18T23:42:11Z
sch-02204,ses-20261008-4944,샌드위치,0,,2026-09-24T21:04:00Z
sch-02205,ses-20261008-4945,딸기,4,strawberry_smoothie,2026-09-27T16:43:25Z
sch-02206,ses-20261008-4946,에이드,3,,2026-09-28T20:02:22Z
sch-02207,ses-20261008-4949,말차,4,,2026-10-06T20:09:52Z
sch-02208,ses-20261008-4951,샌드위치,0,,2026-10-01T20:29:36Z
sch-02209,ses-20261008-4954,아메리카노,3,americano,2026-09-30T03:06:35Z
sch-02210,ses-20261008-4956,바닐라라떼,3,,2026-09-18T01:48:04Z
sch-02211,ses-20261008-4957,에이드,2,lemon_ade,2026-10-03T21:32:40Z
sch-02212,ses-20261008-4959,망고,4,,2026-09-28T02:03:23Z
sch-02213,ses-20261008-4960,스무디,3,strawberry_smoothie,2026-10-04T22:51:07Z
sch-02214,ses-20261008-4962,샌드위치,0,,2026-09-28T21:28:05Z
sch-02215,ses-20261008-4965,라떼,2,cafe_latte,2026-09-24T20:35:38Z
sch-02216,ses-20261008-4966,딸기,1,,2026-09-19T03:05:09Z
sch-02217,ses-20261008-4967,디카페인,4,decaf_americano,2026-09-16T17:03:21Z
sch-02218,ses-20261008-4968,샌드위치,0,,2026-10-06T04:48:32Z
sch-02219,ses-20261008-4970,아메리카노,3,americano,2026-09-26T17:12:11Z
sch-02220,ses-20261008-4972,말차,3,matcha_latte,2026-09-28T17:36:16Z
sch-02221,ses-20261008-4973,아이스티,1,,2026-09-24T16:34:59Z
sch-02222,ses-20261008-4974,스무디,4,strawberry_smoothie,2026-10-08T17:30:54Z
sch-02223,ses-20261008-4975,딸기,3,strawberry_smoothie,2026-10-08T17:51:01Z
sch-02224,ses-20261008-4977,스무디,2,,2026-10-04T20:44:22Z
sch-02225,ses-20261008-4978,아이스티,4,peach_iced_tea,2026-10-06T03:40:28Z
sch-02226,ses-20261008-4979,딸기,3,strawberry_smoothie,2026-10-04T20:21:14Z
sch-02227,ses-20261008-4985,바닐라라떼,4,vanilla_latte,2026-09-23T03:10:48Z
sch-02228,ses-20261008-4986,아이스티,2,peach_iced_tea,2026-09-18T17:18:52Z
sch-02229,ses-20261008-4988,아메리카노,4,,2026-09-27T20:44:06Z
sch-02230,ses-20261008-4990,말차,1,matcha_latte,2026-09-25T16:15:09Z
sch-02231,ses-20261008-4991,라떼,3,cafe_latte,2026-09-21T00:55:34Z
sch-02232,ses-20261008-4996,콜드브루,3,,2026-09-27T21:24:00Z
sch-02233,ses-20261008-4998,콜드브루,2,coldbrew,2026-10-01T00:52:54Z
sch-02234,ses-20261008-4999,딸기,2,,2026-10-04T21:01:25Z
