session_id,user_id,is_member,channel,session_duration_ms,category_path,is_abandoned,abandon_stage,abandon_reason,order_id,timestamp
ses-20261008-0001,guest-0126,False,PWA,100216,"[""all"", ""coffee"", ""tea"", ""ade""]",False,,,ORD-0001,2026-10-01T00:45:27Z
ses-20261008-0002,usr-0206,True,PWA,73848,"[""all"", ""tea""]",False,,,ORD-0002,2026-09-21T21:36:05Z
ses-20261008-0003,guest-0067,False,PWA,117150,"[""all"", ""smoothie""]",False,,,ORD-0003,2026-09-20T21:51:18Z
ses-20261008-0004,usr-0206,True,PWA,92687,"[""all"", ""tea"", ""coffee"", ""smoothie"", ""decaf""]",False,,,ORD-0004,2026-10-04T21:09:05Z
ses-20261008-0005,guest-0098,False,PWA,101704,"[""all"", ""ade"", ""tea"", ""smoothie"", ""coffee""]",False,,,ORD-0005,2026-09-19T20:38:13Z
ses-20261008-0006,usr-0366,True,PWA,137804,"[""all"", ""coffee"", ""ade""]",False,,,ORD-0006,2026-09-28T00:04:06Z
ses-20261008-0007,usr-0130,True,PWA,89689,"[""all"", ""decaf""]",False,,,ORD-0007,2026-10-01T21:25:42Z
ses-20261008-0008,guest-0111,False,PWA,127329,"[""all"", ""ade"", ""decaf""]",False,,,ORD-0008,2026-09-25T03:39:53Z
ses-20261008-0009,usr-0118,True,PWA,24179,"[""all"", ""coffee"", ""smoothie""]",False,,,ORD-0009,2026-09-20T17:10:45Z
ses-20261008-0010,usr-0087,True,PWA,90691,"[""all"", ""tea"", ""coffee""]",False,,,ORD-0010,2026-10-08T21:36:57Z
ses-20261008-0011,usr-0349,True,PWA,70283,"[""all"", ""coffee""]",False,,,ORD-0011,2026-09-18T20:53:20Z
ses-20261008-0012,guest-0146,False,PWA,108516,"[""all"", ""coffee""]",False,,,ORD-0012,2026-09-19T16:51:41Z
ses-20261008-0013,guest-0042,False,PWA,99343,"[""all"", ""tea"", ""coffee"", ""decaf"", ""ade""]",False,,,ORD-0013,2026-09-28T00:41:48Z
ses-20261008-0014,usr-0138,True,PWA,12000,"[""all"", ""decaf"", ""tea"", ""smoothie""]",False,,,ORD-0014,2026-10-03T20:48:27Z
ses-20261008-0015,usr-0366,True,PWA,90552,"[""all"", ""ade"", ""smoothie""]",False,,,ORD-0015,2026-09-20T04:40:41Z
ses-20261008-0016,usr-0262,True,PWA,129364,"[""all"", ""ade"", ""decaf""]",True,OPTION_MODAL,WAIT_TIME_LONG,,2026-09-28T21:42:46Z
ses-20261008-0017,usr-0094,True,PWA,62229,"[""all"", ""decaf""]",False,,,ORD-0016,2026-09-27T17:56:45Z
ses-20261008-0018,guest-0028,False,PWA,117852,"[""all"", ""smoothie""]",False,,,ORD-0017,2026-09-28T20:25:07Z
ses-20261008-0019,usr-0354,True,PWA,19803,"[""all"", ""tea""]",False,,,ORD-0018,2026-10-06T21:05:08Z
ses-20261008-0020,guest-0049,False,PWA,95333,"[""all"", ""coffee""]",True,OPTION_MODAL,WAIT_TIME_LONG,,2026-09-17T17:09:30Z
ses-20261008-0021,guest-0150,False,PWA,149183,"[""all"", ""smoothie""]",True,CART_SHEET,PRICE_HIGH,,2026-09-22T17:03:21Z
ses-20261008-0022,usr-0149,True,PWA,71864,"[""all"", ""smoothie"", ""tea""]",False,,,ORD-0019,2026-09-16T21:32:37Z
ses-20261008-0023,usr-0230,True,PWA,82407,"[""all"", ""ade""]",False,,,ORD-0020,2026-10-07T20:18:46Z
ses-20261008-0024,guest-0121,False,PWA,53862,"[""all"", ""smoothie""]",False,,,ORD-0021,2026-09-20T21:44:47Z
ses-20261008-0025,usr-0347,True,PWA,25525,"[""all"", ""coffee""]",False,,,ORD-0022,2026-09-20T16:51:04Z
ses-20261008-0026,usr-0286,True,PWA,122717,"[""all"", ""coffee"", ""decaf""]",False,,,ORD-0023,2026-09-24T04:55:32Z
ses-20261008-0027,guest-0027,False,PWA,115339,"[""all"", ""tea""]",False,,,ORD-0024,2026-10-02T16:10:40Z
ses-20261008-0028,usr-0213,True,PWA,121050,"[""all"", ""coffee"", ""ade""]",False,,,ORD-0025,2026-09-15T17:21:18Z
ses-20261008-0029,guest-0106,False,PWA,150000,"[""all"", ""coffee""]",True,OPTION_MODAL,WAIT_TIME_LONG,,2026-09-29T04:50:43Z
ses-20261008-0030,usr-0162,True,PWA,106950,"[""all"", ""coffee""]",False,,,ORD-0026,2026-09-28T02:27:03Z
ses-20261008-0031,usr-0349,True,PWA,26823,"[""all"", ""ade""]",False,,,ORD-0027,2026-10-07T21:46:47Z
ses-20261008-0032,usr-0333,True,PWA,133468,"[""all"", ""smoothie"", ""tea""]",False,,,ORD-0028,2026-09-28T00:05:02Z
ses-20261008-0033,usr-0277,True,PWA,32839,"[""all"", ""coffee"", ""decaf"", ""tea"", ""ade""]",False,,,ORD-0029,2026-10-03T17:46:27Z
ses-20261008-0034,guest-0117,False,PWA,114616,"[""all"", ""decaf"", ""tea""]",False,,,ORD-0030,2026-09-26T04:37:36Z
ses-20261008-0035,usr-0218,True,PWA,89192,"[""all"", ""tea""]",False,,,ORD-0031,2026-09-28T16:27:56Z
ses-20261008-0036,usr-0259,True,PWA,134982,"[""all"", ""decaf"", ""coffee""]",True,CART_SHEET,PRICE_HIGH,,2026-09-19T21:08:45Z
ses-20261008-0037,usr-0081,True,PWA,119508,"[""all"", ""coffee""]",False,,,ORD-0032,2026-10-02T20:38:54Z
ses-20261008-0038,guest-0073,False,PWA,118172,"[""all"", ""coffee"", ""decaf""]",False,,,ORD-0033,2026-09-21T17:00:07Z
ses-20261008-0039,usr-0231,True,PWA,134760,"[""all"", ""decaf"", ""smoothie""]",False,,,ORD-0034,2026-10-06T21:05:51Z
ses-20261008-0040,usr-0330,True,PWA,18768,"[""all"", ""smoothie""]",False,,,ORD-0035,2026-10-02T16:36:33Z
ses-20261008-0041,guest-0071,False,PWA,47648,"[""all"", ""ade"", ""smoothie""]",False,,,ORD-0036,2026-09-21T17:05:51Z
ses-20261008-0042,usr-0087,True,PWA,107232,"[""all"", ""smoothie""]",False,,,ORD-0037,2026-09-24T17:49:05Z
ses-20261008-0043,usr-0193,True,PWA,101628,"[""all"", ""smoothie"", ""decaf""]",False,,,ORD-0038,2026-09-18T16:48:38Z
ses-20261008-0044,guest-0173,False,PWA,125317,"[""all"", ""coffee""]",False,,,ORD-0039,2026-09-18T16:19:36Z
ses-20261008-0045,usr-0285,True,PWA,87701,"[""all"", ""tea""]",False,,,ORD-0040,2026-09-29T17:53:39Z
ses-20261008-0046,usr-0358,True,PWA,28490,"[""all"", ""decaf""]",False,,,ORD-0041,2026-09-19T00:56:27Z
ses-20261008-0047,guest-0116,False,PWA,131845,"[""all"", ""decaf"", ""ade""]",False,,,ORD-0042,2026-09-23T17:21:13Z
ses-20261008-0048,usr-0040,True,PWA,104555,"[""all"", ""smoothie""]",False,,,ORD-0043,2026-10-02T17:43:07Z
ses-20261008-0049,usr-0005,True,PWA,110365,"[""all"", ""tea"", ""coffee""]",False,,,ORD-0044,2026-09-23T00:43:58Z
ses-20261008-0050,guest-0164,False,PWA,88163,"[""all"", ""decaf"", ""tea""]",False,,,ORD-0045,2026-09-27T17:36:32Z
ses-20261008-0051,guest-0059,False,PWA,105328,"[""all"", ""decaf"", ""ade""]",False,,,ORD-0046,2026-10-02T00:12:54Z
ses-20261008-0052,usr-0349,True,PWA,24556,"[""all"", ""tea""]",False,,,ORD-0047,2026-10-01T21:33:48Z
ses-20261008-0053,guest-0058,False,PWA,99323,"[""all"", ""ade""]",False,,,ORD-0048,2026-10-07T20:58:15Z
ses-20261008-0054,usr-0171,True,PWA,106422,"[""all"", ""coffee"", ""smoothie""]",False,,,ORD-0049,2026-10-01T22:49:38Z
ses-20261008-0055,guest-0015,False,PWA,104418,"[""all"", ""decaf"", ""coffee""]",False,,,ORD-0050,2026-09-24T21:04:06Z
ses-20261008-0056,usr-0334,True,PWA,86496,"[""all"", ""coffee"", ""decaf""]",False,,,ORD-0051,2026-10-07T01:33:21Z
ses-20261008-0057,usr-0066,True,PWA,17321,"[""all"", ""tea"", ""decaf"", ""smoothie""]",False,,,ORD-0052,2026-09-24T21:19:37Z
ses-20261008-0058,guest-0109,False,PWA,85286,"[""all"", ""coffee""]",False,,,ORD-0053,2026-09-26T16:40:58Z
ses-20261008-0059,usr-0233,True,PWA,16011,"[""all"", ""smoothie"", ""tea""]",False,,,ORD-0054,2026-09-16T20:40:14Z
ses-20261008-0060,usr-0285,True,PWA,31159,"[""all"", ""ade"", ""coffee""]",False,,,ORD-0055,2026-09-18T17:12:40Z
ses-20261008-0061,usr-0090,True,PWA,140437,"[""all"", ""ade""]",False,,,ORD-0056,2026-09-25T23:11:12Z
ses-20261008-0062,usr-0270,True,PWA,25947,"[""all"", ""tea""]",False,,,ORD-0057,2026-10-05T04:04:07Z
ses-20261008-0063,usr-0326,True,PWA,153829,"[""all"", ""ade"", ""tea"", ""smoothie""]",False,,,ORD-0058,2026-09-23T04:37:12Z
ses-20261008-0064,guest-0096,False,PWA,94209,"[""all"", ""smoothie""]",False,,,ORD-0059,2026-09-30T20:20:45Z
ses-20261008-0065,guest-0116,False,PWA,95277,"[""all"", ""tea""]",True,OPTION_MODAL,PRICE_HIGH,,2026-09-22T21:27:56Z
ses-20261008-0066,usr-0228,True,PWA,126052,"[""all"", ""smoothie"", ""decaf""]",False,,,ORD-0060,2026-10-01T20:29:32Z
ses-20261008-0067,usr-0043,True,PWA,95842,"[""all"", ""coffee"", ""decaf"", ""smoothie""]",False,,,ORD-0061,2026-09-24T22:50:17Z
ses-20261008-0068,guest-0190,False,PWA,87770,"[""all"", ""ade""]",False,,,ORD-0062,2026-10-03T02:49:19Z
ses-20261008-0069,guest-0102,False,PWA,62402,"[""all"", ""decaf"", ""smoothie""]",False,,,ORD-0063,2026-09-22T16:30:14Z
ses-20261008-0070,usr-0066,True,PWA,114540,"[""all"", ""ade"", ""decaf""]",False,,,ORD-0064,2026-09-25T02:31:51Z
ses-20261008-0071,usr-0312,True,PWA,55008,"[""all"", ""smoothie""]",False,,,ORD-0065,2026-10-04T01:13:25Z
ses-20261008-0072,guest-0099,False,PWA,147856,"[""all"", ""coffee""]",True,CART_SHEET,PRICE_HIGH,,2026-09-24T17:42:33Z
ses-20261008-0073,usr-0057,True,PWA,71551,"[""all"", ""tea""]",False,,,ORD-0066,2026-09-19T21:47:04Z
ses-20261008-0074,usr-0127,True,PWA,109417,"[""all"", ""coffee"", ""ade""]",False,,,ORD-0067,2026-10-01T17:29:29Z
ses-20261008-0075,usr-0317,True,PWA,140115,"[""all"", ""decaf""]",True,PAY_POPUP,TIMEOUT_60S,,2026-10-08T21:58:42Z
ses-20261008-0076,usr-0035,True,PWA,90076,"[""all"", ""decaf""]",False,,,ORD-0068,2026-10-07T23:58:31Z
ses-20261008-0077,usr-0384,True,PWA,95105,"[""all"", ""coffee""]",False,,,ORD-0069,2026-09-29T21:54:12Z
ses-20261008-0078,usr-0091,True,PWA,105073,"[""all"", ""coffee"", ""ade""]",False,,,ORD-0070,2026-09-24T17:10:04Z
ses-20261008-0079,usr-0053,True,PWA,125429,"[""all"", ""smoothie""]",False,,,ORD-0071,2026-09-27T21:03:38Z
ses-20261008-0080,guest-0025,False,PWA,94017,"[""all"", ""ade"", ""decaf""]",False,,,ORD-0072,2026-10-06T16:02:26Z
ses-20261008-0081,usr-0335,True,PWA,28514,"[""all"", ""ade""]",False,,,ORD-0073,2026-09-25T16:29:14Z
ses-20261008-0082,usr-0275,True,PWA,111206,"[""all"", ""smoothie"", ""tea"", ""decaf"", ""coffee""]",False,,,ORD-0074,2026-10-03T16:38:20Z
ses-20261008-0083,usr-0380,True,PWA,126091,"[""all"", ""coffee"", ""ade""]",False,,,ORD-0075,2026-09-22T20:14:01Z
ses-20261008-0084,guest-0035,False,PWA,136155,"[""all"", ""ade"", ""coffee"", ""smoothie"", ""tea""]",True,CART_SHEET,WAIT_TIME_LONG,,2026-09-23T16:33:50Z
ses-20261008-0085,usr-0352,True,PWA,38471,"[""all"", ""coffee""]",False,,,ORD-0076,2026-10-08T01:33:20Z
ses-20261008-0086,usr-0105,True,PWA,101322,"[""all"", ""tea""]",False,,,ORD-0077,2026-09-22T21:46:29Z
ses-20261008-0087,usr-0226,True,PWA,24145,"[""all"", ""smoothie"", ""coffee"", ""tea""]",False,,,ORD-0078,2026-09-28T21:48:09Z
ses-20261008-0088,usr-0311,True,PWA,85658,"[""all"", ""tea""]",False,,,ORD-0079,2026-09-30T16:45:30Z
ses-20261008-0089,usr-0302,True,PWA,24376,"[""all"", ""decaf""]",False,,,ORD-0080,2026-09-17T20:58:07Z
ses-20261008-0090,usr-0353,True,PWA,37613,"[""all"", ""tea"", ""smoothie""]",False,,,ORD-0081,2026-09-26T21:59:27Z
ses-20261008-0091,usr-0076,True,PWA,59412,"[""all"", ""tea"", ""coffee""]",False,,,ORD-0082,2026-09-23T20:16:15Z
ses-20261008-0092,usr-0196,True,PWA,77270,"[""all"", ""coffee"", ""decaf"", ""ade""]",False,,,ORD-0083,2026-10-03T17:48:56Z
ses-20261008-0093,guest-0126,False,PWA,128729,"[""all"", ""smoothie"", ""tea""]",False,,,ORD-0084,2026-09-15T17:33:26Z
ses-20261008-0094,guest-0105,False,PWA,158060,"[""all"", ""ade""]",False,,,ORD-0085,2026-09-29T20:55:40Z
ses-20261008-0095,usr-0022,True,PWA,19756,"[""all"", ""ade"", ""smoothie""]",False,,,ORD-0086,2026-09-18T16:24:38Z
ses-20261008-0096,guest-0171,False,PWA,114231,"[""all"", ""coffee""]",False,,,ORD-0087,2026-09-27T20:22:55Z
ses-20261008-0097,guest-0193,False,PWA,100943,"[""all"", ""coffee"", ""ade""]",False,,,ORD-0088,2026-09-22T21:32:26Z
ses-20261008-0098,guest-0026,False,PWA,67766,"[""all"", ""decaf"", ""coffee"", ""smoothie""]",False,,,ORD-0089,2026-10-08T20:45:09Z
ses-20261008-0099,usr-0124,True,PWA,24483,"[""all"", ""coffee"", ""tea"", ""smoothie"", ""ade""]",False,,,ORD-0090,2026-09-22T16:06:27Z
ses-20261008-0100,usr-0372,True,PWA,131807,"[""all"", ""decaf"", ""coffee"", ""ade""]",False,,,ORD-0091,2026-09-30T17:55:14Z
ses-20261008-0101,usr-0380,True,PWA,102952,"[""all"", ""ade""]",False,,,ORD-0092,2026-10-04T04:07:36Z
ses-20261008-0102,usr-0340,True,PWA,103545,"[""all"", ""smoothie"", ""ade""]",False,,,ORD-0093,2026-10-04T20:25:00Z
ses-20261008-0103,usr-0258,True,PWA,29984,"[""all"", ""ade""]",False,,,ORD-0094,2026-10-07T17:40:53Z
ses-20261008-0104,guest-0058,False,PWA,101614,"[""all"", ""ade"", ""tea""]",False,,,ORD-0095,2026-10-07T23:54:31Z
ses-20261008-0105,guest-0073,False,PWA,65742,"[""all"", ""tea""]",False,,,ORD-0096,2026-10-08T04:54:35Z
ses-20261008-0106,usr-0384,True,PWA,19724,"[""all"", ""coffee"", ""tea"", ""smoothie""]",False,,,ORD-0097,2026-09-21T22:23:46Z
ses-20261008-0107,guest-0046,False,PWA,138114,"[""all"", ""smoothie"", ""tea"", ""coffee"", ""ade""]",False,,,ORD-0098,2026-09-16T17:37:27Z
ses-20261008-0108,usr-0228,True,PWA,94244,"[""all"", ""decaf"", ""tea""]",False,,,ORD-0099,2026-09-26T16:05:07Z
ses-20261008-0109,usr-0167,True,PWA,96884,"[""all"", ""smoothie"", ""decaf""]",True,CART_SHEET,WAIT_TIME_LONG,,2026-09-17T23:25:52Z
ses-20261008-0110,usr-0386,True,PWA,84692,"[""all"", ""tea"", ""coffee""]",False,,,ORD-0100,2026-09-22T02:11:55Z
ses-20261008-0111,usr-0153,True,PWA,16888,"[""all"", ""ade""]",False,,,ORD-0101,2026-09-27T02:27:42Z
ses-20261008-0112,usr-0276,True,PWA,86763,"[""all"", ""coffee""]",False,,,ORD-0102,2026-10-01T16:42:52Z
ses-20261008-0113,usr-0234,True,PWA,112469,"[""all"", ""tea""]",False,,,ORD-0103,2026-09-18T04:27:44Z
ses-20261008-0114,guest-0064,False,PWA,126138,"[""all"", ""ade""]",False,,,ORD-0104,2026-09-17T16:43:35Z
ses-20261008-0115,guest-0057,False,PWA,63795,"[""all"", ""ade"", ""smoothie""]",False,,,ORD-0105,2026-09-28T02:11:33Z
ses-20261008-0116,guest-0104,False,PWA,71843,"[""all"", ""tea"", ""decaf""]",False,,,ORD-0106,2026-09-30T21:00:43Z
ses-20261008-0117,usr-0182,True,PWA,127682,"[""all"", ""tea"", ""ade"", ""smoothie""]",False,,,ORD-0107,2026-09-29T21:27:33Z
ses-20261008-0118,usr-0147,True,PWA,96152,"[""all"", ""tea"", ""smoothie""]",False,,,ORD-0108,2026-10-03T02:27:43Z
ses-20261008-0119,guest-0180,False,PWA,81261,"[""all"", ""decaf"", ""coffee"", ""ade"", ""tea""]",False,,,ORD-0109,2026-10-02T23:47:42Z
ses-20261008-0120,usr-0088,True,PWA,59512,"[""all"", ""decaf""]",False,,,ORD-0110,2026-09-27T03:58:43Z
ses-20261008-0121,guest-0165,False,PWA,146272,"[""all"", ""smoothie"", ""coffee"", ""tea""]",True,OPTION_MODAL,PRICE_HIGH,,2026-10-01T22:59:29Z
ses-20261008-0122,usr-0005,True,PWA,118258,"[""all"", ""tea"", ""smoothie""]",False,,,ORD-0111,2026-09-18T20:05:33Z
ses-20261008-0123,usr-0072,True,PWA,101191,"[""all"", ""tea"", ""coffee"", ""smoothie""]",False,,,ORD-0112,2026-09-26T22:22:56Z
ses-20261008-0124,guest-0183,False,PWA,135428,"[""all"", ""smoothie"", ""tea"", ""coffee""]",True,OPTION_MODAL,WAIT_TIME_LONG,,2026-09-19T17:32:46Z
ses-20261008-0125,usr-0177,True,PWA,30130,"[""all"", ""smoothie"", ""coffee"", ""tea""]",False,,,ORD-0113,2026-10-01T16:03:43Z
ses-20261008-0126,usr-0144,True,PWA,116960,"[""all"", ""smoothie""]",False,,,ORD-0114,2026-09-18T23:42:52Z
ses-20261008-0127,usr-0206,True,PWA,20656,"[""all"", ""decaf""]",False,,,ORD-0115,2026-09-16T16:59:09Z
ses-20261008-0128,usr-0246,True,PWA,115635,"[""all"", ""ade""]",False,,,ORD-0116,2026-09-16T20:19:07Z
ses-20261008-0129,guest-0026,False,PWA,87154,"[""all"", ""coffee""]",False,,,ORD-0117,2026-09-28T17:23:21Z
ses-20261008-0130,usr-0197,True,PWA,66154,"[""all"", ""coffee"", ""tea""]",False,,,ORD-0118,2026-09-18T02:40:47Z
ses-20261008-0131,usr-0365,True,PWA,13077,"[""all"", ""coffee""]",False,,,ORD-0119,2026-09-24T04:22:57Z
ses-20261008-0132,usr-0357,True,PWA,131602,"[""all"", ""smoothie""]",False,,,ORD-0120,2026-09-19T16:50:44Z
ses-20261008-0133,usr-0095,True,PWA,112489,"[""all"", ""decaf""]",True,CART_SHEET,PRICE_HIGH,,2026-09-15T16:37:44Z
ses-20261008-0134,usr-0363,True,PWA,75584,"[""all"", ""ade"", ""coffee""]",False,,,ORD-0121,2026-09-23T20:14:02Z
ses-20261008-0135,usr-0178,True,PWA,29150,"[""all"", ""decaf"", ""ade"", ""smoothie""]",False,,,ORD-0122,2026-10-05T21:20:05Z
ses-20261008-0136,guest-0138,False,PWA,62739,"[""all"", ""smoothie"", ""ade""]",False,,,ORD-0123,2026-10-07T04:06:46Z
ses-20261008-0137,guest-0102,False,PWA,110259,"[""all"", ""coffee"", ""smoothie"", ""decaf""]",False,,,ORD-0124,2026-09-19T21:23:09Z
ses-20261008-0138,usr-0312,True,PWA,90341,"[""all"", ""smoothie"", ""coffee""]",False,,,ORD-0125,2026-09-21T16:27:15Z
ses-20261008-0139,usr-0023,True,PWA,24341,"[""all"", ""decaf"", ""coffee"", ""smoothie""]",False,,,ORD-0126,2026-09-19T16:17:09Z
ses-20261008-0140,usr-0228,True,PWA,94658,"[""all"", ""ade""]",True,CART_SHEET,PRICE_HIGH,,2026-09-20T17:09:15Z
ses-20261008-0141,guest-0027,False,PWA,121554,"[""all"", ""coffee"", ""tea"", ""smoothie""]",False,,,ORD-0127,2026-10-02T17:09:00Z
ses-20261008-0142,usr-0061,True,PWA,87694,"[""all"", ""tea"", ""smoothie""]",False,,,ORD-0128,2026-09-27T02:57:02Z
ses-20261008-0143,guest-0070,False,PWA,145946,"[""all"", ""coffee"", ""decaf""]",False,,,ORD-0129,2026-09-30T21:51:58Z
ses-20261008-0144,guest-0072,False,PWA,98405,"[""all"", ""ade""]",False,,,ORD-0130,2026-09-19T16:11:49Z
ses-20261008-0145,usr-0215,True,PWA,88955,"[""all"", ""smoothie"", ""coffee"", ""ade""]",True,CART_SHEET,PRICE_HIGH,,2026-10-02T21:34:34Z
ses-20261008-0146,usr-0045,True,PWA,97111,"[""all"", ""smoothie""]",False,,,ORD-0131,2026-09-22T20:54:01Z
ses-20261008-0147,guest-0108,False,PWA,93429,"[""all"", ""tea""]",False,,,ORD-0132,2026-09-22T16:03:47Z
ses-20261008-0148,guest-0107,False,PWA,70029,"[""all"", ""ade"", ""smoothie""]",False,,,ORD-0133,2026-09-20T01:47:08Z
ses-20261008-0149,usr-0203,True,PWA,116644,"[""all"", ""decaf"", ""ade"", ""smoothie""]",False,,,ORD-0134,2026-09-28T21:35:45Z
ses-20261008-0150,usr-0245,True,PWA,24385,"[""all"", ""ade""]",False,,,ORD-0135,2026-09-25T21:52:24Z
ses-20261008-0151,usr-0172,True,PWA,100178,"[""all"", ""decaf""]",False,,,ORD-0136,2026-09-15T16:34:06Z
ses-20261008-0152,guest-0193,False,PWA,99437,"[""all"", ""ade"", ""tea""]",False,,,ORD-0137,2026-09-25T04:12:20Z
ses-20261008-0153,usr-0020,True,PWA,105899,"[""all"", ""tea"", ""decaf""]",False,,,ORD-0138,2026-09-24T17:05:56Z
ses-20261008-0154,usr-0185,True,PWA,89899,"[""all"", ""smoothie"", ""tea""]",False,,,ORD-0139,2026-10-05T01:02:57Z
ses-20261008-0155,guest-0023,False,PWA,122182,"[""all"", ""coffee""]",False,,,ORD-0140,2026-09-30T17:10:59Z
ses-20261008-0156,usr-0147,True,PWA,33801,"[""all"", ""decaf"", ""ade""]",False,,,ORD-0141,2026-09-27T20:28:23Z
ses-20261008-0157,usr-0330,True,PWA,30867,"[""all"", ""tea"", ""coffee""]",False,,,ORD-0142,2026-09-16T23:44:52Z
ses-20261008-0158,usr-0239,True,PWA,78508,"[""all"", ""smoothie""]",False,,,ORD-0143,2026-09-18T16:58:59Z
ses-20261008-0159,usr-0328,True,PWA,120885,"[""all"", ""ade""]",False,,,ORD-0144,2026-09-21T16:38:49Z
ses-20261008-0160,usr-0153,True,PWA,24260,"[""all"", ""ade"", ""tea""]",False,,,ORD-0145,2026-10-07T21:33:13Z
ses-20261008-0161,guest-0043,False,PWA,56463,"[""all"", ""tea"", ""smoothie""]",False,,,ORD-0146,2026-09-21T17:30:30Z
ses-20261008-0162,guest-0082,False,PWA,84983,"[""all"", ""ade"", ""coffee""]",False,,,ORD-0147,2026-09-15T17:59:09Z
ses-20261008-0163,usr-0297,True,PWA,100537,"[""all"", ""tea"", ""smoothie""]",False,,,ORD-0148,2026-09-18T16:26:44Z
ses-20261008-0164,usr-0211,True,PWA,24341,"[""all"", ""tea""]",False,,,ORD-0149,2026-09-26T21:33:48Z
ses-20261008-0165,usr-0146,True,PWA,132168,"[""all"", ""coffee"", ""decaf""]",False,,,ORD-0150,2026-10-06T21:40:18Z
ses-20261008-0166,usr-0017,True,PWA,125561,"[""all"", ""decaf"", ""smoothie""]",False,,,ORD-0151,2026-10-06T17:13:14Z
ses-20261008-0167,guest-0058,False,PWA,100505,"[""all"", ""smoothie"", ""tea"", ""coffee""]",False,,,ORD-0152,2026-10-01T17:19:53Z
ses-20261008-0168,usr-0285,True,PWA,25324,"[""all"", ""decaf"", ""smoothie"", ""coffee""]",False,,,ORD-0153,2026-09-27T17:53:03Z
ses-20261008-0169,usr-0082,True,PWA,115795,"[""all"", ""smoothie"", ""ade""]",False,,,ORD-0154,2026-09-28T16:32:07Z
ses-20261008-0170,usr-0381,True,PWA,29104,"[""all"", ""tea"", ""decaf""]",False,,,ORD-0155,2026-10-08T17:40:40Z
ses-20261008-0171,guest-0097,False,PWA,94227,"[""all"", ""coffee""]",False,,,ORD-0156,2026-09-23T21:05:59Z
ses-20261008-0172,guest-0054,False,PWA,116275,"[""all"", ""coffee"", ""tea""]",True,OPTION_MODAL,WAIT_TIME_LONG,,2026-09-27T16:26:04Z
ses-20261008-0173,usr-0231,True,PWA,94319,"[""all"", ""decaf"", ""coffee""]",True,CART_SHEET,TIMEOUT_60S,,2026-09-20T16:57:11Z
ses-20261008-0174,guest-0032,False,PWA,98530,"[""all"", ""tea"", ""ade""]",True,CART_SHEET,TIMEOUT_60S,,2026-09-21T20:33:32Z
ses-20261008-0175,guest-0033,False,PWA,75074,"[""all"", ""ade"", ""smoothie""]",False,,,ORD-0157,2026-09-23T16:05:22Z
ses-20261008-0176,guest-0151,False,PWA,104968,"[""all"", ""smoothie""]",False,,,ORD-0158,2026-09-24T16:46:31Z
ses-20261008-0177,guest-0131,False,PWA,111344,"[""all"", ""decaf"", ""ade"", ""tea""]",False,,,ORD-0159,2026-09-23T21:38:52Z
ses-20261008-0178,usr-0165,True,PWA,120973,"[""all"", ""tea""]",False,,,ORD-0160,2026-09-22T21:18:38Z
ses-20261008-0179,guest-0108,False,PWA,112260,"[""all"", ""tea"", ""coffee""]",True,CART_SHEET,WAIT_TIME_LONG,,2026-09-18T16:38:20Z
ses-20261008-0180,guest-0136,False,PWA,149768,"[""all"", ""smoothie""]",False,,,ORD-0161,2026-09-16T16:04:30Z
ses-20261008-0181,guest-0127,False,PWA,87817,"[""all"", ""coffee"", ""decaf"", ""smoothie""]",False,,,ORD-0162,2026-10-06T02:53:23Z
ses-20261008-0182,usr-0353,True,PWA,137451,"[""all"", ""coffee"", ""ade"", ""tea""]",False,,,ORD-0163,2026-09-16T16:07:03Z
ses-20261008-0183,guest-0106,False,PWA,125383,"[""all"", ""smoothie""]",False,,,ORD-0164,2026-10-05T20:33:33Z
ses-20261008-0184,usr-0106,True,PWA,24043,"[""all"", ""tea""]",False,,,ORD-0165,2026-10-07T17:03:13Z
ses-20261008-0185,guest-0195,False,PWA,108702,"[""all"", ""tea"", ""coffee""]",False,,,ORD-0166,2026-10-01T21:48:19Z
ses-20261008-0186,usr-0296,True,PWA,30208,"[""all"", ""tea"", ""coffee""]",False,,,ORD-0167,2026-10-05T17:56:06Z
ses-20261008-0187,usr-0136,True,PWA,96178,"[""all"", ""smoothie""]",False,,,ORD-0168,2026-09-19T02:22:27Z
ses-20261008-0188,usr-0312,True,PWA,103800,"[""all"", ""coffee"", ""tea""]",False,,,ORD-0169,2026-09-30T20:43:03Z
ses-20261008-0189,guest-0178,False,PWA,103746,"[""all"", ""ade""]",False,,,ORD-0170,2026-09-23T20:50:13Z
ses-20261008-0190,usr-0096,True,PWA,106062,"[""all"", ""ade"", ""coffee""]",False,,,ORD-0171,2026-09-26T02:00:42Z
ses-20261008-0191,usr-0009,True,PWA,26542,"[""all"", ""tea"", ""decaf""]",False,,,ORD-0172,2026-10-03T21:53:14Z
ses-20261008-0192,usr-0340,True,PWA,83470,"[""all"", ""ade""]",False,,,ORD-0173,2026-09-30T17:00:52Z
ses-20261008-0193,usr-0076,True,PWA,126812,"[""all"", ""decaf""]",False,,,ORD-0174,2026-09-28T23:22:31Z
ses-20261008-0194,usr-0231,True,PWA,23885,"[""all"", ""smoothie""]",False,,,ORD-0175,2026-10-01T17:56:21Z
ses-20261008-0195,guest-0157,False,PWA,67238,"[""all"", ""ade"", ""coffee""]",False,,,ORD-0176,2026-09-18T21:36:50Z
ses-20261008-0196,usr-0151,True,PWA,104449,"[""all"", ""coffee"", ""smoothie""]",False,,,ORD-0177,2026-09-15T20:18:52Z
ses-20261008-0197,guest-0183,False,PWA,77063,"[""all"", ""ade"", ""tea"", ""coffee""]",False,,,ORD-0178,2026-09-23T16:27:37Z
ses-20261008-0198,usr-0224,True,PWA,33189,"[""all"", ""tea""]",False,,,ORD-0179,2026-10-06T23:43:49Z
ses-20261008-0199,usr-0224,True,PWA,108995,"[""all"", ""ade"", ""smoothie""]",False,,,ORD-0180,2026-09-18T17:44:20Z
ses-20261008-0200,usr-0279,True,PWA,101263,"[""all"", ""smoothie""]",False,,,ORD-0181,2026-10-03T22:48:54Z
ses-20261008-0201,usr-0050,True,PWA,119757,"[""all"", ""decaf""]",False,,,ORD-0182,2026-09-24T21:55:03Z
ses-20261008-0202,guest-0002,False,PWA,109583,"[""all"", ""decaf""]",False,,,ORD-0183,2026-09-30T20:07:04Z
ses-20261008-0203,usr-0208,True,PWA,72718,"[""all"", ""decaf"", ""smoothie""]",False,,,ORD-0184,2026-10-01T02:53:54Z
ses-20261008-0204,usr-0052,True,PWA,118449,"[""all"", ""coffee"", ""smoothie""]",False,,,ORD-0185,2026-10-03T21:25:24Z
ses-20261008-0205,usr-0072,True,PWA,110560,"[""all"", ""ade"", ""tea"", ""smoothie"", ""decaf""]",False,,,ORD-0186,2026-09-30T03:17:00Z
ses-20261008-0206,usr-0202,True,PWA,116586,"[""all"", ""decaf"", ""tea"", ""ade"", ""smoothie""]",False,,,ORD-0187,2026-09-18T04:30:24Z
ses-20261008-0207,usr-0166,True,PWA,37729,"[""all"", ""tea""]",False,,,ORD-0188,2026-09-23T04:50:15Z
ses-20261008-0208,usr-0384,True,PWA,22612,"[""all"", ""tea"", ""ade"", ""coffee""]",False,,,ORD-0189,2026-09-17T21:38:40Z
ses-20261008-0209,usr-0225,True,PWA,17694,"[""all"", ""decaf""]",False,,,ORD-0190,2026-10-06T16:47:10Z
ses-20261008-0210,guest-0002,False,PWA,87316,"[""all"", ""decaf"", ""smoothie""]",False,,,ORD-0191,2026-09-26T22:21:11Z
ses-20261008-0211,usr-0041,True,PWA,155347,"[""all"", ""coffee"", ""ade""]",False,,,ORD-0192,2026-09-20T00:06:07Z
ses-20261008-0212,usr-0313,True,PWA,20021,"[""all"", ""decaf"", ""smoothie"", ""tea""]",False,,,ORD-0193,2026-10-01T16:34:44Z
ses-20261008-0213,guest-0016,False,PWA,114926,"[""all"", ""coffee"", ""tea""]",False,,,ORD-0194,2026-09-19T17:59:48Z
ses-20261008-0214,usr-0042,True,PWA,17780,"[""all"", ""coffee""]",False,,,ORD-0195,2026-10-02T20:17:46Z
ses-20261008-0215,guest-0059,False,PWA,131898,"[""all"", ""decaf"", ""smoothie"", ""ade""]",False,,,ORD-0196,2026-09-16T02:49:50Z
ses-20261008-0216,guest-0095,False,PWA,107362,"[""all"", ""coffee""]",False,,,ORD-0197,2026-09-26T17:58:03Z
ses-20261008-0217,usr-0030,True,PWA,17999,"[""all"", ""tea""]",False,,,ORD-0198,2026-09-19T21:02:20Z
ses-20261008-0218,guest-0053,False,PWA,125503,"[""all"", ""smoothie"", ""ade"", ""tea""]",False,,,ORD-0199,2026-10-01T00:57:58Z
ses-20261008-0219,usr-0319,True,PWA,17373,"[""all"", ""decaf"", ""tea"", ""smoothie""]",False,,,ORD-0200,2026-09-30T16:58:08Z
ses-20261008-0220,usr-0059,True,PWA,136350,"[""all"", ""ade"", ""coffee""]",False,,,ORD-0201,2026-09-15T20:17:17Z
ses-20261008-0221,usr-0273,True,PWA,104818,"[""all"", ""coffee""]",False,,,ORD-0202,2026-09-16T20:34:48Z
ses-20261008-0222,guest-0189,False,PWA,82209,"[""all"", ""decaf"", ""smoothie""]",False,,,ORD-0203,2026-09-17T01:46:59Z
ses-20261008-0223,usr-0128,True,PWA,113164,"[""all"", ""ade""]",False,,,ORD-0204,2026-10-02T17:02:39Z
ses-20261008-0224,usr-0019,True,PWA,60811,"[""all"", ""coffee"", ""ade""]",False,,,ORD-0205,2026-09-26T20:26:03Z
ses-20261008-0225,guest-0168,False,PWA,115192,"[""all"", ""smoothie"", ""ade""]",True,OPTION_MODAL,PRICE_HIGH,,2026-09-16T16:11:43Z
ses-20261008-0226,usr-0181,True,PWA,85847,"[""all"", ""smoothie""]",False,,,ORD-0206,2026-10-02T23:22:06Z
ses-20261008-0227,usr-0209,True,PWA,133563,"[""all"", ""coffee""]",True,CART_SHEET,WAIT_TIME_LONG,,2026-10-05T21:39:01Z
ses-20261008-0228,guest-0149,False,PWA,147630,"[""all"", ""tea"", ""smoothie""]",True,CART_SHEET,TIMEOUT_60S,,2026-10-07T16:24:53Z
ses-20261008-0229,guest-0058,False,PWA,76318,"[""all"", ""decaf""]",False,,,ORD-0207,2026-10-03T21:34:46Z
ses-20261008-0230,guest-0093,False,PWA,81976,"[""all"", ""smoothie""]",False,,,ORD-0208,2026-09-22T20:44:15Z
ses-20261008-0231,usr-0209,True,PWA,121106,"[""all"", ""ade"", ""decaf""]",False,,,ORD-0209,2026-10-06T20:38:16Z
ses-20261008-0232,guest-0121,False,PWA,126984,"[""all"", ""tea""]",False,,,ORD-0210,2026-10-08T16:53:27Z
ses-20261008-0233,usr-0173,True,PWA,133242,"[""all"", ""ade""]",False,,,ORD-0211,2026-09-25T20:46:02Z
ses-20261008-0234,guest-0131,False,PWA,85941,"[""all"", ""smoothie""]",False,,,ORD-0212,2026-09-17T16:37:37Z
ses-20261008-0235,usr-0261,True,PWA,28464,"[""all"", ""tea""]",False,,,ORD-0213,2026-09-28T17:20:48Z
ses-20261008-0236,usr-0250,True,PWA,89707,"[""all"", ""decaf""]",False,,,ORD-0214,2026-09-29T16:18:58Z
ses-20261008-0237,usr-0277,True,PWA,100889,"[""all"", ""ade"", ""tea"", ""smoothie""]",False,,,ORD-0215,2026-10-02T22:31:53Z
ses-20261008-0238,usr-0071,True,PWA,17808,"[""all"", ""tea""]",False,,,ORD-0216,2026-09-23T22:22:51Z
ses-20261008-0239,usr-0263,True,PWA,85001,"[""all"", ""coffee""]",False,,,ORD-0217,2026-10-07T00:57:59Z
ses-20261008-0240,guest-0057,False,PWA,146700,"[""all"", ""smoothie"", ""ade"", ""coffee""]",False,,,ORD-0218,2026-10-06T17:09:31Z
ses-20261008-0241,usr-0179,True,PWA,20659,"[""all"", ""ade"", ""smoothie"", ""tea""]",False,,,ORD-0219,2026-09-30T20:56:19Z
ses-20261008-0242,guest-0194,False,PWA,125959,"[""all"", ""coffee"", ""tea""]",False,,,ORD-0220,2026-09-24T21:20:15Z
ses-20261008-0243,usr-0352,True,PWA,22417,"[""all"", ""smoothie"", ""coffee"", ""ade""]",False,,,ORD-0221,2026-09-22T17:32:13Z
ses-20261008-0244,guest-0069,False,PWA,126263,"[""all"", ""smoothie""]",False,,,ORD-0222,2026-10-01T00:40:52Z
ses-20261008-0245,guest-0098,False,PWA,81316,"[""all"", ""decaf"", ""coffee""]",False,,,ORD-0223,2026-09-18T00:58:22Z
ses-20261008-0246,usr-0284,True,PWA,101506,"[""all"", ""decaf""]",False,,,ORD-0224,2026-10-08T16:02:54Z
ses-20261008-0247,usr-0068,True,PWA,113709,"[""all"", ""smoothie"", ""coffee""]",False,,,ORD-0225,2026-10-08T22:04:04Z
ses-20261008-0248,usr-0141,True,PWA,98891,"[""all"", ""ade"", ""smoothie""]",False,,,ORD-0226,2026-09-29T17:41:36Z
ses-20261008-0249,guest-0116,False,PWA,133312,"[""all"", ""ade""]",True,CART_SHEET,PRICE_HIGH,,2026-09-22T20:25:49Z
ses-20261008-0250,usr-0043,True,PWA,117452,"[""all"", ""coffee"", ""tea""]",False,,,ORD-0227,2026-09-18T20:55:31Z
ses-20261008-0251,guest-0039,False,PWA,128919,"[""all"", ""tea""]",True,CART_SHEET,PRICE_HIGH,,2026-09-16T17:55:00Z
ses-20261008-0252,usr-0165,True,PWA,17800,"[""all"", ""coffee""]",False,,,ORD-0228,2026-09-29T22:58:06Z
ses-20261008-0253,usr-0059,True,PWA,101314,"[""all"", ""smoothie"", ""tea"", ""ade""]",False,,,ORD-0229,2026-09-17T03:10:40Z
ses-20261008-0254,usr-0073,True,PWA,105830,"[""all"", ""ade"", ""decaf"", ""tea"", ""smoothie""]",False,,,ORD-0230,2026-09-24T20:51:39Z
ses-20261008-0255,usr-0276,True,PWA,131094,"[""all"", ""coffee"", ""ade""]",True,CART_SHEET,PRICE_HIGH,,2026-09-29T16:39:29Z
ses-20261008-0256,usr-0146,True,PWA,89244,"[""all"", ""ade"", ""tea""]",False,,,ORD-0231,2026-09-28T21:23:39Z
ses-20261008-0257,guest-0155,False,PWA,134724,"[""all"", ""smoothie"", ""tea""]",True,OPTION_MODAL,TIMEOUT_60S,,2026-09-24T04:55:39Z
ses-20261008-0258,usr-0074,True,PWA,139569,"[""all"", ""coffee"", ""tea"", ""ade""]",True,OPTION_MODAL,TIMEOUT_60S,,2026-09-20T20:20:04Z
ses-20261008-0259,usr-0155,True,PWA,27477,"[""all"", ""smoothie""]",False,,,ORD-0232,2026-10-01T23:35:25Z
ses-20261008-0260,usr-0086,True,PWA,86189,"[""all"", ""smoothie"", ""ade""]",False,,,ORD-0233,2026-10-05T23:53:27Z
ses-20261008-0261,usr-0316,True,PWA,100198,"[""all"", ""coffee""]",False,,,ORD-0234,2026-10-02T23:24:23Z
ses-20261008-0262,usr-0357,True,PWA,114235,"[""all"", ""smoothie""]",False,,,ORD-0235,2026-10-07T16:36:52Z
ses-20261008-0263,usr-0366,True,PWA,123439,"[""all"", ""smoothie""]",False,,,ORD-0236,2026-09-19T23:55:54Z
ses-20261008-0264,usr-0345,True,PWA,140200,"[""all"", ""ade"", ""coffee""]",True,CART_SHEET,WAIT_TIME_LONG,,2026-09-26T02:57:37Z
ses-20261008-0265,guest-0172,False,PWA,75145,"[""all"", ""smoothie""]",False,,,ORD-0237,2026-09-16T16:46:17Z
ses-20261008-0266,guest-0047,False,PWA,122830,"[""all"", ""tea"", ""coffee"", ""smoothie"", ""decaf""]",False,,,ORD-0238,2026-10-08T17:37:40Z
ses-20261008-0267,guest-0080,False,PWA,123267,"[""all"", ""ade""]",False,,,ORD-0239,2026-09-16T21:11:17Z
ses-20261008-0268,usr-0324,True,PWA,150848,"[""all"", ""decaf""]",False,,,ORD-0240,2026-10-06T22:53:37Z
ses-20261008-0269,usr-0381,True,PWA,104796,"[""all"", ""coffee"", ""decaf""]",True,OPTION_MODAL,PRICE_HIGH,,2026-09-23T16:16:13Z
ses-20261008-0270,usr-0289,True,PWA,83952,"[""all"", ""ade""]",False,,,ORD-0241,2026-09-27T20:20:44Z
ses-20261008-0271,usr-0386,True,PWA,21117,"[""all"", ""smoothie"", ""decaf""]",False,,,ORD-0242,2026-09-15T21:37:36Z
ses-20261008-0272,guest-0060,False,PWA,119977,"[""all"", ""smoothie"", ""coffee"", ""decaf"", ""ade""]",False,,,ORD-0243,2026-10-01T17:49:17Z
ses-20261008-0273,usr-0028,True,PWA,28526,"[""all"", ""tea"", ""smoothie""]",False,,,ORD-0244,2026-09-17T16:51:22Z
ses-20261008-0274,usr-0398,True,PWA,112830,"[""all"", ""smoothie"", ""tea""]",False,,,ORD-0245,2026-09-26T16:22:06Z
ses-20261008-0275,guest-0073,False,PWA,109775,"[""all"", ""ade"", ""smoothie""]",False,,,ORD-0246,2026-10-07T01:38:25Z
ses-20261008-0276,usr-0040,True,PWA,118843,"[""all"", ""smoothie""]",True,PAY_POPUP,WAIT_TIME_LONG,,2026-10-05T17:12:02Z
ses-20261008-0277,usr-0247,True,PWA,136314,"[""all"", ""decaf""]",False,,,ORD-0247,2026-09-16T17:11:10Z
ses-20261008-0278,usr-0335,True,PWA,122555,"[""all"", ""coffee""]",False,,,ORD-0248,2026-10-06T20:19:27Z
ses-20261008-0279,usr-0389,True,PWA,151568,"[""all"", ""decaf""]",False,,,ORD-0249,2026-09-27T22:09:00Z
ses-20261008-0280,usr-0092,True,PWA,133457,"[""all"", ""coffee""]",True,CART_SHEET,TIMEOUT_60S,,2026-09-24T20:28:20Z
ses-20261008-0281,usr-0379,True,PWA,86521,"[""all"", ""tea""]",False,,,ORD-0250,2026-09-27T16:34:06Z
ses-20261008-0282,usr-0040,True,PWA,112370,"[""all"", ""coffee"", ""smoothie""]",False,,,ORD-0251,2026-09-25T20:38:46Z
ses-20261008-0283,usr-0041,True,PWA,67039,"[""all"", ""decaf"", ""tea"", ""ade"", ""coffee""]",False,,,ORD-0252,2026-09-29T02:36:16Z
ses-20261008-0284,usr-0107,True,PWA,119744,"[""all"", ""ade"", ""coffee""]",False,,,ORD-0253,2026-09-15T23:17:17Z
ses-20261008-0285,usr-0175,True,PWA,95511,"[""all"", ""smoothie"", ""tea"", ""ade""]",False,,,ORD-0254,2026-09-25T17:09:29Z
ses-20261008-0286,usr-0156,True,PWA,87669,"[""all"", ""decaf""]",False,,,ORD-0255,2026-09-25T01:43:29Z
ses-20261008-0287,guest-0034,False,PWA,110403,"[""all"", ""coffee""]",False,,,ORD-0256,2026-09-27T20:06:25Z
ses-20261008-0288,guest-0162,False,PWA,117091,"[""all"", ""tea"", ""smoothie""]",False,,,ORD-0257,2026-09-18T21:32:34Z
ses-20261008-0289,guest-0196,False,PWA,38740,"[""all"", ""smoothie"", ""decaf""]",False,,,ORD-0258,2026-09-29T20:24:37Z
ses-20261008-0290,usr-0190,True,PWA,42791,"[""all"", ""tea"", ""smoothie"", ""decaf""]",False,,,ORD-0259,2026-09-16T01:35:32Z
ses-20261008-0291,usr-0126,True,PWA,105454,"[""all"", ""decaf"", ""coffee"", ""ade"", ""tea""]",False,,,ORD-0260,2026-10-06T20:50:11Z
ses-20261008-0292,usr-0134,True,PWA,143064,"[""all"", ""coffee"", ""ade"", ""tea""]",False,,,ORD-0261,2026-10-07T20:28:30Z
ses-20261008-0293,usr-0075,True,PWA,132744,"[""all"", ""ade""]",False,,,ORD-0262,2026-09-23T22:46:10Z
ses-20261008-0294,usr-0133,True,PWA,124161,"[""all"", ""ade""]",False,,,ORD-0263,2026-10-03T16:48:08Z
ses-20261008-0295,usr-0076,True,PWA,123740,"[""all"", ""tea""]",True,PAY_POPUP,TIMEOUT_60S,,2026-10-04T17:16:40Z
ses-20261008-0296,usr-0265,True,PWA,107240,"[""all"", ""decaf""]",False,,,ORD-0264,2026-09-27T20:22:41Z
ses-20261008-0297,usr-0106,True,PWA,126673,"[""all"", ""smoothie""]",True,OPTION_MODAL,WAIT_TIME_LONG,,2026-09-22T16:41:12Z
ses-20261008-0298,guest-0135,False,PWA,101287,"[""all"", ""coffee""]",False,,,ORD-0265,2026-09-23T00:42:02Z
ses-20261008-0299,usr-0291,True,PWA,123140,"[""all"", ""tea""]",False,,,ORD-0266,2026-10-01T17:51:47Z
ses-20261008-0300,usr-0300,True,PWA,24210,"[""all"", ""ade"", ""coffee""]",False,,,ORD-0267,2026-10-03T20:34:56Z
ses-20261008-0301,usr-0292,True,PWA,77213,"[""all"", ""tea""]",False,,,ORD-0268,2026-09-15T20:46:56Z
ses-20261008-0302,usr-0136,True,PWA,73615,"[""all"", ""smoothie"", ""coffee""]",False,,,ORD-0269,2026-10-02T17:43:35Z
ses-20261008-0303,usr-0227,True,PWA,120582,"[""all"", ""tea""]",False,,,ORD-0270,2026-09-25T20:12:49Z
ses-20261008-0304,usr-0340,True,PWA,116567,"[""all"", ""ade"", ""tea""]",False,,,ORD-0271,2026-09-20T17:41:38Z
ses-20261008-0305,usr-0289,True,PWA,121323,"[""all"", ""smoothie""]",False,,,ORD-0272,2026-09-27T22:48:25Z
ses-20261008-0306,guest-0084,False,PWA,124880,"[""all"", ""smoothie"", ""ade""]",False,,,ORD-0273,2026-10-02T20:51:13Z
ses-20261008-0307,guest-0181,False,PWA,114200,"[""all"", ""ade""]",False,,,ORD-0274,2026-09-30T17:03:06Z
ses-20261008-0308,usr-0225,True,PWA,112583,"[""all"", ""coffee"", ""tea"", ""decaf""]",False,,,ORD-0275,2026-09-22T17:35:33Z
ses-20261008-0309,usr-0236,True,PWA,96603,"[""all"", ""coffee"", ""tea""]",False,,,ORD-0276,2026-09-26T17:16:38Z
ses-20261008-0310,usr-0276,True,PWA,104852,"[""all"", ""decaf"", ""coffee""]",False,,,ORD-0277,2026-09-30T17:40:04Z
ses-20261008-0311,usr-0038,True,PWA,111941,"[""all"", ""tea"", ""ade"", ""coffee""]",False,,,ORD-0278,2026-10-06T21:29:28Z
ses-20261008-0312,usr-0078,True,PWA,65104,"[""all"", ""tea"", ""ade""]",False,,,ORD-0279,2026-09-24T00:34:29Z
ses-20261008-0313,guest-0200,False,PWA,108536,"[""all"", ""tea""]",False,,,ORD-0280,2026-09-19T20:20:55Z
ses-20261008-0314,guest-0007,False,PWA,118047,"[""all"", ""smoothie""]",False,,,ORD-0281,2026-09-29T23:24:03Z
ses-20261008-0315,usr-0108,True,PWA,45780,"[""all"", ""ade"", ""smoothie""]",False,,,ORD-0282,2026-09-19T04:38:22Z
ses-20261008-0316,usr-0334,True,PWA,100990,"[""all"", ""smoothie"", ""coffee"", ""tea""]",False,,,ORD-0283,2026-09-24T16:41:41Z
ses-20261008-0317,usr-0306,True,PWA,109892,"[""all"", ""tea""]",False,,,ORD-0284,2026-09-22T00:23:39Z
ses-20261008-0318,usr-0014,True,PWA,89906,"[""all"", ""smoothie"", ""coffee"", ""ade""]",False,,,ORD-0285,2026-09-25T17:02:47Z
ses-20261008-0319,guest-0113,False,PWA,98834,"[""all"", ""ade"", ""tea""]",False,,,ORD-0286,2026-09-19T22:19:30Z
ses-20261008-0320,usr-0043,True,PWA,124143,"[""all"", ""tea"", ""decaf""]",True,PAY_POPUP,WAIT_TIME_LONG,,2026-10-08T17:18:56Z
ses-20261008-0321,usr-0267,True,PWA,74996,"[""all"", ""smoothie""]",False,,,ORD-0287,2026-10-01T21:48:57Z
ses-20261008-0322,usr-0296,True,PWA,100206,"[""all"", ""smoothie""]",True,PAY_POPUP,PRICE_HIGH,,2026-09-27T20:29:39Z
ses-20261008-0323,usr-0250,True,PWA,15404,"[""all"", ""decaf""]",False,,,ORD-0288,2026-10-02T20:42:54Z
ses-20261008-0324,usr-0057,True,PWA,55196,"[""all"", ""smoothie""]",False,,,ORD-0289,2026-09-18T21:08:55Z
ses-20261008-0325,usr-0078,True,PWA,111337,"[""all"", ""tea""]",False,,,ORD-0290,2026-10-03T22:51:34Z
ses-20261008-0326,guest-0157,False,PWA,116577,"[""all"", ""decaf""]",False,,,ORD-0291,2026-09-29T00:03:25Z
ses-20261008-0327,usr-0376,True,PWA,138948,"[""all"", ""tea""]",False,,,ORD-0292,2026-10-04T20:03:48Z
ses-20261008-0328,guest-0036,False,PWA,159147,"[""all"", ""ade""]",False,,,ORD-0293,2026-09-27T16:13:28Z
ses-20261008-0329,guest-0139,False,PWA,103031,"[""all"", ""ade"", ""decaf"", ""coffee"", ""tea""]",False,,,ORD-0294,2026-10-08T20:04:56Z
ses-20261008-0330,usr-0375,True,PWA,150000,"[""all"", ""smoothie"", ""decaf"", ""tea""]",True,CART_SHEET,WAIT_TIME_LONG,,2026-10-05T03:15:55Z
ses-20261008-0331,guest-0164,False,PWA,124061,"[""all"", ""smoothie""]",True,CART_SHEET,TIMEOUT_60S,,2026-10-01T17:22:05Z
ses-20261008-0332,guest-0144,False,PWA,94376,"[""all"", ""smoothie"", ""coffee"", ""ade""]",False,,,ORD-0295,2026-10-05T01:38:33Z
ses-20261008-0333,guest-0155,False,PWA,117410,"[""all"", ""smoothie"", ""coffee""]",False,,,ORD-0296,2026-09-28T22:22:41Z
ses-20261008-0334,usr-0212,True,PWA,72677,"[""all"", ""ade"", ""tea""]",False,,,ORD-0297,2026-09-16T00:22:52Z
ses-20261008-0335,usr-0380,True,PWA,125655,"[""all"", ""ade"", ""decaf"", ""smoothie""]",False,,,ORD-0298,2026-09-27T23:54:31Z
ses-20261008-0336,usr-0196,True,PWA,44788,"[""all"", ""ade"", ""tea"", ""coffee""]",False,,,ORD-0299,2026-09-21T17:22:21Z
ses-20261008-0337,usr-0047,True,PWA,60542,"[""all"", ""ade""]",False,,,ORD-0300,2026-10-07T21:54:16Z
ses-20261008-0338,usr-0021,True,PWA,32700,"[""all"", ""tea""]",False,,,ORD-0301,2026-09-22T21:01:31Z
ses-20261008-0339,usr-0314,True,PWA,155906,"[""all"", ""tea"", ""smoothie"", ""coffee"", ""decaf""]",False,,,ORD-0302,2026-10-01T01:35:35Z
ses-20261008-0340,guest-0061,False,PWA,60654,"[""all"", ""tea""]",False,,,ORD-0303,2026-09-25T20:44:08Z
ses-20261008-0341,guest-0155,False,PWA,107253,"[""all"", ""coffee"", ""smoothie""]",True,CART_SHEET,WAIT_TIME_LONG,,2026-09-22T23:29:17Z
ses-20261008-0342,usr-0287,True,PWA,115976,"[""all"", ""tea"", ""coffee""]",True,OPTION_MODAL,PRICE_HIGH,,2026-09-29T20:57:22Z
ses-20261008-0343,guest-0146,False,PWA,109981,"[""all"", ""smoothie"", ""tea""]",False,,,ORD-0304,2026-09-24T04:01:45Z
ses-20261008-0344,guest-0175,False,PWA,130222,"[""all"", ""ade"", ""coffee""]",False,,,ORD-0305,2026-10-03T16:39:03Z
ses-20261008-0345,usr-0093,True,PWA,51205,"[""all"", ""coffee""]",False,,,ORD-0306,2026-09-15T21:46:07Z
ses-20261008-0346,usr-0130,True,PWA,18454,"[""all"", ""coffee""]",False,,,ORD-0307,2026-09-30T17:25:12Z
ses-20261008-0347,usr-0350,True,PWA,130089,"[""all"", ""smoothie""]",False,,,ORD-0308,2026-09-26T16:33:00Z
ses-20261008-0348,usr-0226,True,PWA,20608,"[""all"", ""smoothie"", ""coffee"", ""ade""]",False,,,ORD-0309,2026-10-07T23:32:09Z
ses-20261008-0349,usr-0266,True,PWA,155825,"[""all"", ""decaf""]",False,,,ORD-0310,2026-09-21T03:12:38Z
ses-20261008-0350,usr-0252,True,PWA,82937,"[""all"", ""smoothie"", ""coffee"", ""ade""]",False,,,ORD-0311,2026-09-21T22:22:03Z
ses-20261008-0351,usr-0321,True,PWA,109620,"[""all"", ""coffee""]",False,,,ORD-0312,2026-09-28T21:05:31Z
ses-20261008-0352,usr-0089,True,PWA,62840,"[""all"", ""ade""]",False,,,ORD-0313,2026-10-05T16:34:01Z
ses-20261008-0353,guest-0057,False,PWA,147275,"[""all"", ""decaf"", ""coffee""]",True,OPTION_MODAL,WAIT_TIME_LONG,,2026-10-07T16:31:13Z
ses-20261008-0354,usr-0170,True,PWA,117637,"[""all"", ""coffee"", ""tea"", ""decaf""]",False,,,ORD-0314,2026-09-21T02:23:58Z
ses-20261008-0355,usr-0335,True,PWA,150000,"[""all"", ""smoothie""]",True,CART_SHEET,PRICE_HIGH,,2026-10-09T03:44:00Z
ses-20261008-0356,usr-0321,True,PWA,78133,"[""all"", ""coffee"", ""decaf""]",False,,,ORD-0315,2026-10-07T21:08:42Z
ses-20261008-0357,usr-0292,True,PWA,113136,"[""all"", ""tea"", ""coffee"", ""ade""]",False,,,ORD-0316,2026-09-23T16:25:52Z
ses-20261008-0358,usr-0225,True,PWA,31477,"[""all"", ""tea"", ""decaf""]",False,,,ORD-0317,2026-10-08T16:42:59Z
ses-20261008-0359,guest-0065,False,PWA,88871,"[""all"", ""smoothie""]",False,,,ORD-0318,2026-09-20T20:57:41Z
ses-20261008-0360,usr-0163,True,PWA,88438,"[""all"", ""decaf"", ""tea""]",False,,,ORD-0319,2026-09-16T16:26:33Z
ses-20261008-0361,guest-0197,False,PWA,92044,"[""all"", ""decaf""]",False,,,ORD-0320,2026-10-03T16:48:40Z
ses-20261008-0362,usr-0079,True,PWA,21069,"[""all"", ""tea""]",False,,,ORD-0321,2026-09-29T21:14:09Z
ses-20261008-0363,guest-0111,False,PWA,69266,"[""all"", ""tea"", ""smoothie"", ""coffee""]",False,,,ORD-0322,2026-09-24T17:26:45Z
ses-20261008-0364,usr-0069,True,PWA,150458,"[""all"", ""tea""]",False,,,ORD-0323,2026-10-08T20:13:45Z
ses-20261008-0365,usr-0110,True,PWA,19568,"[""all"", ""decaf"", ""smoothie""]",False,,,ORD-0324,2026-09-27T16:34:41Z
ses-20261008-0366,usr-0198,True,PWA,123698,"[""all"", ""tea"", ""smoothie""]",False,,,ORD-0325,2026-10-03T21:47:43Z
ses-20261008-0367,guest-0157,False,PWA,119075,"[""all"", ""coffee"", ""decaf""]",False,,,ORD-0326,2026-10-01T22:43:06Z
ses-20261008-0368,guest-0150,False,PWA,108898,"[""all"", ""decaf""]",True,OPTION_MODAL,PRICE_HIGH,,2026-09-29T20:18:19Z
ses-20261008-0369,usr-0082,True,PWA,120143,"[""all"", ""tea"", ""coffee""]",False,,,ORD-0327,2026-10-02T21:44:17Z
ses-20261008-0370,guest-0093,False,PWA,125198,"[""all"", ""smoothie""]",False,,,ORD-0328,2026-09-29T20:28:57Z
ses-20261008-0371,usr-0077,True,PWA,70328,"[""all"", ""coffee""]",False,,,ORD-0329,2026-09-19T04:12:40Z
ses-20261008-0372,guest-0126,False,PWA,105317,"[""all"", ""ade"", ""smoothie""]",False,,,ORD-0330,2026-09-26T02:41:15Z
ses-20261008-0373,usr-0320,True,PWA,28526,"[""all"", ""smoothie""]",False,,,ORD-0331,2026-09-15T22:19:24Z
ses-20261008-0374,usr-0178,True,PWA,14057,"[""all"", ""smoothie""]",False,,,ORD-0332,2026-10-08T16:31:18Z
ses-20261008-0375,usr-0059,True,PWA,105051,"[""all"", ""coffee""]",False,,,ORD-0333,2026-09-15T22:15:04Z
ses-20261008-0376,guest-0118,False,PWA,114557,"[""all"", ""tea""]",False,,,ORD-0334,2026-10-05T22:39:07Z
ses-20261008-0377,usr-0272,True,PWA,161876,"[""all"", ""tea"", ""smoothie""]",False,,,ORD-0335,2026-09-21T20:45:31Z
ses-20261008-0378,usr-0117,True,PWA,32318,"[""all"", ""ade"", ""tea""]",False,,,ORD-0336,2026-09-20T21:38:26Z
ses-20261008-0379,guest-0175,False,PWA,142091,"[""all"", ""ade""]",False,,,ORD-0337,2026-09-23T16:04:03Z
ses-20261008-0380,usr-0186,True,PWA,119313,"[""all"", ""ade"", ""smoothie""]",False,,,ORD-0338,2026-10-07T20:36:16Z
ses-20261008-0381,usr-0237,True,PWA,36005,"[""all"", ""smoothie"", ""tea"", ""coffee""]",False,,,ORD-0339,2026-09-26T03:29:55Z
ses-20261008-0382,guest-0039,False,PWA,88826,"[""all"", ""tea"", ""decaf""]",False,,,ORD-0340,2026-09-27T21:50:52Z
ses-20261008-0383,guest-0141,False,PWA,104866,"[""all"", ""smoothie"", ""tea""]",True,PAY_POPUP,PRICE_HIGH,,2026-09-23T17:38:46Z
ses-20261008-0384,guest-0181,False,PWA,84611,"[""all"", ""tea"", ""smoothie"", ""decaf""]",False,,,ORD-0341,2026-09-30T20:15:33Z
ses-20261008-0385,guest-0017,False,PWA,146288,"[""all"", ""tea"", ""ade"", ""smoothie""]",False,,,ORD-0342,2026-09-15T21:15:13Z
ses-20261008-0386,usr-0118,True,PWA,23048,"[""all"", ""decaf""]",False,,,ORD-0343,2026-10-07T20:52:52Z
ses-20261008-0387,guest-0160,False,PWA,76571,"[""all"", ""ade"", ""coffee"", ""tea""]",False,,,ORD-0344,2026-09-25T17:29:38Z
ses-20261008-0388,usr-0164,True,PWA,136025,"[""all"", ""tea""]",False,,,ORD-0345,2026-10-01T04:56:34Z
ses-20261008-0389,guest-0003,False,PWA,93725,"[""all"", ""smoothie""]",False,,,ORD-0346,2026-09-24T16:18:01Z
ses-20261008-0390,usr-0066,True,PWA,113789,"[""all"", ""smoothie""]",False,,,ORD-0347,2026-09-26T02:03:55Z
ses-20261008-0391,usr-0262,True,PWA,108030,"[""all"", ""tea"", ""decaf"", ""coffee""]",False,,,ORD-0348,2026-09-16T23:31:04Z
ses-20261008-0392,usr-0203,True,PWA,150000,"[""all"", ""coffee""]",True,PAY_POPUP,WAIT_TIME_LONG,,2026-10-07T16:52:13Z
ses-20261008-0393,usr-0029,True,PWA,105720,"[""all"", ""tea"", ""smoothie"", ""coffee""]",False,,,ORD-0349,2026-10-05T20:03:41Z
ses-20261008-0394,usr-0357,True,PWA,28118,"[""all"", ""tea""]",False,,,ORD-0350,2026-09-28T20:12:37Z
ses-20261008-0395,usr-0085,True,PWA,89890,"[""all"", ""ade"", ""decaf""]",False,,,ORD-0351,2026-09-27T16:58:40Z
ses-20261008-0396,usr-0334,True,PWA,103220,"[""all"", ""smoothie""]",False,,,ORD-0352,2026-10-06T21:13:11Z
ses-20261008-0397,usr-0156,True,PWA,120140,"[""all"", ""ade"", ""tea"", ""decaf""]",False,,,ORD-0353,2026-09-26T20:36:56Z
ses-20261008-0398,guest-0171,False,PWA,150000,"[""all"", ""decaf"", ""coffee"", ""smoothie""]",True,OPTION_MODAL,WAIT_TIME_LONG,,2026-09-22T16:56:00Z
ses-20261008-0399,usr-0196,True,PWA,118597,"[""all"", ""tea""]",True,PAY_POPUP,PRICE_HIGH,,2026-10-08T20:06:03Z
ses-20261008-0400,usr-0153,True,PWA,80758,"[""all"", ""tea"", ""coffee""]",False,,,ORD-0354,2026-09-17T03:09:16Z
ses-20261008-0401,usr-0297,True,PWA,58426,"[""all"", ""coffee"", ""tea""]",False,,,ORD-0355,2026-10-07T21:01:44Z
ses-20261008-0402,guest-0052,False,PWA,104941,"[""all"", ""smoothie""]",False,,,ORD-0356,2026-09-23T17:55:12Z
ses-20261008-0403,guest-0191,False,PWA,109886,"[""all"", ""smoothie"", ""tea""]",True,OPTION_MODAL,PRICE_HIGH,,2026-09-16T16:38:23Z
ses-20261008-0404,usr-0178,True,PWA,20247,"[""all"", ""smoothie""]",False,,,ORD-0357,2026-09-24T17:43:34Z
ses-20261008-0405,guest-0043,False,PWA,116104,"[""all"", ""tea"", ""decaf""]",False,,,ORD-0358,2026-09-16T16:38:21Z
ses-20261008-0406,usr-0282,True,PWA,14356,"[""all"", ""ade"", ""smoothie""]",False,,,ORD-0359,2026-10-07T04:14:43Z
ses-20261008-0407,guest-0177,False,PWA,146983,"[""all"", ""tea"", ""coffee""]",False,,,ORD-0360,2026-09-18T17:09:53Z
ses-20261008-0408,usr-0098,True,PWA,22804,"[""all"", ""coffee""]",False,,,ORD-0361,2026-09-15T17:07:13Z
ses-20261008-0409,usr-0199,True,PWA,125109,"[""all"", ""decaf"", ""coffee"", ""ade""]",False,,,ORD-0362,2026-09-26T17:39:37Z
ses-20261008-0410,guest-0176,False,PWA,108395,"[""all"", ""coffee"", ""smoothie""]",False,,,ORD-0363,2026-10-01T03:02:31Z
ses-20261008-0411,usr-0283,True,PWA,121693,"[""all"", ""tea""]",True,PAY_POPUP,PRICE_HIGH,,2026-10-07T23:39:26Z
ses-20261008-0412,usr-0093,True,PWA,99013,"[""all"", ""coffee"", ""ade""]",False,,,ORD-0364,2026-09-29T17:51:59Z
ses-20261008-0413,usr-0040,True,PWA,85016,"[""all"", ""tea"", ""smoothie""]",False,,,ORD-0365,2026-09-21T20:00:24Z
ses-20261008-0414,usr-0255,True,PWA,61330,"[""all"", ""ade"", ""coffee""]",False,,,ORD-0366,2026-09-27T01:01:45Z
ses-20261008-0415,usr-0083,True,PWA,86367,"[""all"", ""ade"", ""decaf"", ""tea"", ""coffee""]",False,,,ORD-0367,2026-09-17T20:28:42Z
ses-20261008-0416,guest-0029,False,PWA,77507,"[""all"", ""ade"", ""tea"", ""smoothie""]",False,,,ORD-0368,2026-10-01T20:19:56Z
ses-20261008-0417,usr-0262,True,PWA,25498,"[""all"", ""coffee"", ""tea"", ""decaf"", ""smoothie""]",False,,,ORD-0369,2026-09-19T22:30:32Z
ses-20261008-0418,guest-0200,False,PWA,122934,"[""all"", ""tea"", ""decaf""]",False,,,ORD-0370,2026-09-27T17:25:28Z
ses-20261008-0419,usr-0039,True,PWA,23993,"[""all"", ""tea""]",False,,,ORD-0371,2026-09-28T21:04:35Z
ses-20261008-0420,guest-0155,False,PWA,123639,"[""all"", ""decaf""]",False,,,ORD-0372,2026-09-26T03:32:31Z
ses-20261008-0421,usr-0265,True,PWA,96122,"[""all"", ""ade"", ""tea"", ""smoothie""]",False,,,ORD-0373,2026-10-04T21:40:17Z
ses-20261008-0422,guest-0036,False,PWA,120260,"[""all"", ""tea"", ""smoothie""]",False,,,ORD-0374,2026-10-07T17:45:34Z
ses-20261008-0423,guest-0128,False,PWA,82252,"[""all"", ""smoothie"", ""ade"", ""coffee""]",False,,,ORD-0375,2026-09-26T17:45:17Z
ses-20261008-0424,usr-0291,True,PWA,125720,"[""all"", ""decaf"", ""coffee"", ""tea"", ""ade""]",False,,,ORD-0376,2026-09-28T16:27:40Z
ses-20261008-0425,usr-0050,True,PWA,127276,"[""all"", ""coffee"", ""decaf""]",True,CART_SHEET,WAIT_TIME_LONG,,2026-10-08T20:02:57Z
ses-20261008-0426,guest-0142,False,PWA,121319,"[""all"", ""tea"", ""decaf""]",False,,,ORD-0377,2026-09-26T23:01:35Z
ses-20261008-0427,usr-0249,True,PWA,103843,"[""all"", ""tea"", ""decaf""]",False,,,ORD-0378,2026-09-18T17:14:15Z
ses-20261008-0428,usr-0365,True,PWA,106102,"[""all"", ""coffee"", ""ade""]",False,,,ORD-0379,2026-09-29T21:54:39Z
ses-20261008-0429,guest-0154,False,PWA,123267,"[""all"", ""ade""]",False,,,ORD-0380,2026-10-07T20:50:25Z
ses-20261008-0430,usr-0293,True,PWA,90061,"[""all"", ""smoothie"", ""coffee""]",False,,,ORD-0381,2026-09-26T20:31:27Z
ses-20261008-0431,usr-0390,True,PWA,120567,"[""all"", ""coffee"", ""ade""]",False,,,ORD-0382,2026-09-22T16:05:39Z
ses-20261008-0432,guest-0190,False,PWA,138312,"[""all"", ""coffee""]",True,CART_SHEET,TIMEOUT_60S,,2026-09-20T17:27:57Z
ses-20261008-0433,guest-0018,False,PWA,136548,"[""all"", ""decaf"", ""ade""]",False,,,ORD-0383,2026-09-18T16:34:07Z
ses-20261008-0434,usr-0241,True,PWA,35818,"[""all"", ""decaf"", ""ade"", ""tea""]",False,,,ORD-0384,2026-09-19T23:55:38Z
ses-20261008-0435,guest-0035,False,PWA,125060,"[""all"", ""decaf""]",False,,,ORD-0385,2026-09-15T17:43:48Z
ses-20261008-0436,usr-0209,True,PWA,104024,"[""all"", ""coffee""]",True,OPTION_MODAL,PRICE_HIGH,,2026-09-20T21:08:51Z
ses-20261008-0437,usr-0310,True,PWA,113209,"[""all"", ""tea""]",False,,,ORD-0386,2026-09-28T21:23:01Z
ses-20261008-0438,usr-0117,True,PWA,145197,"[""all"", ""tea"", ""smoothie""]",False,,,ORD-0387,2026-09-29T17:29:45Z
ses-20261008-0439,usr-0263,True,PWA,28053,"[""all"", ""ade""]",False,,,ORD-0388,2026-10-02T21:04:22Z
ses-20261008-0440,usr-0112,True,PWA,103522,"[""all"", ""decaf""]",False,,,ORD-0389,2026-10-05T20:28:25Z
ses-20261008-0441,usr-0264,True,PWA,102756,"[""all"", ""ade"", ""smoothie"", ""decaf""]",False,,,ORD-0390,2026-09-16T20:09:59Z
ses-20261008-0442,usr-0214,True,PWA,117581,"[""all"", ""coffee""]",False,,,ORD-0391,2026-09-19T21:58:13Z
ses-20261008-0443,usr-0176,True,PWA,120775,"[""all"", ""ade"", ""decaf"", ""smoothie"", ""tea""]",False,,,ORD-0392,2026-10-05T00:54:30Z
ses-20261008-0444,usr-0261,True,PWA,18144,"[""all"", ""ade""]",False,,,ORD-0393,2026-09-24T21:03:37Z
ses-20261008-0445,usr-0051,True,PWA,48786,"[""all"", ""decaf""]",False,,,ORD-0394,2026-10-07T21:26:47Z
ses-20261008-0446,usr-0158,True,PWA,110785,"[""all"", ""smoothie"", ""decaf""]",False,,,ORD-0395,2026-09-22T21:59:25Z
ses-20261008-0447,usr-0378,True,PWA,119393,"[""all"", ""tea""]",False,,,ORD-0396,2026-09-15T17:31:57Z
ses-20261008-0448,usr-0159,True,PWA,104399,"[""all"", ""tea""]",False,,,ORD-0397,2026-09-25T16:02:39Z
ses-20261008-0449,usr-0311,True,PWA,28217,"[""all"", ""ade""]",False,,,ORD-0398,2026-09-23T16:31:38Z
ses-20261008-0450,usr-0206,True,PWA,30401,"[""all"", ""ade""]",False,,,ORD-0399,2026-09-28T23:50:54Z
ses-20261008-0451,usr-0230,True,PWA,99114,"[""all"", ""ade""]",False,,,ORD-0400,2026-09-19T16:18:49Z
ses-20261008-0452,usr-0201,True,PWA,78722,"[""all"", ""ade"", ""smoothie"", ""coffee""]",False,,,ORD-0401,2026-09-21T16:02:53Z
ses-20261008-0453,usr-0385,True,PWA,18038,"[""all"", ""ade"", ""smoothie""]",False,,,ORD-0402,2026-10-03T23:00:55Z
ses-20261008-0454,usr-0020,True,PWA,128406,"[""all"", ""coffee""]",True,OPTION_MODAL,PRICE_HIGH,,2026-09-15T21:51:39Z
ses-20261008-0455,usr-0109,True,PWA,103390,"[""all"", ""decaf"", ""tea"", ""smoothie""]",False,,,ORD-0403,2026-09-19T17:33:25Z
ses-20261008-0456,usr-0033,True,PWA,97355,"[""all"", ""decaf"", ""tea"", ""smoothie""]",False,,,ORD-0404,2026-10-01T01:59:29Z
ses-20261008-0457,usr-0272,True,PWA,97601,"[""all"", ""coffee""]",False,,,ORD-0405,2026-09-22T17:15:25Z
ses-20261008-0458,guest-0170,False,PWA,148308,"[""all"", ""coffee"", ""tea""]",False,,,ORD-0406,2026-09-16T20:34:42Z
ses-20261008-0459,usr-0246,True,PWA,25253,"[""all"", ""ade""]",False,,,ORD-0407,2026-09-15T17:10:42Z
ses-20261008-0460,usr-0040,True,PWA,84229,"[""all"", ""ade"", ""tea""]",False,,,ORD-0408,2026-09-19T22:15:04Z
ses-20261008-0461,usr-0048,True,PWA,20945,"[""all"", ""decaf"", ""coffee""]",False,,,ORD-0409,2026-09-26T16:34:16Z
ses-20261008-0462,guest-0194,False,PWA,128920,"[""all"", ""smoothie"", ""coffee""]",False,,,ORD-0410,2026-10-05T21:54:24Z
ses-20261008-0463,usr-0382,True,PWA,14224,"[""all"", ""ade"", ""decaf""]",False,,,ORD-0411,2026-09-23T01:35:49Z
ses-20261008-0464,usr-0004,True,PWA,161009,"[""all"", ""decaf""]",False,,,ORD-0412,2026-09-25T22:08:53Z
ses-20261008-0465,guest-0164,False,PWA,116451,"[""all"", ""coffee"", ""ade"", ""smoothie""]",False,,,ORD-0413,2026-09-25T17:18:02Z
ses-20261008-0466,usr-0379,True,PWA,118439,"[""all"", ""coffee""]",False,,,ORD-0414,2026-09-24T20:18:20Z
ses-20261008-0467,guest-0047,False,PWA,112657,"[""all"", ""decaf""]",False,,,ORD-0415,2026-10-03T16:14:03Z
ses-20261008-0468,guest-0193,False,PWA,99051,"[""all"", ""coffee""]",False,,,ORD-0416,2026-09-16T17:05:42Z
ses-20261008-0469,usr-0172,True,PWA,132022,"[""all"", ""tea""]",False,,,ORD-0417,2026-09-20T16:40:51Z
ses-20261008-0470,usr-0281,True,PWA,150000,"[""all"", ""decaf""]",True,OPTION_MODAL,PRICE_HIGH,,2026-09-22T16:39:42Z
ses-20261008-0471,usr-0138,True,PWA,91077,"[""all"", ""decaf""]",False,,,ORD-0418,2026-09-22T20:45:26Z
ses-20261008-0472,usr-0128,True,PWA,113052,"[""all"", ""tea""]",False,,,ORD-0419,2026-10-08T16:43:25Z
ses-20261008-0473,usr-0189,True,PWA,118879,"[""all"", ""smoothie"", ""tea""]",False,,,ORD-0420,2026-09-26T03:42:33Z
ses-20261008-0474,usr-0082,True,PWA,123350,"[""all"", ""tea"", ""smoothie""]",False,,,ORD-0421,2026-09-16T22:47:29Z
ses-20261008-0475,usr-0353,True,PWA,71199,"[""all"", ""smoothie"", ""tea""]",False,,,ORD-0422,2026-09-24T01:17:10Z
ses-20261008-0476,guest-0006,False,PWA,93075,"[""all"", ""tea""]",False,,,ORD-0423,2026-09-17T20:15:57Z
ses-20261008-0477,guest-0001,False,PWA,89882,"[""all"", ""smoothie"", ""ade""]",False,,,ORD-0424,2026-09-20T03:49:44Z
ses-20261008-0478,usr-0242,True,PWA,142943,"[""all"", ""ade"", ""smoothie"", ""coffee""]",False,,,ORD-0425,2026-10-04T16:20:02Z
ses-20261008-0479,usr-0023,True,PWA,129579,"[""all"", ""decaf"", ""smoothie"", ""ade"", ""coffee""]",True,PAY_POPUP,PRICE_HIGH,,2026-09-21T20:06:43Z
ses-20261008-0480,usr-0144,True,PWA,25002,"[""all"", ""tea""]",False,,,ORD-0426,2026-10-05T21:57:13Z
ses-20261008-0481,guest-0195,False,PWA,109452,"[""all"", ""coffee"", ""smoothie""]",False,,,ORD-0427,2026-09-22T17:34:10Z
ses-20261008-0482,guest-0193,False,PWA,128677,"[""all"", ""decaf""]",False,,,ORD-0428,2026-09-29T20:01:47Z
ses-20261008-0483,usr-0317,True,PWA,19753,"[""all"", ""ade"", ""smoothie""]",False,,,ORD-0429,2026-09-19T16:23:40Z
ses-20261008-0484,guest-0055,False,PWA,125466,"[""all"", ""tea"", ""ade""]",False,,,ORD-0430,2026-09-17T16:27:14Z
ses-20261008-0485,guest-0041,False,PWA,118000,"[""all"", ""smoothie""]",False,,,ORD-0431,2026-10-04T20:28:27Z
ses-20261008-0486,guest-0059,False,PWA,86466,"[""all"", ""decaf""]",True,PAY_POPUP,PRICE_HIGH,,2026-10-08T22:35:30Z
ses-20261008-0487,usr-0093,True,PWA,131215,"[""all"", ""decaf""]",False,,,ORD-0432,2026-10-02T23:15:58Z
ses-20261008-0488,usr-0113,True,PWA,117788,"[""all"", ""decaf""]",False,,,ORD-0433,2026-10-07T20:39:28Z
ses-20261008-0489,usr-0341,True,PWA,113107,"[""all"", ""decaf""]",False,,,ORD-0434,2026-10-07T16:05:20Z
ses-20261008-0490,usr-0195,True,PWA,92597,"[""all"", ""coffee""]",True,CART_SHEET,PRICE_HIGH,,2026-10-06T17:48:18Z
ses-20261008-0491,usr-0277,True,PWA,32943,"[""all"", ""ade"", ""coffee"", ""tea""]",False,,,ORD-0435,2026-09-30T16:09:11Z
ses-20261008-0492,usr-0046,True,PWA,115015,"[""all"", ""decaf""]",False,,,ORD-0436,2026-09-27T00:33:09Z
ses-20261008-0493,usr-0022,True,PWA,82154,"[""all"", ""smoothie""]",False,,,ORD-0437,2026-10-03T01:03:26Z
ses-20261008-0494,guest-0032,False,PWA,109856,"[""all"", ""coffee"", ""ade"", ""smoothie""]",False,,,ORD-0438,2026-09-27T16:56:35Z
ses-20261008-0495,guest-0136,False,PWA,100036,"[""all"", ""tea"", ""smoothie""]",False,,,ORD-0439,2026-10-05T17:15:09Z
ses-20261008-0496,usr-0370,True,PWA,118481,"[""all"", ""ade""]",False,,,ORD-0440,2026-10-09T01:13:06Z
ses-20261008-0497,guest-0011,False,PWA,87483,"[""all"", ""decaf""]",False,,,ORD-0441,2026-09-20T20:46:43Z
ses-20261008-0498,usr-0272,True,PWA,163353,"[""all"", ""ade"", ""tea""]",False,,,ORD-0442,2026-10-02T02:49:14Z
ses-20261008-0499,usr-0149,True,PWA,21177,"[""all"", ""tea"", ""ade"", ""coffee""]",False,,,ORD-0443,2026-10-06T21:15:13Z
ses-20261008-0500,usr-0049,True,PWA,150000,"[""all"", ""decaf"", ""coffee""]",True,OPTION_MODAL,TIMEOUT_60S,,2026-10-07T21:46:56Z
ses-20261008-0501,usr-0324,True,PWA,128040,"[""all"", ""tea"", ""coffee""]",False,,,ORD-0444,2026-10-06T16:08:25Z
ses-20261008-0502,usr-0209,True,PWA,73390,"[""all"", ""coffee""]",False,,,ORD-0445,2026-10-02T22:00:58Z
ses-20261008-0503,usr-0171,True,PWA,131302,"[""all"", ""decaf""]",False,,,ORD-0446,2026-09-30T21:16:46Z
ses-20261008-0504,usr-0270,True,PWA,101201,"[""all"", ""tea""]",True,PAY_POPUP,PRICE_HIGH,,2026-10-06T00:06:34Z
ses-20261008-0505,guest-0105,False,PWA,120724,"[""all"", ""tea"", ""coffee""]",False,,,ORD-0447,2026-09-21T16:13:38Z
ses-20261008-0506,guest-0087,False,PWA,123208,"[""all"", ""coffee"", ""decaf"", ""smoothie"", ""ade""]",True,CART_SHEET,PRICE_HIGH,,2026-09-22T21:27:27Z
ses-20261008-0507,usr-0099,True,PWA,76301,"[""all"", ""decaf""]",False,,,ORD-0448,2026-09-16T20:23:24Z
ses-20261008-0508,guest-0131,False,PWA,128398,"[""all"", ""smoothie"", ""tea"", ""ade""]",False,,,ORD-0449,2026-10-02T16:31:40Z
ses-20261008-0509,usr-0342,True,PWA,112233,"[""all"", ""ade""]",False,,,ORD-0450,2026-10-02T23:26:02Z
ses-20261008-0510,guest-0075,False,PWA,112146,"[""all"", ""decaf"", ""tea"", ""smoothie"", ""ade""]",False,,,ORD-0451,2026-09-24T20:45:28Z
ses-20261008-0511,usr-0390,True,PWA,91759,"[""all"", ""decaf"", ""smoothie""]",False,,,ORD-0452,2026-09-29T17:09:34Z
ses-20261008-0512,usr-0098,True,PWA,98463,"[""all"", ""smoothie""]",False,,,ORD-0453,2026-09-18T16:18:49Z
ses-20261008-0513,usr-0384,True,PWA,127863,"[""all"", ""decaf""]",False,,,ORD-0454,2026-09-21T16:33:38Z
ses-20261008-0514,usr-0073,True,PWA,103843,"[""all"", ""tea"", ""smoothie""]",True,CART_SHEET,PRICE_HIGH,,2026-10-07T21:21:01Z
ses-20261008-0515,usr-0223,True,PWA,110696,"[""all"", ""coffee""]",False,,,ORD-0455,2026-10-06T17:36:24Z
ses-20261008-0516,usr-0385,True,PWA,134731,"[""all"", ""tea""]",False,,,ORD-0456,2026-09-18T16:49:17Z
ses-20261008-0517,usr-0342,True,PWA,91805,"[""all"", ""coffee""]",False,,,ORD-0457,2026-10-01T21:58:56Z
ses-20261008-0518,usr-0314,True,PWA,114827,"[""all"", ""ade""]",False,,,ORD-0458,2026-10-05T17:40:38Z
ses-20261008-0519,usr-0144,True,PWA,93300,"[""all"", ""smoothie"", ""tea""]",False,,,ORD-0459,2026-09-23T17:28:28Z
ses-20261008-0520,guest-0145,False,PWA,110960,"[""all"", ""smoothie""]",False,,,ORD-0460,2026-10-08T02:49:49Z
ses-20261008-0521,guest-0081,False,PWA,107323,"[""all"", ""smoothie"", ""coffee"", ""tea""]",False,,,ORD-0461,2026-09-26T23:12:22Z
ses-20261008-0522,guest-0082,False,PWA,105895,"[""all"", ""smoothie""]",False,,,ORD-0462,2026-09-19T21:24:07Z
ses-20261008-0523,usr-0049,True,PWA,80082,"[""all"", ""ade""]",False,,,ORD-0463,2026-09-28T16:15:28Z
ses-20261008-0524,guest-0151,False,PWA,122104,"[""all"", ""smoothie""]",False,,,ORD-0464,2026-10-02T22:40:12Z
ses-20261008-0525,guest-0063,False,PWA,66359,"[""all"", ""smoothie"", ""coffee"", ""tea"", ""decaf""]",False,,,ORD-0465,2026-09-18T23:34:43Z
ses-20261008-0526,usr-0359,True,PWA,27757,"[""all"", ""tea""]",False,,,ORD-0466,2026-09-16T21:15:57Z
ses-20261008-0527,usr-0338,True,PWA,126056,"[""all"", ""smoothie""]",False,,,ORD-0467,2026-09-20T17:20:43Z
ses-20261008-0528,guest-0019,False,PWA,106242,"[""all"", ""coffee"", ""ade""]",False,,,ORD-0468,2026-10-03T17:29:48Z
ses-20261008-0529,usr-0278,True,PWA,121249,"[""all"", ""ade""]",True,PAY_POPUP,TIMEOUT_60S,,2026-09-29T04:45:44Z
ses-20261008-0530,usr-0284,True,PWA,135842,"[""all"", ""decaf"", ""smoothie""]",False,,,ORD-0469,2026-10-05T16:18:22Z
ses-20261008-0531,usr-0101,True,PWA,112770,"[""all"", ""ade"", ""smoothie""]",False,,,ORD-0470,2026-10-02T23:01:59Z
ses-20261008-0532,usr-0224,True,PWA,102200,"[""all"", ""decaf""]",False,,,ORD-0471,2026-10-01T20:53:53Z
ses-20261008-0533,usr-0122,True,PWA,116516,"[""all"", ""ade"", ""smoothie""]",False,,,ORD-0472,2026-09-26T17:56:01Z
ses-20261008-0534,usr-0202,True,PWA,131387,"[""all"", ""tea""]",True,OPTION_MODAL,PRICE_HIGH,,2026-09-21T17:11:40Z
ses-20261008-0535,guest-0101,False,PWA,107008,"[""all"", ""coffee"", ""ade"", ""tea""]",False,,,ORD-0473,2026-09-22T23:34:57Z
ses-20261008-0536,usr-0356,True,PWA,65396,"[""all"", ""decaf"", ""coffee"", ""ade""]",False,,,ORD-0474,2026-09-22T17:06:14Z
ses-20261008-0537,usr-0388,True,PWA,108505,"[""all"", ""tea""]",False,,,ORD-0475,2026-10-01T00:52:16Z
ses-20261008-0538,guest-0023,False,PWA,95661,"[""all"", ""coffee""]",False,,,ORD-0476,2026-09-26T17:05:20Z
ses-20261008-0539,guest-0115,False,PWA,105914,"[""all"", ""coffee"", ""ade""]",False,,,ORD-0477,2026-09-25T17:54:09Z
ses-20261008-0540,usr-0310,True,PWA,97925,"[""all"", ""tea""]",False,,,ORD-0478,2026-10-09T01:00:17Z
ses-20261008-0541,guest-0107,False,PWA,118212,"[""all"", ""smoothie"", ""decaf""]",False,,,ORD-0479,2026-09-17T04:32:26Z
ses-20261008-0542,usr-0187,True,PWA,128799,"[""all"", ""decaf""]",False,,,ORD-0480,2026-09-26T00:11:32Z
ses-20261008-0543,guest-0096,False,PWA,110437,"[""all"", ""coffee""]",False,,,ORD-0481,2026-10-05T16:04:15Z
ses-20261008-0544,usr-0146,True,PWA,97429,"[""all"", ""smoothie"", ""tea""]",False,,,ORD-0482,2026-10-01T21:24:37Z
ses-20261008-0545,usr-0004,True,PWA,109305,"[""all"", ""coffee""]",False,,,ORD-0483,2026-09-19T20:58:23Z
ses-20261008-0546,guest-0166,False,PWA,90125,"[""all"", ""coffee"", ""tea""]",False,,,ORD-0484,2026-09-15T20:03:24Z
ses-20261008-0547,usr-0093,True,PWA,111400,"[""all"", ""decaf"", ""ade"", ""tea"", ""coffee""]",True,PAY_POPUP,TIMEOUT_60S,,2026-09-26T21:16:47Z
ses-20261008-0548,usr-0398,True,PWA,24152,"[""all"", ""coffee"", ""smoothie""]",False,,,ORD-0485,2026-10-07T01:57:42Z
ses-20261008-0549,usr-0033,True,PWA,123492,"[""all"", ""tea"", ""decaf""]",False,,,ORD-0486,2026-09-29T20:28:50Z
ses-20261008-0550,usr-0168,True,PWA,94535,"[""all"", ""decaf""]",False,,,ORD-0487,2026-10-06T22:40:19Z
ses-20261008-0551,guest-0119,False,PWA,102911,"[""all"", ""ade"", ""tea"", ""coffee""]",False,,,ORD-0488,2026-10-09T01:14:10Z
ses-20261008-0552,guest-0150,False,PWA,122753,"[""all"", ""ade""]",False,,,ORD-0489,2026-09-29T16:28:04Z
ses-20261008-0553,usr-0067,True,PWA,28185,"[""all"", ""coffee""]",False,,,ORD-0490,2026-09-19T16:08:50Z
ses-20261008-0554,guest-0120,False,PWA,91435,"[""all"", ""ade""]",False,,,ORD-0491,2026-10-01T21:22:43Z
ses-20261008-0555,guest-0197,False,PWA,76032,"[""all"", ""coffee"", ""ade"", ""decaf""]",False,,,ORD-0492,2026-09-16T17:19:15Z
ses-20261008-0556,guest-0151,False,PWA,144607,"[""all"", ""ade""]",False,,,ORD-0493,2026-10-08T16:05:19Z
ses-20261008-0557,usr-0256,True,PWA,31198,"[""all"", ""tea""]",False,,,ORD-0494,2026-09-17T20:09:25Z
ses-20261008-0558,guest-0036,False,PWA,144960,"[""all"", ""coffee""]",False,,,ORD-0495,2026-09-16T16:07:07Z
ses-20261008-0559,usr-0319,True,PWA,82634,"[""all"", ""smoothie""]",True,CART_SHEET,WAIT_TIME_LONG,,2026-10-08T22:18:36Z
ses-20261008-0560,guest-0027,False,PWA,117972,"[""all"", ""coffee""]",False,,,ORD-0496,2026-09-20T00:11:06Z
ses-20261008-0561,usr-0306,True,PWA,108995,"[""all"", ""ade"", ""decaf""]",False,,,ORD-0497,2026-09-24T20:53:52Z
ses-20261008-0562,guest-0150,False,PWA,96606,"[""all"", ""ade""]",False,,,ORD-0498,2026-09-30T22:14:29Z
ses-20261008-0563,guest-0007,False,PWA,85856,"[""all"", ""tea""]",False,,,ORD-0499,2026-09-20T02:27:07Z
ses-20261008-0564,usr-0065,True,PWA,97264,"[""all"", ""tea""]",False,,,ORD-0500,2026-09-24T20:21:20Z
ses-20261008-0565,usr-0208,True,PWA,26840,"[""all"", ""ade"", ""coffee"", ""tea""]",False,,,ORD-0501,2026-09-30T21:23:27Z
ses-20261008-0566,guest-0065,False,PWA,120341,"[""all"", ""coffee""]",False,,,ORD-0502,2026-09-29T20:02:35Z
ses-20261008-0567,usr-0142,True,PWA,91174,"[""all"", ""decaf"", ""coffee""]",False,,,ORD-0503,2026-09-17T21:33:02Z
ses-20261008-0568,usr-0365,True,PWA,128476,"[""all"", ""decaf""]",True,PAY_POPUP,TIMEOUT_60S,,2026-09-22T16:52:55Z
ses-20261008-0569,usr-0206,True,PWA,100302,"[""all"", ""tea"", ""ade""]",True,PAY_POPUP,TIMEOUT_60S,,2026-09-20T16:01:01Z
ses-20261008-0570,usr-0130,True,PWA,23844,"[""all"", ""tea""]",False,,,ORD-0504,2026-09-30T16:35:00Z
ses-20261008-0571,guest-0101,False,PWA,95589,"[""all"", ""tea""]",False,,,ORD-0505,2026-09-28T22:22:37Z
ses-20261008-0572,usr-0060,True,PWA,77992,"[""all"", ""ade""]",False,,,ORD-0506,2026-09-16T21:42:29Z
ses-20261008-0573,usr-0294,True,PWA,60068,"[""all"", ""ade""]",False,,,ORD-0507,2026-09-15T16:20:50Z
ses-20261008-0574,usr-0034,True,PWA,123389,"[""all"", ""smoothie"", ""ade"", ""coffee""]",True,OPTION_MODAL,TIMEOUT_60S,,2026-09-21T21:43:07Z
ses-20261008-0575,guest-0125,False,PWA,172416,"[""all"", ""ade""]",False,,,ORD-0508,2026-09-30T20:14:53Z
ses-20261008-0576,usr-0110,True,PWA,62083,"[""all"", ""tea"", ""coffee""]",False,,,ORD-0509,2026-09-29T17:52:57Z
ses-20261008-0577,usr-0351,True,PWA,60055,"[""all"", ""coffee"", ""smoothie"", ""decaf""]",False,,,ORD-0510,2026-10-08T01:57:09Z
ses-20261008-0578,usr-0071,True,PWA,14135,"[""all"", ""decaf""]",False,,,ORD-0511,2026-09-21T01:56:56Z
ses-20261008-0579,usr-0006,True,PWA,27596,"[""all"", ""smoothie""]",False,,,ORD-0512,2026-10-02T16:16:34Z
ses-20261008-0580,guest-0172,False,PWA,133209,"[""all"", ""decaf"", ""ade""]",False,,,ORD-0513,2026-09-18T04:57:31Z
ses-20261008-0581,guest-0123,False,PWA,131428,"[""all"", ""coffee""]",False,,,ORD-0514,2026-10-06T21:02:37Z
ses-20261008-0582,usr-0171,True,PWA,121107,"[""all"", ""smoothie"", ""tea""]",False,,,ORD-0515,2026-10-08T20:49:59Z
ses-20261008-0583,usr-0078,True,PWA,21908,"[""all"", ""tea""]",False,,,ORD-0516,2026-09-17T20:35:21Z
ses-20261008-0584,guest-0057,False,PWA,100876,"[""all"", ""tea"", ""ade"", ""decaf""]",False,,,ORD-0517,2026-09-23T20:39:02Z
ses-20261008-0585,usr-0058,True,PWA,143253,"[""all"", ""decaf"", ""tea""]",True,OPTION_MODAL,PRICE_HIGH,,2026-10-04T04:15:22Z
ses-20261008-0586,usr-0369,True,PWA,76667,"[""all"", ""ade""]",False,,,ORD-0518,2026-09-29T03:11:15Z
ses-20261008-0587,usr-0050,True,PWA,28478,"[""all"", ""ade"", ""coffee""]",False,,,ORD-0519,2026-09-28T16:55:12Z
ses-20261008-0588,usr-0265,True,PWA,81563,"[""all"", ""coffee"", ""smoothie"", ""tea"", ""decaf""]",False,,,ORD-0520,2026-09-19T22:34:34Z
ses-20261008-0589,usr-0217,True,PWA,17300,"[""all"", ""decaf""]",False,,,ORD-0521,2026-10-04T20:44:37Z
ses-20261008-0590,usr-0161,True,PWA,102871,"[""all"", ""tea"", ""coffee""]",False,,,ORD-0522,2026-10-06T16:39:08Z
ses-20261008-0591,usr-0350,True,PWA,97508,"[""all"", ""smoothie""]",False,,,ORD-0523,2026-10-08T17:13:26Z
ses-20261008-0592,usr-0070,True,PWA,95274,"[""all"", ""smoothie""]",False,,,ORD-0524,2026-09-24T21:11:03Z
ses-20261008-0593,usr-0008,True,PWA,65931,"[""all"", ""decaf""]",False,,,ORD-0525,2026-09-24T17:31:48Z
ses-20261008-0594,usr-0208,True,PWA,20416,"[""all"", ""ade""]",False,,,ORD-0526,2026-09-27T23:49:26Z
ses-20261008-0595,guest-0109,False,PWA,118271,"[""all"", ""smoothie""]",False,,,ORD-0527,2026-09-20T22:11:09Z
ses-20261008-0596,usr-0129,True,PWA,120027,"[""all"", ""decaf"", ""coffee""]",False,,,ORD-0528,2026-10-03T01:03:00Z
ses-20261008-0597,guest-0004,False,PWA,111247,"[""all"", ""smoothie"", ""coffee"", ""decaf""]",False,,,ORD-0529,2026-09-23T21:50:16Z
ses-20261008-0598,guest-0193,False,PWA,100297,"[""all"", ""ade""]",False,,,ORD-0530,2026-10-02T17:52:40Z
ses-20261008-0599,guest-0069,False,PWA,116023,"[""all"", ""ade"", ""smoothie""]",False,,,ORD-0531,2026-09-16T17:16:19Z
ses-20261008-0600,usr-0044,True,PWA,110384,"[""all"", ""ade""]",False,,,ORD-0532,2026-09-29T21:48:13Z
ses-20261008-0601,usr-0038,True,PWA,90319,"[""all"", ""coffee""]",False,,,ORD-0533,2026-09-30T20:41:34Z
ses-20261008-0602,usr-0075,True,PWA,116127,"[""all"", ""ade""]",False,,,ORD-0534,2026-09-23T20:21:54Z
ses-20261008-0603,usr-0035,True,PWA,19437,"[""all"", ""ade""]",False,,,ORD-0535,2026-09-28T16:17:16Z
ses-20261008-0604,usr-0361,True,PWA,99166,"[""all"", ""tea"", ""smoothie""]",False,,,ORD-0536,2026-10-02T17:15:41Z
ses-20261008-0605,usr-0264,True,PWA,90739,"[""all"", ""ade""]",False,,,ORD-0537,2026-09-20T04:38:03Z
ses-20261008-0606,usr-0383,True,PWA,59873,"[""all"", ""decaf"", ""tea"", ""ade""]",False,,,ORD-0538,2026-09-27T23:17:08Z
ses-20261008-0607,usr-0089,True,PWA,25605,"[""all"", ""tea"", ""decaf""]",False,,,ORD-0539,2026-10-01T22:45:36Z
ses-20261008-0608,usr-0059,True,PWA,101371,"[""all"", ""decaf"", ""smoothie""]",False,,,ORD-0540,2026-09-17T04:53:40Z
ses-20261008-0609,usr-0284,True,PWA,104523,"[""all"", ""decaf"", ""coffee"", ""tea""]",False,,,ORD-0541,2026-09-25T04:15:41Z
ses-20261008-0610,usr-0002,True,PWA,13377,"[""all"", ""tea"", ""coffee""]",False,,,ORD-0542,2026-09-21T22:29:53Z
ses-20261008-0611,guest-0085,False,PWA,101061,"[""all"", ""smoothie"", ""decaf"", ""tea"", ""coffee""]",False,,,ORD-0543,2026-09-16T02:27:27Z
ses-20261008-0612,usr-0303,True,PWA,114051,"[""all"", ""ade"", ""tea""]",False,,,ORD-0544,2026-09-24T01:02:33Z
ses-20261008-0613,usr-0222,True,PWA,94850,"[""all"", ""smoothie"", ""coffee"", ""tea"", ""decaf""]",False,,,ORD-0545,2026-10-02T20:30:33Z
ses-20261008-0614,guest-0196,False,PWA,107009,"[""all"", ""coffee""]",False,,,ORD-0546,2026-09-26T20:24:00Z
ses-20261008-0615,usr-0061,True,PWA,134046,"[""all"", ""tea"", ""smoothie""]",False,,,ORD-0547,2026-09-29T21:45:05Z
ses-20261008-0616,usr-0073,True,PWA,124917,"[""all"", ""coffee""]",False,,,ORD-0548,2026-10-05T03:32:37Z
ses-20261008-0617,usr-0223,True,PWA,111385,"[""all"", ""smoothie"", ""coffee"", ""ade""]",False,,,ORD-0549,2026-10-01T16:08:54Z
ses-20261008-0618,usr-0070,True,PWA,101255,"[""all"", ""decaf""]",False,,,ORD-0550,2026-09-24T01:11:32Z
ses-20261008-0619,usr-0135,True,PWA,110729,"[""all"", ""decaf""]",False,,,ORD-0551,2026-10-07T20:08:26Z
ses-20261008-0620,usr-0191,True,PWA,81640,"[""all"", ""coffee""]",False,,,ORD-0552,2026-09-15T21:56:51Z
ses-20261008-0621,usr-0037,True,PWA,89593,"[""all"", ""coffee""]",False,,,ORD-0553,2026-09-28T20:00:30Z
ses-20261008-0622,usr-0212,True,PWA,139614,"[""all"", ""smoothie"", ""coffee""]",False,,,ORD-0554,2026-09-26T17:17:30Z
ses-20261008-0623,usr-0395,True,PWA,91495,"[""all"", ""ade""]",False,,,ORD-0555,2026-10-08T22:16:21Z
ses-20261008-0624,usr-0269,True,PWA,83025,"[""all"", ""ade""]",False,,,ORD-0556,2026-09-22T16:26:33Z
ses-20261008-0625,guest-0129,False,PWA,146469,"[""all"", ""ade""]",False,,,ORD-0557,2026-09-21T20:20:51Z
ses-20261008-0626,usr-0374,True,PWA,118842,"[""all"", ""coffee""]",False,,,ORD-0558,2026-09-15T21:57:49Z
ses-20261008-0627,usr-0199,True,PWA,119422,"[""all"", ""smoothie"", ""decaf"", ""coffee""]",False,,,ORD-0559,2026-09-18T20:09:21Z
ses-20261008-0628,usr-0091,True,PWA,135099,"[""all"", ""ade""]",False,,,ORD-0560,2026-09-16T04:08:11Z
ses-20261008-0629,usr-0164,True,PWA,31295,"[""all"", ""decaf""]",False,,,ORD-0561,2026-09-18T16:58:56Z
ses-20261008-0630,guest-0119,False,PWA,96453,"[""all"", ""ade"", ""coffee""]",False,,,ORD-0562,2026-10-04T21:45:47Z
ses-20261008-0631,guest-0198,False,PWA,78193,"[""all"", ""coffee""]",False,,,ORD-0563,2026-10-08T16:00:17Z
ses-20261008-0632,usr-0335,True,PWA,27797,"[""all"", ""ade"", ""decaf"", ""coffee"", ""tea""]",False,,,ORD-0564,2026-09-26T04:57:11Z
ses-20261008-0633,usr-0250,True,PWA,95112,"[""all"", ""smoothie""]",False,,,ORD-0565,2026-10-04T02:41:01Z
ses-20261008-0634,usr-0349,True,PWA,130668,"[""all"", ""ade"", ""decaf""]",True,OPTION_MODAL,TIMEOUT_60S,,2026-09-19T23:42:12Z
ses-20261008-0635,usr-0116,True,PWA,122923,"[""all"", ""tea"", ""ade""]",True,OPTION_MODAL,PRICE_HIGH,,2026-09-15T17:29:24Z
ses-20261008-0636,usr-0131,True,PWA,118426,"[""all"", ""ade"", ""tea""]",True,OPTION_MODAL,PRICE_HIGH,,2026-09-20T02:18:06Z
ses-20261008-0637,usr-0294,True,PWA,72285,"[""all"", ""coffee""]",False,,,ORD-0566,2026-10-07T23:50:14Z
ses-20261008-0638,usr-0008,True,PWA,64029,"[""all"", ""tea""]",False,,,ORD-0567,2026-09-20T02:05:24Z
ses-20261008-0639,guest-0143,False,PWA,118193,"[""all"", ""decaf"", ""smoothie""]",False,,,ORD-0568,2026-10-02T20:05:10Z
ses-20261008-0640,usr-0237,True,PWA,19761,"[""all"", ""smoothie""]",False,,,ORD-0569,2026-09-30T04:38:08Z
ses-20261008-0641,usr-0093,True,PWA,137047,"[""all"", ""tea"", ""coffee""]",False,,,ORD-0570,2026-09-21T20:06:41Z
ses-20261008-0642,usr-0374,True,PWA,19814,"[""all"", ""smoothie"", ""tea""]",False,,,ORD-0571,2026-10-04T04:47:29Z
ses-20261008-0643,usr-0396,True,PWA,83178,"[""all"", ""decaf"", ""tea"", ""coffee""]",True,PAY_POPUP,PRICE_HIGH,,2026-09-26T03:34:48Z
ses-20261008-0644,usr-0089,True,PWA,145166,"[""all"", ""decaf"", ""tea""]",False,,,ORD-0572,2026-10-01T17:55:03Z
ses-20261008-0645,usr-0080,True,PWA,100652,"[""all"", ""tea"", ""decaf"", ""ade"", ""coffee""]",False,,,ORD-0573,2026-09-16T17:17:31Z
ses-20261008-0646,guest-0128,False,PWA,64768,"[""all"", ""ade""]",False,,,ORD-0574,2026-09-26T23:44:56Z
ses-20261008-0647,usr-0030,True,PWA,25788,"[""all"", ""smoothie""]",False,,,ORD-0575,2026-09-26T23:59:53Z
ses-20261008-0648,usr-0350,True,PWA,67558,"[""all"", ""decaf""]",False,,,ORD-0576,2026-10-07T02:30:19Z
ses-20261008-0649,usr-0042,True,PWA,99420,"[""all"", ""ade"", ""smoothie""]",True,CART_SHEET,PRICE_HIGH,,2026-09-22T03:31:00Z
ses-20261008-0650,guest-0118,False,PWA,138468,"[""all"", ""decaf""]",False,,,ORD-0577,2026-09-16T21:59:09Z
ses-20261008-0651,usr-0221,True,PWA,28061,"[""all"", ""tea"", ""smoothie""]",False,,,ORD-0578,2026-09-28T04:19:38Z
ses-20261008-0652,usr-0076,True,PWA,84500,"[""all"", ""ade"", ""decaf"", ""tea""]",False,,,ORD-0579,2026-09-23T17:42:08Z
ses-20261008-0653,usr-0379,True,PWA,133668,"[""all"", ""coffee"", ""smoothie""]",False,,,ORD-0580,2026-10-05T02:40:15Z
ses-20261008-0654,usr-0104,True,PWA,78987,"[""all"", ""ade"", ""smoothie""]",False,,,ORD-0581,2026-09-16T23:04:05Z
ses-20261008-0655,usr-0365,True,PWA,12000,"[""all"", ""ade"", ""tea"", ""smoothie""]",False,,,ORD-0582,2026-10-09T00:46:49Z
ses-20261008-0656,guest-0199,False,PWA,74827,"[""all"", ""tea"", ""coffee"", ""smoothie""]",False,,,ORD-0583,2026-10-01T20:27:13Z
ses-20261008-0657,guest-0153,False,PWA,107748,"[""all"", ""smoothie""]",False,,,ORD-0584,2026-09-19T17:36:24Z
ses-20261008-0658,guest-0068,False,PWA,130047,"[""all"", ""smoothie"", ""coffee"", ""tea""]",True,CART_SHEET,TIMEOUT_60S,,2026-10-05T20:15:50Z
ses-20261008-0659,usr-0029,True,PWA,81818,"[""all"", ""coffee"", ""decaf""]",False,,,ORD-0585,2026-09-29T20:42:49Z
ses-20261008-0660,usr-0186,True,PWA,99809,"[""all"", ""smoothie"", ""ade"", ""tea""]",False,,,ORD-0586,2026-10-06T16:27:56Z
ses-20261008-0661,usr-0175,True,PWA,92623,"[""all"", ""tea"", ""smoothie""]",False,,,ORD-0587,2026-10-08T23:57:28Z
ses-20261008-0662,usr-0189,True,PWA,106557,"[""all"", ""smoothie"", ""tea"", ""ade""]",False,,,ORD-0588,2026-09-25T20:02:01Z
ses-20261008-0663,guest-0197,False,PWA,80164,"[""all"", ""tea"", ""coffee"", ""smoothie""]",False,,,ORD-0589,2026-09-21T22:31:10Z
ses-20261008-0664,usr-0192,True,PWA,101455,"[""all"", ""tea""]",False,,,ORD-0590,2026-10-04T20:58:15Z
ses-20261008-0665,usr-0243,True,PWA,104719,"[""all"", ""tea""]",True,PAY_POPUP,PRICE_HIGH,,2026-10-07T20:50:22Z
ses-20261008-0666,guest-0012,False,PWA,119345,"[""all"", ""tea"", ""decaf""]",True,CART_SHEET,PRICE_HIGH,,2026-10-01T17:50:07Z
ses-20261008-0667,usr-0331,True,PWA,102918,"[""all"", ""smoothie"", ""decaf"", ""ade"", ""tea""]",False,,,ORD-0591,2026-10-02T16:45:05Z
ses-20261008-0668,usr-0083,True,PWA,128830,"[""all"", ""tea""]",False,,,ORD-0592,2026-10-07T20:48:38Z
ses-20261008-0669,usr-0317,True,PWA,26556,"[""all"", ""smoothie""]",False,,,ORD-0593,2026-09-25T16:57:24Z
ses-20261008-0670,guest-0071,False,PWA,94724,"[""all"", ""decaf""]",False,,,ORD-0594,2026-09-18T22:31:42Z
ses-20261008-0671,usr-0339,True,PWA,22976,"[""all"", ""smoothie""]",False,,,ORD-0595,2026-09-16T21:42:25Z
ses-20261008-0672,usr-0038,True,PWA,122212,"[""all"", ""ade""]",False,,,ORD-0596,2026-09-21T04:04:23Z
ses-20261008-0673,usr-0184,True,PWA,123265,"[""all"", ""tea""]",False,,,ORD-0597,2026-09-20T16:51:08Z
ses-20261008-0674,guest-0104,False,PWA,83081,"[""all"", ""decaf"", ""smoothie""]",False,,,ORD-0598,2026-09-29T21:25:02Z
ses-20261008-0675,guest-0118,False,PWA,157350,"[""all"", ""tea""]",False,,,ORD-0599,2026-09-25T21:41:34Z
ses-20261008-0676,usr-0159,True,PWA,19401,"[""all"", ""coffee""]",False,,,ORD-0600,2026-09-21T17:11:14Z
ses-20261008-0677,usr-0328,True,PWA,91134,"[""all"", ""coffee"", ""tea""]",False,,,ORD-0601,2026-09-30T00:30:00Z
ses-20261008-0678,usr-0104,True,PWA,137699,"[""all"", ""ade""]",False,,,ORD-0602,2026-09-28T03:44:02Z
ses-20261008-0679,usr-0238,True,PWA,101245,"[""all"", ""tea"", ""ade""]",False,,,ORD-0603,2026-09-29T17:08:36Z
ses-20261008-0680,usr-0161,True,PWA,89214,"[""all"", ""ade""]",False,,,ORD-0604,2026-10-04T17:39:25Z
ses-20261008-0681,guest-0079,False,PWA,140665,"[""all"", ""ade""]",False,,,ORD-0605,2026-10-04T16:48:38Z
ses-20261008-0682,usr-0066,True,PWA,70350,"[""all"", ""decaf"", ""ade"", ""coffee""]",False,,,ORD-0606,2026-10-04T23:36:42Z
ses-20261008-0683,usr-0099,True,PWA,24860,"[""all"", ""decaf"", ""tea""]",False,,,ORD-0607,2026-09-24T21:23:21Z
ses-20261008-0684,usr-0033,True,PWA,111392,"[""all"", ""tea"", ""ade"", ""coffee""]",False,,,ORD-0608,2026-09-19T23:36:03Z
ses-20261008-0685,usr-0347,True,PWA,102599,"[""all"", ""decaf""]",False,,,ORD-0609,2026-10-01T04:27:51Z
ses-20261008-0686,usr-0105,True,PWA,127121,"[""all"", ""tea""]",False,,,ORD-0610,2026-09-25T02:53:26Z
ses-20261008-0687,usr-0355,True,PWA,152596,"[""all"", ""coffee"", ""decaf""]",False,,,ORD-0611,2026-10-07T01:50:52Z
ses-20261008-0688,usr-0335,True,PWA,16584,"[""all"", ""smoothie""]",False,,,ORD-0612,2026-09-17T21:28:56Z
ses-20261008-0689,usr-0025,True,PWA,105201,"[""all"", ""smoothie""]",False,,,ORD-0613,2026-09-20T17:27:25Z
ses-20261008-0690,usr-0105,True,PWA,63231,"[""all"", ""smoothie""]",False,,,ORD-0614,2026-09-15T16:12:16Z
ses-20261008-0691,usr-0178,True,PWA,102732,"[""all"", ""tea"", ""coffee""]",False,,,ORD-0615,2026-09-25T16:11:17Z
ses-20261008-0692,guest-0149,False,PWA,132264,"[""all"", ""tea"", ""decaf""]",False,,,ORD-0616,2026-10-08T22:05:29Z
ses-20261008-0693,guest-0122,False,PWA,132377,"[""all"", ""coffee""]",False,,,ORD-0617,2026-10-05T21:20:52Z
ses-20261008-0694,usr-0323,True,PWA,54731,"[""all"", ""coffee""]",False,,,ORD-0618,2026-09-19T16:11:09Z
ses-20261008-0695,usr-0127,True,PWA,123891,"[""all"", ""coffee"", ""tea""]",False,,,ORD-0619,2026-09-30T16:28:36Z
ses-20261008-0696,usr-0038,True,PWA,122512,"[""all"", ""tea""]",False,,,ORD-0620,2026-09-30T01:18:44Z
ses-20261008-0697,guest-0196,False,PWA,91330,"[""all"", ""smoothie"", ""ade"", ""coffee""]",False,,,ORD-0621,2026-09-18T20:11:09Z
ses-20261008-0698,guest-0050,False,PWA,119614,"[""all"", ""smoothie""]",False,,,ORD-0622,2026-10-08T23:12:18Z
ses-20261008-0699,guest-0003,False,PWA,66766,"[""all"", ""coffee"", ""ade""]",False,,,ORD-0623,2026-09-26T21:49:32Z
ses-20261008-0700,usr-0232,True,PWA,67274,"[""all"", ""tea""]",False,,,ORD-0624,2026-09-30T20:10:58Z
ses-20261008-0701,usr-0166,True,PWA,118306,"[""all"", ""decaf""]",False,,,ORD-0625,2026-09-28T16:37:20Z
ses-20261008-0702,usr-0264,True,PWA,146204,"[""all"", ""coffee""]",True,PAY_POPUP,PRICE_HIGH,,2026-09-15T21:06:12Z
ses-20261008-0703,guest-0058,False,PWA,108708,"[""all"", ""tea""]",False,,,ORD-0626,2026-10-07T22:52:41Z
ses-20261008-0704,usr-0275,True,PWA,123935,"[""all"", ""decaf""]",True,OPTION_MODAL,TIMEOUT_60S,,2026-10-01T03:57:00Z
ses-20261008-0705,usr-0157,True,PWA,128801,"[""all"", ""decaf""]",False,,,ORD-0627,2026-09-19T22:02:50Z
ses-20261008-0706,usr-0205,True,PWA,21355,"[""all"", ""tea"", ""ade""]",False,,,ORD-0628,2026-10-08T16:38:27Z
ses-20261008-0707,usr-0099,True,PWA,134174,"[""all"", ""ade""]",False,,,ORD-0629,2026-09-20T16:02:18Z
ses-20261008-0708,guest-0105,False,PWA,129887,"[""all"", ""tea"", ""decaf""]",False,,,ORD-0630,2026-10-03T21:36:44Z
ses-20261008-0709,guest-0192,False,PWA,111999,"[""all"", ""coffee""]",False,,,ORD-0631,2026-09-20T20:34:25Z
ses-20261008-0710,usr-0338,True,PWA,147785,"[""all"", ""smoothie""]",True,OPTION_MODAL,WAIT_TIME_LONG,,2026-10-03T22:03:28Z
ses-20261008-0711,usr-0285,True,PWA,23328,"[""all"", ""tea""]",False,,,ORD-0632,2026-09-22T04:39:57Z
ses-20261008-0712,guest-0197,False,PWA,114446,"[""all"", ""ade""]",False,,,ORD-0633,2026-09-27T17:06:15Z
ses-20261008-0713,usr-0345,True,PWA,15792,"[""all"", ""decaf""]",False,,,ORD-0634,2026-10-02T23:22:57Z
ses-20261008-0714,usr-0247,True,PWA,109723,"[""all"", ""ade"", ""tea""]",False,,,ORD-0635,2026-09-30T20:27:48Z
ses-20261008-0715,usr-0304,True,PWA,118336,"[""all"", ""smoothie""]",False,,,ORD-0636,2026-09-28T20:34:44Z
ses-20261008-0716,guest-0036,False,PWA,123832,"[""all"", ""tea"", ""ade""]",False,,,ORD-0637,2026-09-25T21:39:32Z
ses-20261008-0717,usr-0322,True,PWA,75695,"[""all"", ""ade"", ""coffee"", ""tea"", ""decaf""]",False,,,ORD-0638,2026-09-30T17:27:37Z
ses-20261008-0718,guest-0050,False,PWA,92406,"[""all"", ""ade"", ""smoothie""]",False,,,ORD-0639,2026-10-05T00:07:26Z
ses-20261008-0719,guest-0137,False,PWA,97307,"[""all"", ""decaf"", ""smoothie""]",False,,,ORD-0640,2026-09-15T17:00:50Z
ses-20261008-0720,guest-0046,False,PWA,117384,"[""all"", ""tea""]",False,,,ORD-0641,2026-09-23T21:22:33Z
ses-20261008-0721,usr-0381,True,PWA,120277,"[""all"", ""smoothie""]",False,,,ORD-0642,2026-09-18T21:55:15Z
ses-20261008-0722,usr-0105,True,PWA,109117,"[""all"", ""ade""]",False,,,ORD-0643,2026-09-16T03:24:18Z
ses-20261008-0723,guest-0185,False,PWA,110878,"[""all"", ""coffee"", ""decaf"", ""smoothie""]",False,,,ORD-0644,2026-09-15T21:10:26Z
ses-20261008-0724,usr-0023,True,PWA,126683,"[""all"", ""smoothie"", ""ade"", ""coffee""]",False,,,ORD-0645,2026-09-27T21:27:35Z
ses-20261008-0725,guest-0032,False,PWA,131088,"[""all"", ""ade"", ""smoothie""]",True,OPTION_MODAL,TIMEOUT_60S,,2026-10-04T16:13:59Z
ses-20261008-0726,usr-0148,True,PWA,124992,"[""all"", ""ade"", ""tea""]",False,,,ORD-0646,2026-10-07T00:38:14Z
ses-20261008-0727,usr-0360,True,PWA,107452,"[""all"", ""coffee"", ""decaf""]",False,,,ORD-0647,2026-10-04T16:25:08Z
ses-20261008-0728,usr-0127,True,PWA,86632,"[""all"", ""ade""]",False,,,ORD-0648,2026-10-04T17:45:43Z
ses-20261008-0729,usr-0230,True,PWA,102801,"[""all"", ""ade"", ""decaf""]",False,,,ORD-0649,2026-09-17T16:33:54Z
ses-20261008-0730,guest-0188,False,PWA,130900,"[""all"", ""decaf"", ""smoothie""]",False,,,ORD-0650,2026-09-24T17:07:22Z
ses-20261008-0731,usr-0123,True,PWA,138369,"[""all"", ""smoothie""]",False,,,ORD-0651,2026-10-05T20:27:59Z
ses-20261008-0732,usr-0033,True,PWA,75796,"[""all"", ""tea""]",False,,,ORD-0652,2026-09-25T17:44:19Z
ses-20261008-0733,usr-0097,True,PWA,59126,"[""all"", ""smoothie"", ""decaf""]",False,,,ORD-0653,2026-09-24T17:31:05Z
ses-20261008-0734,usr-0175,True,PWA,138046,"[""all"", ""decaf""]",False,,,ORD-0654,2026-09-16T20:44:02Z
ses-20261008-0735,usr-0361,True,PWA,150000,"[""all"", ""ade""]",True,OPTION_MODAL,PRICE_HIGH,,2026-09-17T21:42:33Z
ses-20261008-0736,guest-0172,False,PWA,100724,"[""all"", ""ade"", ""smoothie""]",True,OPTION_MODAL,WAIT_TIME_LONG,,2026-10-05T00:28:10Z
ses-20261008-0737,usr-0057,True,PWA,16783,"[""all"", ""smoothie"", ""coffee""]",False,,,ORD-0655,2026-10-03T16:04:28Z
ses-20261008-0738,usr-0008,True,PWA,95475,"[""all"", ""coffee"", ""ade"", ""decaf""]",False,,,ORD-0656,2026-09-26T00:58:16Z
ses-20261008-0739,guest-0138,False,PWA,108156,"[""all"", ""coffee"", ""ade"", ""tea""]",False,,,ORD-0657,2026-09-18T23:39:31Z
ses-20261008-0740,usr-0240,True,PWA,23993,"[""all"", ""smoothie"", ""tea"", ""coffee""]",False,,,ORD-0658,2026-10-03T17:09:35Z
ses-20261008-0741,guest-0138,False,PWA,127182,"[""all"", ""ade"", ""tea""]",False,,,ORD-0659,2026-09-16T01:47:00Z
ses-20261008-0742,usr-0331,True,PWA,126204,"[""all"", ""coffee""]",False,,,ORD-0660,2026-09-25T16:46:27Z
ses-20261008-0743,guest-0077,False,PWA,136926,"[""all"", ""decaf"", ""smoothie"", ""coffee""]",False,,,ORD-0661,2026-09-21T23:25:04Z
ses-20261008-0744,usr-0171,True,PWA,121889,"[""all"", ""ade"", ""smoothie""]",False,,,ORD-0662,2026-10-02T17:05:23Z
ses-20261008-0745,guest-0026,False,PWA,127465,"[""all"", ""tea""]",False,,,ORD-0663,2026-09-27T17:43:39Z
ses-20261008-0746,guest-0076,False,PWA,89642,"[""all"", ""smoothie""]",False,,,ORD-0664,2026-09-20T21:51:16Z
ses-20261008-0747,usr-0192,True,PWA,92920,"[""all"", ""coffee"", ""ade"", ""decaf"", ""tea""]",False,,,ORD-0665,2026-09-18T16:08:31Z
ses-20261008-0748,usr-0012,True,PWA,103553,"[""all"", ""decaf""]",False,,,ORD-0666,2026-10-03T20:26:31Z
ses-20261008-0749,guest-0090,False,PWA,108047,"[""all"", ""decaf"", ""smoothie""]",False,,,ORD-0667,2026-09-18T23:53:53Z
ses-20261008-0750,guest-0199,False,PWA,100945,"[""all"", ""decaf"", ""coffee"", ""ade""]",False,,,ORD-0668,2026-10-08T22:12:19Z
ses-20261008-0751,usr-0244,True,PWA,149607,"[""all"", ""decaf"", ""coffee""]",False,,,ORD-0669,2026-09-29T17:06:14Z
ses-20261008-0752,guest-0011,False,PWA,143089,"[""all"", ""coffee""]",False,,,ORD-0670,2026-09-23T16:55:55Z
ses-20261008-0753,guest-0127,False,PWA,106092,"[""all"", ""ade""]",False,,,ORD-0671,2026-10-07T21:06:36Z
ses-20261008-0754,usr-0239,True,PWA,134886,"[""all"", ""ade""]",False,,,ORD-0672,2026-09-15T21:09:47Z
ses-20261008-0755,usr-0008,True,PWA,119258,"[""all"", ""decaf""]",False,,,ORD-0673,2026-09-23T23:11:26Z
ses-20261008-0756,usr-0029,True,PWA,109262,"[""all"", ""tea"", ""smoothie""]",False,,,ORD-0674,2026-09-19T22:38:21Z
ses-20261008-0757,usr-0244,True,PWA,100669,"[""all"", ""ade""]",False,,,ORD-0675,2026-10-04T16:06:31Z
ses-20261008-0758,usr-0056,True,PWA,102722,"[""all"", ""smoothie"", ""coffee""]",False,,,ORD-0676,2026-09-21T21:36:02Z
ses-20261008-0759,usr-0209,True,PWA,84246,"[""all"", ""coffee"", ""smoothie""]",False,,,ORD-0677,2026-09-19T02:36:10Z
ses-20261008-0760,guest-0048,False,PWA,110025,"[""all"", ""tea""]",False,,,ORD-0678,2026-09-26T17:00:09Z
ses-20261008-0761,guest-0122,False,PWA,128128,"[""all"", ""ade""]",False,,,ORD-0679,2026-09-20T20:13:43Z
ses-20261008-0762,usr-0058,True,PWA,117140,"[""all"", ""ade"", ""coffee""]",False,,,ORD-0680,2026-09-27T16:06:36Z
ses-20261008-0763,usr-0065,True,PWA,24768,"[""all"", ""ade"", ""decaf""]",False,,,ORD-0681,2026-09-21T20:58:00Z
ses-20261008-0764,usr-0017,True,PWA,78100,"[""all"", ""coffee""]",False,,,ORD-0682,2026-09-30T16:05:27Z
ses-20261008-0765,usr-0021,True,PWA,116460,"[""all"", ""ade""]",False,,,ORD-0683,2026-10-01T16:36:33Z
ses-20261008-0766,usr-0032,True,PWA,141379,"[""all"", ""smoothie""]",False,,,ORD-0684,2026-09-15T17:15:50Z
ses-20261008-0767,usr-0002,True,PWA,78142,"[""all"", ""tea"", ""decaf""]",False,,,ORD-0685,2026-09-15T20:24:36Z
ses-20261008-0768,usr-0043,True,PWA,89451,"[""all"", ""coffee""]",False,,,ORD-0686,2026-10-02T21:24:15Z
ses-20261008-0769,usr-0050,True,PWA,17911,"[""all"", ""ade"", ""decaf""]",False,,,ORD-0687,2026-10-02T03:05:42Z
ses-20261008-0770,usr-0391,True,PWA,16894,"[""all"", ""decaf""]",False,,,ORD-0688,2026-09-22T17:01:28Z
ses-20261008-0771,guest-0111,False,PWA,96007,"[""all"", ""ade"", ""coffee""]",False,,,ORD-0689,2026-09-29T16:06:03Z
ses-20261008-0772,usr-0201,True,PWA,75086,"[""all"", ""ade""]",False,,,ORD-0690,2026-09-19T17:32:56Z
ses-20261008-0773,guest-0005,False,PWA,74653,"[""all"", ""decaf"", ""tea"", ""ade"", ""smoothie""]",False,,,ORD-0691,2026-09-15T16:39:06Z
ses-20261008-0774,usr-0089,True,PWA,73386,"[""all"", ""tea""]",False,,,ORD-0692,2026-09-22T17:26:01Z
ses-20261008-0775,guest-0161,False,PWA,102057,"[""all"", ""ade"", ""decaf""]",True,OPTION_MODAL,PRICE_HIGH,,2026-09-28T16:08:01Z
ses-20261008-0776,guest-0194,False,PWA,158243,"[""all"", ""tea"", ""smoothie""]",False,,,ORD-0693,2026-09-23T16:56:19Z
ses-20261008-0777,usr-0077,True,PWA,104156,"[""all"", ""decaf"", ""tea"", ""coffee"", ""smoothie""]",False,,,ORD-0694,2026-09-23T17:05:31Z
ses-20261008-0778,guest-0090,False,PWA,114005,"[""all"", ""coffee""]",True,CART_SHEET,PRICE_HIGH,,2026-10-07T23:54:08Z
ses-20261008-0779,usr-0210,True,PWA,110281,"[""all"", ""smoothie""]",True,CART_SHEET,PRICE_HIGH,,2026-10-02T21:50:39Z
ses-20261008-0780,usr-0019,True,PWA,18305,"[""all"", ""decaf""]",False,,,ORD-0695,2026-09-29T02:51:32Z
ses-20261008-0781,guest-0054,False,PWA,117040,"[""all"", ""decaf"", ""tea""]",False,,,ORD-0696,2026-09-24T17:56:47Z
ses-20261008-0782,usr-0205,True,PWA,122065,"[""all"", ""coffee""]",False,,,ORD-0697,2026-10-06T21:41:52Z
ses-20261008-0783,guest-0129,False,PWA,128944,"[""all"", ""smoothie""]",False,,,ORD-0698,2026-10-01T22:33:33Z
ses-20261008-0784,guest-0080,False,PWA,103122,"[""all"", ""tea"", ""coffee""]",False,,,ORD-0699,2026-09-21T21:05:51Z
ses-20261008-0785,usr-0259,True,PWA,108080,"[""all"", ""tea""]",False,,,ORD-0700,2026-09-27T16:12:10Z
ses-20261008-0786,usr-0334,True,PWA,105001,"[""all"", ""tea"", ""ade""]",False,,,ORD-0701,2026-10-02T20:56:40Z
ses-20261008-0787,usr-0269,True,PWA,158619,"[""all"", ""smoothie""]",False,,,ORD-0702,2026-09-25T22:40:07Z
ses-20261008-0788,usr-0029,True,PWA,111991,"[""all"", ""decaf""]",False,,,ORD-0703,2026-10-07T16:26:06Z
ses-20261008-0789,usr-0197,True,PWA,26979,"[""all"", ""tea"", ""coffee""]",False,,,ORD-0704,2026-09-23T20:34:12Z
ses-20261008-0790,usr-0181,True,PWA,17833,"[""all"", ""ade"", ""tea""]",False,,,ORD-0705,2026-09-29T22:00:10Z
ses-20261008-0791,usr-0063,True,PWA,24216,"[""all"", ""decaf"", ""ade""]",False,,,ORD-0706,2026-09-27T21:38:42Z
ses-20261008-0792,usr-0224,True,PWA,99982,"[""all"", ""ade"", ""tea"", ""coffee"", ""smoothie""]",False,,,ORD-0707,2026-10-04T20:36:54Z
ses-20261008-0793,usr-0133,True,PWA,112805,"[""all"", ""decaf"", ""tea""]",True,CART_SHEET,TIMEOUT_60S,,2026-09-20T16:44:47Z
ses-20261008-0794,usr-0006,True,PWA,35870,"[""all"", ""coffee"", ""decaf"", ""tea""]",False,,,ORD-0708,2026-09-25T04:27:38Z
ses-20261008-0795,usr-0369,True,PWA,115685,"[""all"", ""tea""]",False,,,ORD-0709,2026-09-27T01:44:18Z
ses-20261008-0796,usr-0394,True,PWA,21590,"[""all"", ""tea""]",False,,,ORD-0710,2026-09-19T21:54:07Z
ses-20261008-0797,guest-0115,False,PWA,93968,"[""all"", ""decaf"", ""smoothie""]",False,,,ORD-0711,2026-09-30T16:08:14Z
ses-20261008-0798,usr-0079,True,PWA,120020,"[""all"", ""ade"", ""decaf"", ""tea""]",False,,,ORD-0712,2026-09-25T01:48:47Z
ses-20261008-0799,guest-0194,False,PWA,98078,"[""all"", ""tea"", ""coffee""]",False,,,ORD-0713,2026-10-05T20:30:42Z
ses-20261008-0800,usr-0197,True,PWA,120587,"[""all"", ""smoothie"", ""decaf""]",False,,,ORD-0714,2026-09-16T16:21:16Z
ses-20261008-0801,guest-0175,False,PWA,128266,"[""all"", ""ade"", ""tea""]",False,,,ORD-0715,2026-09-21T16:55:53Z
ses-20261008-0802,usr-0027,True,PWA,99120,"[""all"", ""decaf""]",False,,,ORD-0716,2026-09-29T04:01:51Z
ses-20261008-0803,usr-0310,True,PWA,89749,"[""all"", ""ade"", ""smoothie"", ""tea"", ""decaf""]",False,,,ORD-0717,2026-09-19T21:47:05Z
ses-20261008-0804,usr-0224,True,PWA,138016,"[""all"", ""ade"", ""tea""]",False,,,ORD-0718,2026-09-17T20:15:53Z
ses-20261008-0805,usr-0247,True,PWA,22581,"[""all"", ""smoothie"", ""decaf"", ""ade""]",False,,,ORD-0719,2026-09-18T16:53:29Z
ses-20261008-0806,usr-0283,True,PWA,136547,"[""all"", ""coffee""]",False,,,ORD-0720,2026-09-27T20:02:23Z
ses-20261008-0807,guest-0146,False,PWA,132569,"[""all"", ""smoothie""]",False,,,ORD-0721,2026-10-02T17:11:43Z
ses-20261008-0808,guest-0088,False,PWA,115545,"[""all"", ""tea""]",False,,,ORD-0722,2026-10-06T16:18:37Z
ses-20261008-0809,guest-0143,False,PWA,72556,"[""all"", ""ade"", ""decaf""]",False,,,ORD-0723,2026-09-15T20:47:25Z
ses-20261008-0810,usr-0179,True,PWA,80090,"[""all"", ""smoothie"", ""decaf"", ""tea""]",False,,,ORD-0724,2026-10-05T17:03:08Z
ses-20261008-0811,guest-0151,False,PWA,107100,"[""all"", ""ade"", ""coffee""]",False,,,ORD-0725,2026-09-26T16:32:54Z
ses-20261008-0812,usr-0040,True,PWA,100016,"[""all"", ""coffee""]",False,,,ORD-0726,2026-09-27T00:56:52Z
ses-20261008-0813,usr-0192,True,PWA,95096,"[""all"", ""tea""]",False,,,ORD-0727,2026-10-06T00:54:03Z
ses-20261008-0814,usr-0107,True,PWA,146575,"[""all"", ""tea""]",False,,,ORD-0728,2026-10-04T16:12:56Z
ses-20261008-0815,usr-0297,True,PWA,109720,"[""all"", ""decaf""]",False,,,ORD-0729,2026-09-16T21:48:38Z
ses-20261008-0816,guest-0099,False,PWA,110375,"[""all"", ""smoothie"", ""ade""]",False,,,ORD-0730,2026-09-20T21:41:05Z
ses-20261008-0817,usr-0206,True,PWA,15616,"[""all"", ""decaf""]",False,,,ORD-0731,2026-09-20T03:30:20Z
ses-20261008-0818,usr-0062,True,PWA,138948,"[""all"", ""tea"", ""ade""]",False,,,ORD-0732,2026-09-29T23:01:00Z
ses-20261008-0819,guest-0036,False,PWA,75113,"[""all"", ""coffee"", ""smoothie""]",False,,,ORD-0733,2026-09-18T20:19:15Z
ses-20261008-0820,usr-0363,True,PWA,85411,"[""all"", ""coffee"", ""tea""]",False,,,ORD-0734,2026-09-23T21:44:59Z
ses-20261008-0821,usr-0121,True,PWA,17695,"[""all"", ""decaf""]",False,,,ORD-0735,2026-09-20T21:22:06Z
ses-20261008-0822,usr-0267,True,PWA,126821,"[""all"", ""decaf"", ""tea""]",True,CART_SHEET,PRICE_HIGH,,2026-09-25T21:47:33Z
ses-20261008-0823,usr-0245,True,PWA,126647,"[""all"", ""smoothie"", ""decaf""]",False,,,ORD-0736,2026-09-19T20:01:47Z
ses-20261008-0824,usr-0387,True,PWA,77837,"[""all"", ""smoothie"", ""tea""]",False,,,ORD-0737,2026-09-18T21:46:50Z
ses-20261008-0825,usr-0084,True,PWA,76249,"[""all"", ""decaf"", ""coffee""]",False,,,ORD-0738,2026-09-23T02:18:36Z
ses-20261008-0826,guest-0014,False,PWA,82382,"[""all"", ""ade"", ""coffee""]",False,,,ORD-0739,2026-10-03T20:11:04Z
ses-20261008-0827,usr-0238,True,PWA,92652,"[""all"", ""coffee""]",False,,,ORD-0740,2026-09-17T16:24:54Z
ses-20261008-0828,usr-0270,True,PWA,86234,"[""all"", ""smoothie""]",False,,,ORD-0741,2026-10-08T02:00:36Z
ses-20261008-0829,usr-0330,True,PWA,23059,"[""all"", ""tea""]",False,,,ORD-0742,2026-10-04T16:27:19Z
ses-20261008-0830,usr-0238,True,PWA,150000,"[""all"", ""smoothie"", ""coffee""]",True,OPTION_MODAL,TIMEOUT_60S,,2026-09-30T21:33:23Z
ses-20261008-0831,usr-0024,True,PWA,70623,"[""all"", ""coffee"", ""smoothie"", ""decaf""]",False,,,ORD-0743,2026-09-23T22:30:20Z
ses-20261008-0832,usr-0394,True,PWA,25081,"[""all"", ""tea"", ""smoothie""]",False,,,ORD-0744,2026-09-30T17:22:27Z
ses-20261008-0833,usr-0151,True,PWA,69407,"[""all"", ""smoothie"", ""coffee""]",False,,,ORD-0745,2026-10-02T20:24:53Z
ses-20261008-0834,guest-0045,False,PWA,119549,"[""all"", ""decaf"", ""coffee""]",False,,,ORD-0746,2026-09-17T21:15:20Z
ses-20261008-0835,guest-0076,False,PWA,70536,"[""all"", ""smoothie"", ""decaf""]",False,,,ORD-0747,2026-09-22T21:17:13Z
ses-20261008-0836,usr-0284,True,PWA,139748,"[""all"", ""ade""]",True,CART_SHEET,PRICE_HIGH,,2026-09-17T21:56:44Z
ses-20261008-0837,usr-0031,True,PWA,132538,"[""all"", ""decaf""]",True,PAY_POPUP,TIMEOUT_60S,,2026-09-19T20:36:53Z
ses-20261008-0838,usr-0211,True,PWA,83778,"[""all"", ""ade""]",False,,,ORD-0748,2026-09-28T16:14:45Z
ses-20261008-0839,guest-0031,False,PWA,77888,"[""all"", ""smoothie""]",False,,,ORD-0749,2026-10-03T02:47:11Z
ses-20261008-0840,usr-0307,True,PWA,71411,"[""all"", ""tea""]",False,,,ORD-0750,2026-09-16T20:36:26Z
ses-20261008-0841,guest-0172,False,PWA,125069,"[""all"", ""smoothie""]",True,OPTION_MODAL,TIMEOUT_60S,,2026-10-05T16:08:53Z
ses-20261008-0842,guest-0008,False,PWA,73834,"[""all"", ""smoothie"", ""tea""]",False,,,ORD-0751,2026-09-28T20:53:03Z
ses-20261008-0843,usr-0316,True,PWA,109302,"[""all"", ""smoothie"", ""ade""]",False,,,ORD-0752,2026-09-17T20:31:07Z
ses-20261008-0844,usr-0301,True,PWA,14892,"[""all"", ""tea"", ""coffee""]",False,,,ORD-0753,2026-09-24T16:45:44Z
ses-20261008-0845,usr-0058,True,PWA,29285,"[""all"", ""decaf"", ""tea"", ""coffee"", ""smoothie""]",False,,,ORD-0754,2026-09-24T21:28:01Z
ses-20261008-0846,guest-0060,False,PWA,104435,"[""all"", ""tea"", ""coffee""]",False,,,ORD-0755,2026-10-03T04:49:17Z
ses-20261008-0847,usr-0003,True,PWA,101906,"[""all"", ""ade"", ""coffee""]",False,,,ORD-0756,2026-09-27T21:42:14Z
ses-20261008-0848,guest-0040,False,PWA,111741,"[""all"", ""coffee""]",True,CART_SHEET,PRICE_HIGH,,2026-09-28T20:28:56Z
ses-20261008-0849,usr-0034,True,PWA,110074,"[""all"", ""smoothie"", ""tea""]",False,,,ORD-0757,2026-09-29T16:33:10Z
ses-20261008-0850,usr-0174,True,PWA,13917,"[""all"", ""smoothie""]",False,,,ORD-0758,2026-10-03T17:40:17Z
ses-20261008-0851,usr-0198,True,PWA,110257,"[""all"", ""decaf""]",False,,,ORD-0759,2026-09-18T17:25:25Z
ses-20261008-0852,usr-0305,True,PWA,137392,"[""all"", ""decaf""]",True,CART_SHEET,WAIT_TIME_LONG,,2026-09-27T20:41:16Z
ses-20261008-0853,guest-0021,False,PWA,86728,"[""all"", ""tea"", ""ade"", ""coffee""]",False,,,ORD-0760,2026-09-20T17:51:42Z
ses-20261008-0854,usr-0232,True,PWA,121906,"[""all"", ""smoothie""]",False,,,ORD-0761,2026-09-27T22:15:39Z
ses-20261008-0855,guest-0066,False,PWA,136127,"[""all"", ""ade"", ""coffee""]",False,,,ORD-0762,2026-10-02T01:50:23Z
ses-20261008-0856,usr-0190,True,PWA,71748,"[""all"", ""tea"", ""decaf"", ""smoothie"", ""coffee""]",False,,,ORD-0763,2026-09-24T03:26:09Z
ses-20261008-0857,usr-0249,True,PWA,92446,"[""all"", ""tea"", ""smoothie"", ""coffee"", ""ade""]",False,,,ORD-0764,2026-10-07T02:47:03Z
ses-20261008-0858,guest-0097,False,PWA,99229,"[""all"", ""decaf""]",False,,,ORD-0765,2026-10-05T04:42:52Z
ses-20261008-0859,usr-0364,True,PWA,122438,"[""all"", ""coffee"", ""ade""]",False,,,ORD-0766,2026-09-30T20:23:58Z
ses-20261008-0860,usr-0035,True,PWA,55914,"[""all"", ""decaf""]",False,,,ORD-0767,2026-09-24T17:59:25Z
ses-20261008-0861,usr-0009,True,PWA,93519,"[""all"", ""decaf"", ""smoothie"", ""coffee""]",False,,,ORD-0768,2026-09-21T21:20:09Z
ses-20261008-0862,usr-0266,True,PWA,113766,"[""all"", ""smoothie"", ""decaf"", ""ade""]",False,,,ORD-0769,2026-09-20T16:01:36Z
ses-20261008-0863,guest-0009,False,PWA,128548,"[""all"", ""coffee""]",False,,,ORD-0770,2026-10-06T03:25:34Z
ses-20261008-0864,usr-0376,True,PWA,93707,"[""all"", ""tea""]",False,,,ORD-0771,2026-10-06T03:54:54Z
ses-20261008-0865,usr-0208,True,PWA,17190,"[""all"", ""tea""]",False,,,ORD-0772,2026-09-18T17:31:31Z
ses-20261008-0866,usr-0319,True,PWA,20886,"[""all"", ""tea"", ""decaf""]",False,,,ORD-0773,2026-10-08T22:37:12Z
ses-20261008-0867,usr-0230,True,PWA,56622,"[""all"", ""coffee"", ""smoothie""]",False,,,ORD-0774,2026-09-24T20:49:17Z
ses-20261008-0868,usr-0399,True,PWA,93707,"[""all"", ""decaf"", ""ade"", ""coffee"", ""tea""]",False,,,ORD-0775,2026-10-04T17:40:02Z
ses-20261008-0869,guest-0131,False,PWA,77724,"[""all"", ""ade"", ""smoothie"", ""tea""]",False,,,ORD-0776,2026-09-15T16:46:47Z
ses-20261008-0870,usr-0007,True,PWA,18928,"[""all"", ""coffee""]",False,,,ORD-0777,2026-10-07T17:07:34Z
ses-20261008-0871,usr-0042,True,PWA,132468,"[""all"", ""tea""]",False,,,ORD-0778,2026-10-02T16:37:24Z
ses-20261008-0872,usr-0007,True,PWA,111440,"[""all"", ""smoothie""]",False,,,ORD-0779,2026-09-19T20:38:44Z
ses-20261008-0873,guest-0129,False,PWA,118422,"[""all"", ""decaf"", ""smoothie""]",False,,,ORD-0780,2026-10-02T03:31:02Z
ses-20261008-0874,guest-0073,False,PWA,108096,"[""all"", ""smoothie"", ""decaf"", ""coffee""]",False,,,ORD-0781,2026-09-22T16:43:54Z
ses-20261008-0875,usr-0152,True,PWA,44998,"[""all"", ""decaf""]",False,,,ORD-0782,2026-09-29T23:09:01Z
ses-20261008-0876,guest-0198,False,PWA,113177,"[""all"", ""ade"", ""smoothie""]",False,,,ORD-0783,2026-09-20T02:05:28Z
ses-20261008-0877,guest-0034,False,PWA,141421,"[""all"", ""coffee"", ""ade""]",True,PAY_POPUP,WAIT_TIME_LONG,,2026-09-28T17:44:48Z
ses-20261008-0878,usr-0285,True,PWA,28003,"[""all"", ""coffee""]",False,,,ORD-0784,2026-09-29T17:33:25Z
ses-20261008-0879,guest-0165,False,PWA,121128,"[""all"", ""decaf""]",False,,,ORD-0785,2026-09-17T21:17:53Z
ses-20261008-0880,usr-0174,True,PWA,25078,"[""all"", ""decaf"", ""ade""]",False,,,ORD-0786,2026-09-20T21:48:23Z
ses-20261008-0881,usr-0238,True,PWA,93083,"[""all"", ""ade"", ""decaf""]",False,,,ORD-0787,2026-09-27T03:59:18Z
ses-20261008-0882,usr-0286,True,PWA,97092,"[""all"", ""ade"", ""decaf""]",False,,,ORD-0788,2026-09-15T20:45:35Z
ses-20261008-0883,usr-0077,True,PWA,66999,"[""all"", ""smoothie"", ""coffee""]",False,,,ORD-0789,2026-09-18T21:03:20Z
ses-20261008-0884,guest-0005,False,PWA,128340,"[""all"", ""coffee""]",False,,,ORD-0790,2026-09-19T16:23:32Z
ses-20261008-0885,usr-0032,True,PWA,90708,"[""all"", ""decaf""]",False,,,ORD-0791,2026-09-26T17:19:04Z
ses-20261008-0886,usr-0371,True,PWA,117628,"[""all"", ""decaf"", ""smoothie"", ""tea""]",False,,,ORD-0792,2026-09-29T16:48:41Z
ses-20261008-0887,usr-0311,True,PWA,87974,"[""all"", ""ade"", ""smoothie"", ""coffee"", ""decaf""]",False,,,ORD-0793,2026-09-30T17:25:35Z
ses-20261008-0888,usr-0309,True,PWA,59948,"[""all"", ""tea"", ""smoothie"", ""coffee""]",False,,,ORD-0794,2026-09-26T20:13:12Z
ses-20261008-0889,usr-0084,True,PWA,82651,"[""all"", ""tea"", ""ade"", ""coffee""]",False,,,ORD-0795,2026-09-28T03:24:39Z
ses-20261008-0890,usr-0117,True,PWA,23653,"[""all"", ""smoothie"", ""coffee"", ""ade"", ""decaf""]",False,,,ORD-0796,2026-09-20T21:08:13Z
ses-20261008-0891,usr-0044,True,PWA,116315,"[""all"", ""smoothie""]",False,,,ORD-0797,2026-09-26T00:08:57Z
ses-20261008-0892,guest-0186,False,PWA,101040,"[""all"", ""tea"", ""coffee""]",False,,,ORD-0798,2026-09-20T03:28:29Z
ses-20261008-0893,usr-0194,True,PWA,143220,"[""all"", ""ade"", ""tea""]",False,,,ORD-0799,2026-09-16T17:10:39Z
ses-20261008-0894,usr-0223,True,PWA,127215,"[""all"", ""smoothie""]",False,,,ORD-0800,2026-10-01T00:32:10Z
ses-20261008-0895,guest-0163,False,PWA,126105,"[""all"", ""decaf""]",True,PAY_POPUP,PRICE_HIGH,,2026-09-28T03:26:46Z
ses-20261008-0896,usr-0395,True,PWA,143057,"[""all"", ""ade"", ""smoothie""]",True,OPTION_MODAL,WAIT_TIME_LONG,,2026-10-03T21:53:38Z
ses-20261008-0897,usr-0360,True,PWA,103114,"[""all"", ""tea""]",False,,,ORD-0801,2026-10-06T17:49:55Z
ses-20261008-0898,guest-0085,False,PWA,127975,"[""all"", ""coffee""]",False,,,ORD-0802,2026-10-04T17:14:16Z
ses-20261008-0899,guest-0164,False,PWA,122545,"[""all"", ""coffee"", ""tea""]",False,,,ORD-0803,2026-09-20T17:47:32Z
ses-20261008-0900,usr-0197,True,PWA,123435,"[""all"", ""ade""]",False,,,ORD-0804,2026-10-07T16:44:46Z
ses-20261008-0901,usr-0124,True,PWA,29877,"[""all"", ""coffee""]",False,,,ORD-0805,2026-09-16T01:09:12Z
ses-20261008-0902,usr-0231,True,PWA,116541,"[""all"", ""decaf"", ""smoothie""]",False,,,ORD-0806,2026-10-06T21:21:31Z
ses-20261008-0903,usr-0229,True,PWA,116026,"[""all"", ""ade"", ""coffee"", ""tea""]",False,,,ORD-0807,2026-09-25T21:51:33Z
ses-20261008-0904,guest-0052,False,PWA,113554,"[""all"", ""ade"", ""smoothie""]",False,,,ORD-0808,2026-09-21T21:01:32Z
ses-20261008-0905,guest-0040,False,PWA,65828,"[""all"", ""ade""]",False,,,ORD-0809,2026-09-21T21:03:11Z
ses-20261008-0906,guest-0164,False,PWA,94204,"[""all"", ""decaf"", ""smoothie"", ""coffee""]",False,,,ORD-0810,2026-09-18T01:38:31Z
ses-20261008-0907,usr-0022,True,PWA,93132,"[""all"", ""decaf"", ""coffee""]",False,,,ORD-0811,2026-09-29T17:48:44Z
ses-20261008-0908,guest-0065,False,PWA,118385,"[""all"", ""ade"", ""tea"", ""smoothie"", ""decaf""]",True,PAY_POPUP,PRICE_HIGH,,2026-09-23T16:51:14Z
ses-20261008-0909,usr-0160,True,PWA,71901,"[""all"", ""smoothie""]",False,,,ORD-0812,2026-09-19T16:36:47Z
ses-20261008-0910,usr-0257,True,PWA,112433,"[""all"", ""decaf""]",False,,,ORD-0813,2026-10-01T23:53:38Z
ses-20261008-0911,guest-0008,False,PWA,116018,"[""all"", ""tea"", ""smoothie""]",False,,,ORD-0814,2026-10-08T21:45:39Z
ses-20261008-0912,usr-0048,True,PWA,149974,"[""all"", ""ade"", ""tea""]",False,,,ORD-0815,2026-10-02T02:29:34Z
ses-20261008-0913,usr-0236,True,PWA,117233,"[""all"", ""decaf"", ""coffee""]",False,,,ORD-0816,2026-10-08T17:07:28Z
ses-20261008-0914,usr-0366,True,PWA,116614,"[""all"", ""ade"", ""smoothie"", ""tea""]",True,OPTION_MODAL,PRICE_HIGH,,2026-10-02T21:03:42Z
ses-20261008-0915,usr-0228,True,PWA,104020,"[""all"", ""decaf"", ""coffee""]",False,,,ORD-0817,2026-09-28T21:12:37Z
ses-20261008-0916,usr-0086,True,PWA,77112,"[""all"", ""smoothie"", ""decaf""]",False,,,ORD-0818,2026-09-27T23:32:16Z
ses-20261008-0917,usr-0015,True,PWA,74991,"[""all"", ""coffee"", ""tea"", ""ade""]",False,,,ORD-0819,2026-10-05T22:35:56Z
ses-20261008-0918,usr-0390,True,PWA,67233,"[""all"", ""tea"", ""smoothie""]",False,,,ORD-0820,2026-10-04T16:03:29Z
ses-20261008-0919,usr-0224,True,PWA,131734,"[""all"", ""ade""]",False,,,ORD-0821,2026-10-06T17:58:02Z
ses-20261008-0920,guest-0169,False,PWA,71859,"[""all"", ""ade""]",False,,,ORD-0822,2026-09-21T17:21:40Z
ses-20261008-0921,usr-0189,True,PWA,107308,"[""all"", ""smoothie""]",True,CART_SHEET,PRICE_HIGH,,2026-10-01T20:04:19Z
ses-20261008-0922,guest-0166,False,PWA,73433,"[""all"", ""coffee"", ""ade"", ""smoothie"", ""tea""]",False,,,ORD-0823,2026-09-25T23:25:34Z
ses-20261008-0923,usr-0028,True,PWA,120096,"[""all"", ""ade"", ""smoothie""]",True,CART_SHEET,WAIT_TIME_LONG,,2026-09-19T17:51:49Z
ses-20261008-0924,usr-0390,True,PWA,150000,"[""all"", ""ade""]",True,CART_SHEET,PRICE_HIGH,,2026-09-23T01:46:54Z
ses-20261008-0925,usr-0069,True,PWA,132777,"[""all"", ""tea"", ""coffee""]",False,,,ORD-0824,2026-10-04T16:48:31Z
ses-20261008-0926,usr-0020,True,PWA,87779,"[""all"", ""ade""]",False,,,ORD-0825,2026-09-19T20:21:35Z
ses-20261008-0927,usr-0127,True,PWA,98059,"[""all"", ""ade"", ""decaf"", ""tea""]",False,,,ORD-0826,2026-10-03T21:01:29Z
ses-20261008-0928,guest-0157,False,PWA,80882,"[""all"", ""tea""]",False,,,ORD-0827,2026-09-18T21:00:21Z
ses-20261008-0929,guest-0071,False,PWA,103076,"[""all"", ""decaf""]",False,,,ORD-0828,2026-10-06T20:45:37Z
ses-20261008-0930,usr-0078,True,PWA,21770,"[""all"", ""decaf"", ""smoothie""]",False,,,ORD-0829,2026-09-29T04:22:59Z
ses-20261008-0931,usr-0236,True,PWA,96464,"[""all"", ""coffee""]",False,,,ORD-0830,2026-09-18T21:26:26Z
ses-20261008-0932,usr-0107,True,PWA,35230,"[""all"", ""smoothie"", ""ade"", ""decaf""]",False,,,ORD-0831,2026-10-08T21:35:14Z
ses-20261008-0933,usr-0142,True,PWA,13866,"[""all"", ""tea""]",False,,,ORD-0832,2026-09-27T17:01:39Z
ses-20261008-0934,guest-0097,False,PWA,116601,"[""all"", ""smoothie"", ""tea""]",False,,,ORD-0833,2026-09-16T17:15:31Z
ses-20261008-0935,usr-0193,True,PWA,121795,"[""all"", ""decaf""]",True,OPTION_MODAL,WAIT_TIME_LONG,,2026-09-24T00:38:02Z
ses-20261008-0936,guest-0070,False,PWA,53372,"[""all"", ""tea""]",True,PAY_POPUP,PRICE_HIGH,,2026-09-25T03:56:35Z
ses-20261008-0937,guest-0060,False,PWA,92164,"[""all"", ""coffee"", ""ade""]",False,,,ORD-0834,2026-09-17T17:17:24Z
ses-20261008-0938,usr-0353,True,PWA,148291,"[""all"", ""smoothie""]",False,,,ORD-0835,2026-09-15T17:18:15Z
ses-20261008-0939,usr-0044,True,PWA,147503,"[""all"", ""decaf""]",False,,,ORD-0836,2026-09-25T16:16:14Z
ses-20261008-0940,guest-0014,False,PWA,108233,"[""all"", ""decaf""]",False,,,ORD-0837,2026-09-28T20:09:55Z
ses-20261008-0941,usr-0100,True,PWA,117157,"[""all"", ""ade"", ""coffee"", ""decaf"", ""tea""]",False,,,ORD-0838,2026-09-16T17:55:21Z
ses-20261008-0942,guest-0145,False,PWA,119489,"[""all"", ""decaf""]",False,,,ORD-0839,2026-09-19T17:27:57Z
ses-20261008-0943,usr-0049,True,PWA,118269,"[""all"", ""tea""]",False,,,ORD-0840,2026-10-06T22:54:04Z
ses-20261008-0944,usr-0211,True,PWA,130521,"[""all"", ""smoothie""]",True,OPTION_MODAL,PRICE_HIGH,,2026-10-06T16:13:19Z
ses-20261008-0945,usr-0003,True,PWA,103182,"[""all"", ""coffee""]",True,OPTION_MODAL,WAIT_TIME_LONG,,2026-09-20T17:27:12Z
ses-20261008-0946,usr-0344,True,PWA,92788,"[""all"", ""ade"", ""tea""]",False,,,ORD-0841,2026-09-30T20:17:42Z
ses-20261008-0947,guest-0145,False,PWA,101759,"[""all"", ""decaf"", ""coffee""]",True,OPTION_MODAL,PRICE_HIGH,,2026-09-17T17:10:23Z
ses-20261008-0948,guest-0095,False,PWA,137815,"[""all"", ""ade"", ""smoothie"", ""tea""]",True,CART_SHEET,TIMEOUT_60S,,2026-09-22T17:10:18Z
ses-20261008-0949,usr-0288,True,PWA,28545,"[""all"", ""decaf"", ""ade""]",False,,,ORD-0842,2026-10-03T21:08:48Z
ses-20261008-0950,guest-0039,False,PWA,155266,"[""all"", ""smoothie"", ""tea""]",False,,,ORD-0843,2026-09-24T17:05:10Z
ses-20261008-0951,guest-0064,False,PWA,107047,"[""all"", ""decaf""]",False,,,ORD-0844,2026-10-06T21:50:06Z
ses-20261008-0952,usr-0264,True,PWA,137353,"[""all"", ""smoothie""]",False,,,ORD-0845,2026-10-05T17:05:01Z
ses-20261008-0953,usr-0247,True,PWA,40789,"[""all"", ""ade""]",False,,,ORD-0846,2026-10-03T02:35:57Z
ses-20261008-0954,guest-0198,False,PWA,95400,"[""all"", ""decaf"", ""tea"", ""smoothie""]",False,,,ORD-0847,2026-09-29T21:41:17Z
ses-20261008-0955,usr-0154,True,PWA,113019,"[""all"", ""coffee"", ""tea""]",True,CART_SHEET,TIMEOUT_60S,,2026-09-15T17:32:54Z
ses-20261008-0956,usr-0318,True,PWA,81364,"[""all"", ""tea"", ""decaf"", ""smoothie""]",False,,,ORD-0848,2026-09-28T20:26:43Z
ses-20261008-0957,usr-0140,True,PWA,95098,"[""all"", ""ade""]",False,,,ORD-0849,2026-10-08T20:12:14Z
ses-20261008-0958,usr-0032,True,PWA,90478,"[""all"", ""ade""]",False,,,ORD-0850,2026-09-18T01:38:13Z
ses-20261008-0959,usr-0160,True,PWA,137678,"[""all"", ""decaf""]",False,,,ORD-0851,2026-10-06T02:57:58Z
ses-20261008-0960,usr-0063,True,PWA,14256,"[""all"", ""tea""]",False,,,ORD-0852,2026-09-21T17:19:35Z
ses-20261008-0961,usr-0290,True,PWA,136215,"[""all"", ""coffee"", ""decaf""]",False,,,ORD-0853,2026-10-06T16:13:58Z
ses-20261008-0962,usr-0238,True,PWA,75527,"[""all"", ""coffee"", ""ade""]",False,,,ORD-0854,2026-10-06T23:59:33Z
ses-20261008-0963,guest-0095,False,PWA,151872,"[""all"", ""decaf""]",False,,,ORD-0855,2026-09-30T21:12:38Z
ses-20261008-0964,usr-0061,True,PWA,130287,"[""all"", ""ade""]",False,,,ORD-0856,2026-09-26T16:04:45Z
ses-20261008-0965,guest-0045,False,PWA,74467,"[""all"", ""ade""]",False,,,ORD-0857,2026-10-05T21:57:04Z
ses-20261008-0966,usr-0307,True,PWA,110543,"[""all"", ""ade"", ""smoothie""]",False,,,ORD-0858,2026-09-23T02:23:06Z
ses-20261008-0967,usr-0045,True,PWA,145906,"[""all"", ""smoothie"", ""ade""]",False,,,ORD-0859,2026-09-29T17:08:48Z
ses-20261008-0968,guest-0047,False,PWA,128164,"[""all"", ""coffee""]",False,,,ORD-0860,2026-09-23T17:49:51Z
ses-20261008-0969,usr-0209,True,PWA,106423,"[""all"", ""tea"", ""decaf"", ""coffee""]",False,,,ORD-0861,2026-09-20T16:07:22Z
ses-20261008-0970,usr-0020,True,PWA,107473,"[""all"", ""tea"", ""ade"", ""coffee""]",False,,,ORD-0862,2026-10-09T00:28:38Z
ses-20261008-0971,usr-0075,True,PWA,97612,"[""all"", ""smoothie""]",False,,,ORD-0863,2026-09-20T23:59:52Z
ses-20261008-0972,usr-0319,True,PWA,24216,"[""all"", ""decaf""]",False,,,ORD-0864,2026-09-25T04:21:15Z
ses-20261008-0973,usr-0148,True,PWA,108106,"[""all"", ""tea"", ""coffee"", ""smoothie""]",False,,,ORD-0865,2026-09-30T21:18:46Z
ses-20261008-0974,usr-0050,True,PWA,30047,"[""all"", ""tea"", ""smoothie"", ""ade""]",False,,,ORD-0866,2026-09-23T01:16:59Z
ses-20261008-0975,usr-0253,True,PWA,72878,"[""all"", ""ade""]",False,,,ORD-0867,2026-09-26T21:44:49Z
ses-20261008-0976,guest-0100,False,PWA,118956,"[""all"", ""ade"", ""smoothie""]",False,,,ORD-0868,2026-09-25T20:14:28Z
ses-20261008-0977,guest-0015,False,PWA,122008,"[""all"", ""smoothie""]",False,,,ORD-0869,2026-09-19T20:32:17Z
ses-20261008-0978,guest-0003,False,PWA,132547,"[""all"", ""ade""]",False,,,ORD-0870,2026-10-02T16:15:47Z
ses-20261008-0979,usr-0274,True,PWA,93736,"[""all"", ""smoothie"", ""tea"", ""decaf""]",False,,,ORD-0871,2026-09-25T17:54:37Z
ses-20261008-0980,usr-0184,True,PWA,114172,"[""all"", ""tea"", ""smoothie""]",False,,,ORD-0872,2026-09-21T02:20:40Z
ses-20261008-0981,usr-0081,True,PWA,127697,"[""all"", ""smoothie""]",True,PAY_POPUP,WAIT_TIME_LONG,,2026-10-04T16:01:19Z
ses-20261008-0982,usr-0091,True,PWA,51834,"[""all"", ""coffee"", ""smoothie"", ""decaf"", ""ade""]",False,,,ORD-0873,2026-09-27T20:30:54Z
ses-20261008-0983,guest-0092,False,PWA,93761,"[""all"", ""coffee"", ""decaf""]",False,,,ORD-0874,2026-09-15T16:26:06Z
ses-20261008-0984,guest-0166,False,PWA,91089,"[""all"", ""smoothie"", ""ade"", ""decaf""]",False,,,ORD-0875,2026-09-25T21:09:11Z
ses-20261008-0985,usr-0001,True,PWA,71839,"[""all"", ""tea"", ""decaf"", ""coffee"", ""smoothie""]",True,PAY_POPUP,PRICE_HIGH,,2026-09-25T00:46:51Z
ses-20261008-0986,usr-0170,True,PWA,114761,"[""all"", ""coffee""]",False,,,ORD-0876,2026-09-27T17:53:15Z
ses-20261008-0987,usr-0216,True,PWA,76738,"[""all"", ""smoothie"", ""coffee""]",False,,,ORD-0877,2026-10-07T20:22:11Z
ses-20261008-0988,usr-0126,True,PWA,90099,"[""all"", ""smoothie"", ""coffee""]",False,,,ORD-0878,2026-09-17T21:30:40Z
ses-20261008-0989,usr-0071,True,PWA,24051,"[""all"", ""tea""]",False,,,ORD-0879,2026-09-28T00:41:32Z
ses-20261008-0990,usr-0383,True,PWA,117808,"[""all"", ""decaf""]",False,,,ORD-0880,2026-09-22T21:49:58Z
ses-20261008-0991,usr-0246,True,PWA,111120,"[""all"", ""smoothie"", ""decaf""]",False,,,ORD-0881,2026-10-02T22:31:42Z
ses-20261008-0992,usr-0221,True,PWA,112507,"[""all"", ""tea""]",False,,,ORD-0882,2026-09-29T23:55:56Z
ses-20261008-0993,usr-0385,True,PWA,22928,"[""all"", ""ade""]",False,,,ORD-0883,2026-09-27T21:16:33Z
ses-20261008-0994,usr-0158,True,PWA,147236,"[""all"", ""decaf"", ""smoothie""]",False,,,ORD-0884,2026-09-28T21:00:26Z
ses-20261008-0995,usr-0119,True,PWA,102595,"[""all"", ""tea"", ""ade""]",False,,,ORD-0885,2026-10-08T16:39:28Z
ses-20261008-0996,usr-0253,True,PWA,136643,"[""all"", ""smoothie""]",True,OPTION_MODAL,PRICE_HIGH,,2026-09-29T20:18:58Z
ses-20261008-0997,guest-0096,False,PWA,69088,"[""all"", ""coffee""]",False,,,ORD-0886,2026-09-19T00:44:41Z
ses-20261008-0998,usr-0033,True,PWA,114933,"[""all"", ""coffee"", ""smoothie""]",False,,,ORD-0887,2026-10-08T03:25:49Z
ses-20261008-0999,guest-0007,False,PWA,102965,"[""all"", ""ade""]",False,,,ORD-0888,2026-09-17T04:43:33Z
ses-20261008-1000,guest-0131,False,PWA,167026,"[""all"", ""coffee""]",False,,,ORD-0889,2026-09-21T04:34:38Z
ses-20261008-1001,guest-0035,False,PWA,70867,"[""all"", ""coffee""]",False,,,ORD-0890,2026-09-15T21:58:26Z
ses-20261008-1002,guest-0075,False,PWA,139878,"[""all"", ""coffee"", ""decaf""]",False,,,ORD-0891,2026-09-27T17:50:57Z
ses-20261008-1003,guest-0049,False,PWA,99539,"[""all"", ""smoothie"", ""ade""]",False,,,ORD-0892,2026-10-01T20:17:32Z
ses-20261008-1004,guest-0116,False,PWA,110427,"[""all"", ""smoothie""]",False,,,ORD-0893,2026-10-02T16:59:38Z
ses-20261008-1005,usr-0048,True,PWA,18941,"[""all"", ""smoothie"", ""coffee""]",False,,,ORD-0894,2026-09-18T21:27:51Z
ses-20261008-1006,usr-0034,True,PWA,135338,"[""all"", ""decaf""]",False,,,ORD-0895,2026-10-01T00:55:01Z
ses-20261008-1007,guest-0064,False,PWA,97467,"[""all"", ""tea""]",False,,,ORD-0896,2026-10-03T20:18:10Z
ses-20261008-1008,guest-0052,False,PWA,83301,"[""all"", ""smoothie"", ""tea"", ""decaf""]",False,,,ORD-0897,2026-09-15T17:13:10Z
ses-20261008-1009,usr-0065,True,PWA,106671,"[""all"", ""coffee"", ""smoothie"", ""decaf"", ""ade""]",True,CART_SHEET,WAIT_TIME_LONG,,2026-10-01T21:27:06Z
ses-20261008-1010,guest-0164,False,PWA,112787,"[""all"", ""tea"", ""smoothie""]",True,PAY_POPUP,PRICE_HIGH,,2026-09-29T23:35:55Z
ses-20261008-1011,guest-0194,False,PWA,118437,"[""all"", ""smoothie""]",False,,,ORD-0898,2026-09-18T17:08:20Z
ses-20261008-1012,guest-0037,False,PWA,96551,"[""all"", ""coffee"", ""ade"", ""smoothie""]",False,,,ORD-0899,2026-09-21T17:31:13Z
ses-20261008-1013,usr-0062,True,PWA,70703,"[""all"", ""decaf""]",False,,,ORD-0900,2026-10-06T21:06:24Z
ses-20261008-1014,guest-0005,False,PWA,128937,"[""all"", ""ade"", ""tea"", ""decaf""]",False,,,ORD-0901,2026-09-15T21:09:10Z
ses-20261008-1015,usr-0320,True,PWA,16511,"[""all"", ""tea""]",False,,,ORD-0902,2026-10-07T16:23:44Z
ses-20261008-1016,guest-0025,False,PWA,105762,"[""all"", ""coffee""]",False,,,ORD-0903,2026-09-16T16:26:00Z
ses-20261008-1017,usr-0366,True,PWA,56019,"[""all"", ""decaf""]",False,,,ORD-0904,2026-09-21T20:38:11Z
ses-20261008-1018,usr-0107,True,PWA,146998,"[""all"", ""smoothie"", ""decaf"", ""tea""]",False,,,ORD-0905,2026-09-18T03:44:08Z
ses-20261008-1019,guest-0173,False,PWA,111656,"[""all"", ""smoothie""]",True,CART_SHEET,PRICE_HIGH,,2026-10-06T17:42:03Z
ses-20261008-1020,usr-0107,True,PWA,133562,"[""all"", ""coffee""]",False,,,ORD-0906,2026-09-19T20:25:41Z
ses-20261008-1021,guest-0023,False,PWA,111846,"[""all"", ""decaf"", ""tea""]",False,,,ORD-0907,2026-09-16T16:37:03Z
ses-20261008-1022,usr-0308,True,PWA,84724,"[""all"", ""ade""]",False,,,ORD-0908,2026-09-20T20:39:47Z
ses-20261008-1023,guest-0022,False,PWA,158169,"[""all"", ""ade"", ""decaf""]",False,,,ORD-0909,2026-09-20T04:40:27Z
ses-20261008-1024,guest-0010,False,PWA,61861,"[""all"", ""coffee"", ""smoothie""]",False,,,ORD-0910,2026-09-26T20:43:49Z
ses-20261008-1025,usr-0217,True,PWA,27135,"[""all"", ""coffee""]",False,,,ORD-0911,2026-10-04T17:46:55Z
ses-20261008-1026,usr-0204,True,PWA,80489,"[""all"", ""decaf""]",False,,,ORD-0912,2026-09-19T20:26:59Z
ses-20261008-1027,usr-0206,True,PWA,70638,"[""all"", ""decaf""]",False,,,ORD-0913,2026-09-20T20:27:27Z
ses-20261008-1028,usr-0347,True,PWA,100562,"[""all"", ""tea"", ""ade""]",True,OPTION_MODAL,WAIT_TIME_LONG,,2026-10-07T20:29:18Z
ses-20261008-1029,usr-0319,True,PWA,12000,"[""all"", ""smoothie"", ""decaf"", ""tea"", ""coffee""]",False,,,ORD-0914,2026-09-30T20:27:20Z
ses-20261008-1030,guest-0075,False,PWA,82605,"[""all"", ""smoothie""]",False,,,ORD-0915,2026-09-18T22:57:49Z
ses-20261008-1031,usr-0042,True,PWA,21202,"[""all"", ""ade""]",False,,,ORD-0916,2026-10-05T17:33:27Z
ses-20261008-1032,usr-0229,True,PWA,92737,"[""all"", ""coffee"", ""tea""]",False,,,ORD-0917,2026-10-03T01:22:40Z
ses-20261008-1033,usr-0260,True,PWA,25339,"[""all"", ""coffee""]",False,,,ORD-0918,2026-09-27T22:31:17Z
ses-20261008-1034,usr-0087,True,PWA,119767,"[""all"", ""tea""]",False,,,ORD-0919,2026-09-16T17:40:12Z
ses-20261008-1035,usr-0241,True,PWA,84283,"[""all"", ""coffee""]",False,,,ORD-0920,2026-10-08T20:44:51Z
ses-20261008-1036,guest-0054,False,PWA,150000,"[""all"", ""coffee""]",True,CART_SHEET,PRICE_HIGH,,2026-09-26T21:23:14Z
ses-20261008-1037,usr-0215,True,PWA,59882,"[""all"", ""ade"", ""tea""]",False,,,ORD-0921,2026-09-27T04:12:42Z
ses-20261008-1038,usr-0223,True,PWA,86147,"[""all"", ""smoothie""]",False,,,ORD-0922,2026-09-28T00:15:09Z
ses-20261008-1039,usr-0313,True,PWA,26275,"[""all"", ""smoothie"", ""ade"", ""decaf""]",False,,,ORD-0923,2026-10-02T17:19:15Z
ses-20261008-1040,usr-0376,True,PWA,103987,"[""all"", ""decaf"", ""tea"", ""ade""]",False,,,ORD-0924,2026-09-15T16:17:11Z
ses-20261008-1041,guest-0002,False,PWA,109444,"[""all"", ""decaf""]",False,,,ORD-0925,2026-09-22T20:04:26Z
ses-20261008-1042,usr-0117,True,PWA,108535,"[""all"", ""tea"", ""decaf""]",False,,,ORD-0926,2026-09-17T17:38:16Z
ses-20261008-1043,usr-0015,True,PWA,16831,"[""all"", ""smoothie""]",False,,,ORD-0927,2026-09-24T02:25:22Z
ses-20261008-1044,usr-0269,True,PWA,118864,"[""all"", ""ade"", ""decaf""]",False,,,ORD-0928,2026-09-26T20:35:45Z
ses-20261008-1045,usr-0341,True,PWA,80244,"[""all"", ""smoothie"", ""coffee""]",False,,,ORD-0929,2026-09-24T17:20:48Z
ses-20261008-1046,usr-0163,True,PWA,117788,"[""all"", ""tea"", ""smoothie""]",False,,,ORD-0930,2026-09-30T21:46:46Z
ses-20261008-1047,guest-0109,False,PWA,78108,"[""all"", ""tea"", ""ade""]",False,,,ORD-0931,2026-10-03T17:15:01Z
ses-20261008-1048,guest-0108,False,PWA,115330,"[""all"", ""tea""]",False,,,ORD-0932,2026-09-29T16:11:48Z
ses-20261008-1049,usr-0078,True,PWA,105628,"[""all"", ""tea""]",False,,,ORD-0933,2026-09-16T16:25:19Z
ses-20261008-1050,usr-0013,True,PWA,29148,"[""all"", ""tea""]",False,,,ORD-0934,2026-10-08T17:12:57Z
ses-20261008-1051,guest-0022,False,PWA,131505,"[""all"", ""coffee"", ""decaf""]",False,,,ORD-0935,2026-09-16T20:42:37Z
ses-20261008-1052,guest-0131,False,PWA,128179,"[""all"", ""coffee""]",False,,,ORD-0936,2026-09-18T23:43:39Z
ses-20261008-1053,usr-0165,True,PWA,21849,"[""all"", ""coffee"", ""ade""]",False,,,ORD-0937,2026-09-29T17:27:49Z
ses-20261008-1054,guest-0015,False,PWA,149929,"[""all"", ""coffee"", ""tea"", ""ade"", ""smoothie""]",False,,,ORD-0938,2026-09-23T16:00:51Z
ses-20261008-1055,usr-0029,True,PWA,107236,"[""all"", ""tea""]",False,,,ORD-0939,2026-09-20T21:28:48Z
ses-20261008-1056,usr-0365,True,PWA,105134,"[""all"", ""coffee""]",False,,,ORD-0940,2026-10-08T17:34:32Z
ses-20261008-1057,usr-0052,True,PWA,31988,"[""all"", ""decaf""]",False,,,ORD-0941,2026-10-02T16:00:06Z
ses-20261008-1058,usr-0268,True,PWA,110244,"[""all"", ""tea"", ""coffee"", ""ade""]",False,,,ORD-0942,2026-09-19T01:14:26Z
ses-20261008-1059,usr-0022,True,PWA,86608,"[""all"", ""coffee"", ""smoothie""]",False,,,ORD-0943,2026-09-15T20:16:44Z
ses-20261008-1060,usr-0004,True,PWA,111983,"[""all"", ""coffee"", ""ade""]",False,,,ORD-0944,2026-10-01T20:56:49Z
ses-20261008-1061,usr-0096,True,PWA,91319,"[""all"", ""coffee""]",False,,,ORD-0945,2026-09-29T20:15:28Z
ses-20261008-1062,guest-0199,False,PWA,78630,"[""all"", ""smoothie"", ""coffee""]",False,,,ORD-0946,2026-09-29T20:23:23Z
ses-20261008-1063,guest-0195,False,PWA,108980,"[""all"", ""smoothie"", ""tea""]",False,,,ORD-0947,2026-09-24T20:19:19Z
ses-20261008-1064,usr-0096,True,PWA,120575,"[""all"", ""smoothie"", ""tea"", ""decaf"", ""ade""]",False,,,ORD-0948,2026-09-24T20:38:25Z
ses-20261008-1065,usr-0287,True,PWA,129321,"[""all"", ""decaf"", ""tea""]",False,,,ORD-0949,2026-09-22T17:34:14Z
ses-20261008-1066,usr-0144,True,PWA,37779,"[""all"", ""tea"", ""coffee""]",False,,,ORD-0950,2026-09-17T17:03:24Z
ses-20261008-1067,usr-0275,True,PWA,96911,"[""all"", ""smoothie"", ""ade"", ""decaf""]",False,,,ORD-0951,2026-09-18T21:41:03Z
ses-20261008-1068,usr-0210,True,PWA,136941,"[""all"", ""decaf""]",False,,,ORD-0952,2026-09-26T03:33:47Z
ses-20261008-1069,usr-0125,True,PWA,18377,"[""all"", ""smoothie""]",False,,,ORD-0953,2026-09-19T02:53:06Z
ses-20261008-1070,usr-0306,True,PWA,140086,"[""all"", ""coffee"", ""decaf""]",False,,,ORD-0954,2026-09-24T20:31:58Z
ses-20261008-1071,usr-0391,True,PWA,115588,"[""all"", ""smoothie""]",False,,,ORD-0955,2026-09-21T20:31:04Z
ses-20261008-1072,guest-0085,False,PWA,125463,"[""all"", ""coffee"", ""tea""]",False,,,ORD-0956,2026-09-23T20:19:44Z
ses-20261008-1073,guest-0061,False,PWA,112917,"[""all"", ""tea"", ""decaf"", ""coffee""]",False,,,ORD-0957,2026-10-06T20:09:30Z
ses-20261008-1074,guest-0066,False,PWA,53681,"[""all"", ""tea""]",False,,,ORD-0958,2026-09-30T23:57:59Z
ses-20261008-1075,usr-0107,True,PWA,80067,"[""all"", ""smoothie""]",False,,,ORD-0959,2026-10-09T00:20:14Z
ses-20261008-1076,guest-0138,False,PWA,108757,"[""all"", ""decaf""]",False,,,ORD-0960,2026-09-29T17:58:46Z
ses-20261008-1077,usr-0035,True,PWA,20681,"[""all"", ""coffee""]",False,,,ORD-0961,2026-09-21T17:12:59Z
ses-20261008-1078,guest-0079,False,PWA,106509,"[""all"", ""coffee"", ""tea"", ""decaf""]",False,,,ORD-0962,2026-09-19T20:47:54Z
ses-20261008-1079,usr-0152,True,PWA,137102,"[""all"", ""coffee"", ""tea"", ""ade"", ""smoothie""]",False,,,ORD-0963,2026-10-03T00:09:42Z
ses-20261008-1080,usr-0173,True,PWA,105714,"[""all"", ""coffee"", ""ade""]",False,,,ORD-0964,2026-09-29T02:39:51Z
ses-20261008-1081,usr-0167,True,PWA,105265,"[""all"", ""smoothie"", ""coffee"", ""ade""]",False,,,ORD-0965,2026-09-17T20:32:58Z
ses-20261008-1082,usr-0246,True,PWA,23462,"[""all"", ""smoothie"", ""tea"", ""coffee""]",False,,,ORD-0966,2026-09-28T01:37:42Z
ses-20261008-1083,usr-0034,True,PWA,108528,"[""all"", ""decaf""]",False,,,ORD-0967,2026-10-05T23:38:43Z
ses-20261008-1084,usr-0104,True,PWA,83905,"[""all"", ""ade""]",False,,,ORD-0968,2026-09-24T20:15:16Z
ses-20261008-1085,usr-0288,True,PWA,35998,"[""all"", ""smoothie""]",False,,,ORD-0969,2026-09-20T20:35:21Z
ses-20261008-1086,guest-0156,False,PWA,114929,"[""all"", ""tea"", ""smoothie"", ""ade""]",True,PAY_POPUP,PRICE_HIGH,,2026-09-24T01:53:40Z
ses-20261008-1087,usr-0166,True,PWA,110805,"[""all"", ""smoothie""]",False,,,ORD-0970,2026-10-04T17:25:21Z
ses-20261008-1088,usr-0265,True,PWA,83046,"[""all"", ""coffee""]",False,,,ORD-0971,2026-09-28T21:29:01Z
ses-20261008-1089,usr-0014,True,PWA,87910,"[""all"", ""smoothie"", ""coffee"", ""tea""]",False,,,ORD-0972,2026-09-22T00:50:45Z
ses-20261008-1090,usr-0340,True,PWA,124273,"[""all"", ""ade"", ""smoothie""]",False,,,ORD-0973,2026-09-24T16:13:18Z
ses-20261008-1091,guest-0105,False,PWA,104127,"[""all"", ""tea""]",False,,,ORD-0974,2026-10-07T20:31:21Z
ses-20261008-1092,guest-0034,False,PWA,85161,"[""all"", ""smoothie"", ""decaf"", ""ade""]",False,,,ORD-0975,2026-09-25T16:34:20Z
ses-20261008-1093,guest-0144,False,PWA,140103,"[""all"", ""coffee""]",False,,,ORD-0976,2026-09-16T20:20:32Z
ses-20261008-1094,usr-0389,True,PWA,125305,"[""all"", ""smoothie"", ""decaf"", ""tea""]",False,,,ORD-0977,2026-09-24T21:09:58Z
ses-20261008-1095,usr-0305,True,PWA,97841,"[""all"", ""tea"", ""coffee""]",False,,,ORD-0978,2026-09-23T21:47:47Z
ses-20261008-1096,guest-0078,False,PWA,91861,"[""all"", ""smoothie""]",False,,,ORD-0979,2026-09-24T01:29:56Z
ses-20261008-1097,usr-0310,True,PWA,147504,"[""all"", ""ade"", ""decaf"", ""smoothie"", ""tea""]",False,,,ORD-0980,2026-10-01T00:50:31Z
ses-20261008-1098,usr-0386,True,PWA,20778,"[""all"", ""coffee"", ""ade""]",False,,,ORD-0981,2026-09-22T21:26:35Z
ses-20261008-1099,usr-0158,True,PWA,94594,"[""all"", ""smoothie""]",False,,,ORD-0982,2026-10-04T20:19:05Z
ses-20261008-1100,guest-0096,False,PWA,90669,"[""all"", ""ade""]",False,,,ORD-0983,2026-09-27T20:15:47Z
ses-20261008-1101,usr-0350,True,PWA,140049,"[""all"", ""decaf""]",False,,,ORD-0984,2026-10-06T22:16:29Z
ses-20261008-1102,guest-0081,False,PWA,121108,"[""all"", ""tea""]",False,,,ORD-0985,2026-09-17T16:43:56Z
ses-20261008-1103,guest-0131,False,PWA,73403,"[""all"", ""ade"", ""smoothie""]",False,,,ORD-0986,2026-10-06T01:32:31Z
ses-20261008-1104,usr-0176,True,PWA,123310,"[""all"", ""ade"", ""tea""]",False,,,ORD-0987,2026-10-04T20:33:41Z
ses-20261008-1105,usr-0124,True,PWA,23018,"[""all"", ""coffee""]",False,,,ORD-0988,2026-10-04T20:58:09Z
ses-20261008-1106,usr-0233,True,PWA,29442,"[""all"", ""ade"", ""tea""]",False,,,ORD-0989,2026-10-09T00:10:16Z
ses-20261008-1107,usr-0370,True,PWA,122490,"[""all"", ""coffee"", ""smoothie"", ""tea""]",False,,,ORD-0990,2026-09-23T01:41:14Z
ses-20261008-1108,usr-0137,True,PWA,83328,"[""all"", ""decaf"", ""ade"", ""smoothie"", ""coffee""]",False,,,ORD-0991,2026-09-28T22:22:13Z
ses-20261008-1109,usr-0347,True,PWA,124942,"[""all"", ""decaf""]",False,,,ORD-0992,2026-09-18T04:24:21Z
ses-20261008-1110,guest-0147,False,PWA,121492,"[""all"", ""decaf"", ""coffee"", ""tea"", ""ade""]",False,,,ORD-0993,2026-09-17T20:46:03Z
ses-20261008-1111,guest-0027,False,PWA,147682,"[""all"", ""ade"", ""coffee"", ""smoothie""]",False,,,ORD-0994,2026-09-20T17:09:30Z
ses-20261008-1112,usr-0006,True,PWA,129492,"[""all"", ""coffee""]",False,,,ORD-0995,2026-09-29T20:42:45Z
ses-20261008-1113,guest-0061,False,PWA,117336,"[""all"", ""decaf""]",False,,,ORD-0996,2026-10-09T00:56:19Z
ses-20261008-1114,guest-0188,False,PWA,133920,"[""all"", ""smoothie"", ""coffee""]",False,,,ORD-0997,2026-09-18T16:58:44Z
ses-20261008-1115,usr-0214,True,PWA,75426,"[""all"", ""smoothie"", ""ade""]",False,,,ORD-0998,2026-10-02T02:43:05Z
ses-20261008-1116,usr-0363,True,PWA,124527,"[""all"", ""ade""]",False,,,ORD-0999,2026-09-17T22:22:36Z
ses-20261008-1117,usr-0238,True,PWA,116811,"[""all"", ""tea""]",False,,,ORD-1000,2026-09-23T21:47:08Z
ses-20261008-1118,guest-0006,False,PWA,99140,"[""all"", ""smoothie""]",False,,,ORD-1001,2026-10-08T04:33:25Z
ses-20261008-1119,usr-0311,True,PWA,92454,"[""all"", ""decaf""]",False,,,ORD-1002,2026-09-25T16:16:55Z
ses-20261008-1120,usr-0264,True,PWA,125412,"[""all"", ""smoothie""]",False,,,ORD-1003,2026-10-02T21:46:56Z
ses-20261008-1121,guest-0036,False,PWA,97312,"[""all"", ""tea"", ""smoothie""]",False,,,ORD-1004,2026-10-03T16:06:51Z
ses-20261008-1122,guest-0134,False,PWA,144264,"[""all"", ""decaf"", ""ade""]",False,,,ORD-1005,2026-10-04T00:46:15Z
ses-20261008-1123,usr-0048,True,PWA,122938,"[""all"", ""ade"", ""tea"", ""coffee""]",True,PAY_POPUP,TIMEOUT_60S,,2026-10-08T20:40:03Z
ses-20261008-1124,guest-0195,False,PWA,106084,"[""all"", ""tea""]",False,,,ORD-1006,2026-10-01T21:53:51Z
ses-20261008-1125,guest-0195,False,PWA,78654,"[""all"", ""smoothie""]",False,,,ORD-1007,2026-09-18T20:15:23Z
ses-20261008-1126,usr-0205,True,PWA,101908,"[""all"", ""decaf"", ""ade""]",False,,,ORD-1008,2026-09-23T16:30:17Z
ses-20261008-1127,usr-0322,True,PWA,135791,"[""all"", ""smoothie""]",False,,,ORD-1009,2026-09-21T04:39:31Z
ses-20261008-1128,usr-0384,True,PWA,29387,"[""all"", ""ade""]",False,,,ORD-1010,2026-10-05T17:27:16Z
ses-20261008-1129,usr-0058,True,PWA,27161,"[""all"", ""coffee"", ""tea""]",False,,,ORD-1011,2026-10-04T21:15:59Z
ses-20261008-1130,usr-0334,True,PWA,58975,"[""all"", ""decaf"", ""tea""]",False,,,ORD-1012,2026-10-05T17:09:08Z
ses-20261008-1131,usr-0260,True,PWA,26652,"[""all"", ""coffee""]",False,,,ORD-1013,2026-09-16T16:12:58Z
ses-20261008-1132,usr-0178,True,PWA,34246,"[""all"", ""decaf""]",False,,,ORD-1014,2026-09-25T17:56:01Z
ses-20261008-1133,usr-0359,True,PWA,22085,"[""all"", ""smoothie"", ""ade""]",False,,,ORD-1015,2026-09-19T20:40:21Z
ses-20261008-1134,guest-0175,False,PWA,96014,"[""all"", ""coffee""]",False,,,ORD-1016,2026-09-20T00:47:02Z
ses-20261008-1135,guest-0173,False,PWA,85088,"[""all"", ""tea""]",False,,,ORD-1017,2026-09-30T21:35:08Z
ses-20261008-1136,guest-0022,False,PWA,88920,"[""all"", ""smoothie""]",False,,,ORD-1018,2026-10-06T22:38:32Z
ses-20261008-1137,usr-0142,True,PWA,98424,"[""all"", ""decaf"", ""smoothie""]",False,,,ORD-1019,2026-10-04T20:33:49Z
ses-20261008-1138,usr-0242,True,PWA,128085,"[""all"", ""tea"", ""decaf"", ""ade""]",True,OPTION_MODAL,PRICE_HIGH,,2026-10-06T21:55:26Z
ses-20261008-1139,usr-0208,True,PWA,98170,"[""all"", ""smoothie""]",False,,,ORD-1020,2026-10-07T16:22:13Z
ses-20261008-1140,usr-0338,True,PWA,114160,"[""all"", ""ade""]",True,OPTION_MODAL,TIMEOUT_60S,,2026-09-23T21:08:11Z
ses-20261008-1141,usr-0054,True,PWA,26724,"[""all"", ""ade""]",False,,,ORD-1021,2026-09-22T17:19:06Z
ses-20261008-1142,guest-0090,False,PWA,139231,"[""all"", ""smoothie"", ""ade""]",False,,,ORD-1022,2026-10-02T17:31:47Z
ses-20261008-1143,usr-0100,True,PWA,77789,"[""all"", ""ade"", ""smoothie""]",False,,,ORD-1023,2026-09-28T16:47:47Z
ses-20261008-1144,guest-0178,False,PWA,123274,"[""all"", ""decaf"", ""ade""]",False,,,ORD-1024,2026-09-23T02:35:22Z
ses-20261008-1145,usr-0312,True,PWA,98171,"[""all"", ""coffee"", ""decaf""]",False,,,ORD-1025,2026-09-27T16:29:22Z
ses-20261008-1146,usr-0271,True,PWA,106660,"[""all"", ""coffee"", ""ade""]",False,,,ORD-1026,2026-09-25T16:25:57Z
ses-20261008-1147,usr-0102,True,PWA,113567,"[""all"", ""ade"", ""smoothie""]",False,,,ORD-1027,2026-09-28T20:23:56Z
ses-20261008-1148,guest-0043,False,PWA,145376,"[""all"", ""tea"", ""ade"", ""decaf""]",False,,,ORD-1028,2026-09-30T20:27:25Z
ses-20261008-1149,usr-0361,True,PWA,109119,"[""all"", ""tea"", ""ade""]",True,CART_SHEET,TIMEOUT_60S,,2026-10-06T16:58:29Z
ses-20261008-1150,usr-0013,True,PWA,113132,"[""all"", ""smoothie""]",False,,,ORD-1029,2026-10-01T17:11:42Z
ses-20261008-1151,usr-0046,True,PWA,128666,"[""all"", ""ade""]",False,,,ORD-1030,2026-09-19T20:50:51Z
ses-20261008-1152,usr-0317,True,PWA,146408,"[""all"", ""ade"", ""smoothie""]",False,,,ORD-1031,2026-09-24T21:28:16Z
ses-20261008-1153,usr-0392,True,PWA,114368,"[""all"", ""decaf"", ""coffee""]",False,,,ORD-1032,2026-10-07T16:24:58Z
ses-20261008-1154,usr-0052,True,PWA,117205,"[""all"", ""ade"", ""smoothie"", ""decaf""]",False,,,ORD-1033,2026-10-03T00:55:31Z
ses-20261008-1155,usr-0261,True,PWA,17237,"[""all"", ""smoothie"", ""coffee""]",False,,,ORD-1034,2026-10-01T01:58:18Z
ses-20261008-1156,usr-0239,True,PWA,121158,"[""all"", ""smoothie""]",False,,,ORD-1035,2026-09-27T17:00:30Z
ses-20261008-1157,usr-0337,True,PWA,88707,"[""all"", ""tea""]",False,,,ORD-1036,2026-09-24T17:52:36Z
ses-20261008-1158,usr-0368,True,PWA,117495,"[""all"", ""decaf"", ""coffee"", ""ade""]",False,,,ORD-1037,2026-10-06T22:24:50Z
ses-20261008-1159,usr-0028,True,PWA,13618,"[""all"", ""smoothie""]",False,,,ORD-1038,2026-09-18T21:35:36Z
ses-20261008-1160,guest-0018,False,PWA,142334,"[""all"", ""ade"", ""tea""]",False,,,ORD-1039,2026-10-04T17:46:08Z
ses-20261008-1161,usr-0073,True,PWA,125808,"[""all"", ""ade"", ""tea""]",False,,,ORD-1040,2026-10-04T17:34:14Z
ses-20261008-1162,guest-0181,False,PWA,116558,"[""all"", ""coffee""]",False,,,ORD-1041,2026-09-26T16:47:05Z
ses-20261008-1163,guest-0155,False,PWA,120389,"[""all"", ""coffee"", ""tea""]",False,,,ORD-1042,2026-09-29T17:05:54Z
ses-20261008-1164,usr-0303,True,PWA,91355,"[""all"", ""decaf""]",False,,,ORD-1043,2026-09-25T17:24:35Z
ses-20261008-1165,usr-0336,True,PWA,86622,"[""all"", ""tea"", ""coffee""]",False,,,ORD-1044,2026-10-08T04:29:43Z
ses-20261008-1166,guest-0068,False,PWA,107276,"[""all"", ""decaf""]",False,,,ORD-1045,2026-09-25T16:19:34Z
ses-20261008-1167,guest-0100,False,PWA,54446,"[""all"", ""decaf""]",False,,,ORD-1046,2026-09-16T00:10:30Z
ses-20261008-1168,guest-0148,False,PWA,75331,"[""all"", ""ade"", ""smoothie""]",False,,,ORD-1047,2026-09-30T21:23:18Z
ses-20261008-1169,usr-0006,True,PWA,124370,"[""all"", ""smoothie""]",False,,,ORD-1048,2026-10-04T21:33:54Z
ses-20261008-1170,usr-0393,True,PWA,148499,"[""all"", ""coffee""]",False,,,ORD-1049,2026-09-30T03:28:38Z
ses-20261008-1171,guest-0114,False,PWA,100876,"[""all"", ""ade"", ""coffee""]",False,,,ORD-1050,2026-09-17T20:03:28Z
ses-20261008-1172,guest-0014,False,PWA,98912,"[""all"", ""smoothie""]",False,,,ORD-1051,2026-09-19T16:16:17Z
ses-20261008-1173,usr-0067,True,PWA,144867,"[""all"", ""ade""]",False,,,ORD-1052,2026-09-21T17:20:49Z
ses-20261008-1174,usr-0297,True,PWA,117008,"[""all"", ""ade""]",False,,,ORD-1053,2026-10-05T22:16:10Z
ses-20261008-1175,usr-0016,True,PWA,93373,"[""all"", ""smoothie"", ""decaf""]",False,,,ORD-1054,2026-09-30T21:35:33Z
ses-20261008-1176,guest-0054,False,PWA,97320,"[""all"", ""decaf"", ""smoothie""]",False,,,ORD-1055,2026-10-03T23:34:51Z
ses-20261008-1177,usr-0058,True,PWA,99471,"[""all"", ""smoothie""]",False,,,ORD-1056,2026-10-01T04:25:19Z
ses-20261008-1178,usr-0361,True,PWA,105071,"[""all"", ""ade"", ""decaf""]",False,,,ORD-1057,2026-10-05T22:46:56Z
ses-20261008-1179,usr-0068,True,PWA,103932,"[""all"", ""smoothie""]",False,,,ORD-1058,2026-09-29T16:49:06Z
ses-20261008-1180,guest-0049,False,PWA,119070,"[""all"", ""tea""]",False,,,ORD-1059,2026-09-21T17:32:31Z
ses-20261008-1181,usr-0118,True,PWA,110232,"[""all"", ""ade"", ""coffee""]",False,,,ORD-1060,2026-09-19T20:17:47Z
ses-20261008-1182,usr-0067,True,PWA,108335,"[""all"", ""tea"", ""decaf""]",False,,,ORD-1061,2026-09-16T16:35:46Z
ses-20261008-1183,guest-0162,False,PWA,59419,"[""all"", ""decaf"", ""smoothie"", ""coffee""]",False,,,ORD-1062,2026-09-27T02:04:27Z
ses-20261008-1184,guest-0061,False,PWA,113724,"[""all"", ""decaf"", ""tea""]",False,,,ORD-1063,2026-10-03T21:08:22Z
ses-20261008-1185,usr-0363,True,PWA,84772,"[""all"", ""tea"", ""ade""]",False,,,ORD-1064,2026-09-29T21:19:12Z
ses-20261008-1186,guest-0079,False,PWA,85341,"[""all"", ""decaf"", ""coffee"", ""smoothie""]",False,,,ORD-1065,2026-09-23T04:41:02Z
ses-20261008-1187,usr-0215,True,PWA,103168,"[""all"", ""tea""]",False,,,ORD-1066,2026-10-07T20:30:26Z
ses-20261008-1188,usr-0052,True,PWA,28142,"[""all"", ""coffee"", ""smoothie"", ""decaf""]",False,,,ORD-1067,2026-10-06T17:15:06Z
ses-20261008-1189,usr-0293,True,PWA,21380,"[""all"", ""decaf""]",False,,,ORD-1068,2026-09-15T22:33:17Z
ses-20261008-1190,usr-0081,True,PWA,130278,"[""all"", ""ade"", ""smoothie"", ""decaf"", ""tea""]",False,,,ORD-1069,2026-10-03T20:53:50Z
ses-20261008-1191,usr-0221,True,PWA,70416,"[""all"", ""ade""]",False,,,ORD-1070,2026-09-21T01:46:49Z
ses-20261008-1192,usr-0258,True,PWA,87080,"[""all"", ""coffee"", ""ade""]",False,,,ORD-1071,2026-09-30T17:20:16Z
ses-20261008-1193,usr-0119,True,PWA,108826,"[""all"", ""decaf"", ""tea"", ""ade""]",False,,,ORD-1072,2026-10-06T20:17:20Z
ses-20261008-1194,usr-0348,True,PWA,130639,"[""all"", ""tea""]",False,,,ORD-1073,2026-09-21T16:27:19Z
ses-20261008-1195,usr-0038,True,PWA,154008,"[""all"", ""coffee""]",False,,,ORD-1074,2026-09-27T16:52:08Z
ses-20261008-1196,usr-0332,True,PWA,150000,"[""all"", ""decaf""]",True,OPTION_MODAL,WAIT_TIME_LONG,,2026-10-06T21:25:19Z
ses-20261008-1197,usr-0045,True,PWA,98725,"[""all"", ""decaf"", ""coffee""]",False,,,ORD-1075,2026-09-19T16:31:49Z
ses-20261008-1198,guest-0029,False,PWA,53862,"[""all"", ""smoothie"", ""decaf"", ""coffee""]",False,,,ORD-1076,2026-09-25T21:22:31Z
ses-20261008-1199,guest-0169,False,PWA,130199,"[""all"", ""coffee""]",False,,,ORD-1077,2026-09-27T04:27:15Z
ses-20261008-1200,usr-0305,True,PWA,104326,"[""all"", ""smoothie"", ""coffee""]",False,,,ORD-1078,2026-09-29T20:19:12Z
ses-20261008-1201,usr-0050,True,PWA,21765,"[""all"", ""decaf"", ""coffee""]",False,,,ORD-1079,2026-09-16T23:31:53Z
ses-20261008-1202,guest-0143,False,PWA,168542,"[""all"", ""coffee"", ""ade""]",False,,,ORD-1080,2026-10-01T17:45:34Z
ses-20261008-1203,usr-0389,True,PWA,33071,"[""all"", ""tea""]",False,,,ORD-1081,2026-09-20T20:33:02Z
ses-20261008-1204,usr-0080,True,PWA,104587,"[""all"", ""smoothie""]",False,,,ORD-1082,2026-10-05T16:22:26Z
ses-20261008-1205,usr-0322,True,PWA,125326,"[""all"", ""tea"", ""smoothie""]",False,,,ORD-1083,2026-10-03T21:22:18Z
ses-20261008-1206,usr-0218,True,PWA,127504,"[""all"", ""ade"", ""smoothie""]",True,CART_SHEET,WAIT_TIME_LONG,,2026-09-24T20:22:42Z
ses-20261008-1207,usr-0321,True,PWA,67302,"[""all"", ""ade""]",False,,,ORD-1084,2026-10-05T20:01:46Z
ses-20261008-1208,usr-0247,True,PWA,145448,"[""all"", ""ade""]",True,OPTION_MODAL,WAIT_TIME_LONG,,2026-09-18T20:53:26Z
ses-20261008-1209,usr-0053,True,PWA,124546,"[""all"", ""ade"", ""decaf"", ""tea"", ""coffee""]",False,,,ORD-1085,2026-09-19T16:08:23Z
ses-20261008-1210,usr-0324,True,PWA,103789,"[""all"", ""smoothie""]",False,,,ORD-1086,2026-09-29T17:08:19Z
ses-20261008-1211,guest-0005,False,PWA,88214,"[""all"", ""decaf"", ""smoothie"", ""tea"", ""ade""]",False,,,ORD-1087,2026-09-30T21:06:28Z
ses-20261008-1212,usr-0066,True,PWA,104548,"[""all"", ""smoothie""]",False,,,ORD-1088,2026-09-22T16:57:18Z
ses-20261008-1213,guest-0004,False,PWA,98886,"[""all"", ""coffee"", ""tea""]",False,,,ORD-1089,2026-09-25T17:27:02Z
ses-20261008-1214,usr-0166,True,PWA,122967,"[""all"", ""tea""]",False,,,ORD-1090,2026-10-03T00:19:19Z
ses-20261008-1215,usr-0038,True,PWA,125001,"[""all"", ""smoothie""]",False,,,ORD-1091,2026-09-19T02:44:09Z
ses-20261008-1216,usr-0048,True,PWA,53688,"[""all"", ""decaf"", ""tea"", ""ade""]",False,,,ORD-1092,2026-10-01T20:53:06Z
ses-20261008-1217,usr-0102,True,PWA,23659,"[""all"", ""coffee"", ""ade""]",False,,,ORD-1093,2026-09-17T20:54:54Z
ses-20261008-1218,usr-0258,True,PWA,115270,"[""all"", ""smoothie"", ""decaf"", ""coffee""]",False,,,ORD-1094,2026-09-26T21:50:03Z
ses-20261008-1219,usr-0392,True,PWA,80605,"[""all"", ""smoothie"", ""ade""]",False,,,ORD-1095,2026-09-19T21:38:17Z
ses-20261008-1220,guest-0158,False,PWA,82530,"[""all"", ""smoothie""]",False,,,ORD-1096,2026-09-24T17:19:04Z
ses-20261008-1221,usr-0019,True,PWA,123757,"[""all"", ""coffee""]",False,,,ORD-1097,2026-09-17T17:41:21Z
ses-20261008-1222,usr-0140,True,PWA,106835,"[""all"", ""tea"", ""smoothie"", ""coffee""]",False,,,ORD-1098,2026-10-01T16:29:00Z
ses-20261008-1223,usr-0102,True,PWA,103268,"[""all"", ""coffee""]",False,,,ORD-1099,2026-09-21T22:28:33Z
ses-20261008-1224,usr-0339,True,PWA,26048,"[""all"", ""tea""]",False,,,ORD-1100,2026-10-01T17:44:59Z
ses-20261008-1225,usr-0001,True,PWA,77645,"[""all"", ""ade""]",False,,,ORD-1101,2026-09-16T16:24:40Z
ses-20261008-1226,guest-0070,False,PWA,81252,"[""all"", ""decaf""]",False,,,ORD-1102,2026-10-01T20:59:58Z
ses-20261008-1227,guest-0142,False,PWA,126161,"[""all"", ""tea"", ""ade"", ""smoothie"", ""coffee""]",False,,,ORD-1103,2026-09-29T21:44:05Z
ses-20261008-1228,guest-0082,False,PWA,87064,"[""all"", ""tea""]",False,,,ORD-1104,2026-09-29T20:56:45Z
ses-20261008-1229,usr-0152,True,PWA,92824,"[""all"", ""tea"", ""decaf""]",False,,,ORD-1105,2026-10-07T04:20:23Z
ses-20261008-1230,usr-0013,True,PWA,35000,"[""all"", ""coffee""]",False,,,ORD-1106,2026-10-05T03:03:00Z
ses-20261008-1231,usr-0133,True,PWA,150000,"[""all"", ""tea"", ""coffee""]",True,OPTION_MODAL,WAIT_TIME_LONG,,2026-09-24T04:39:40Z
ses-20261008-1232,usr-0392,True,PWA,104475,"[""all"", ""decaf"", ""coffee"", ""ade""]",False,,,ORD-1107,2026-09-21T21:42:24Z
ses-20261008-1233,usr-0135,True,PWA,102728,"[""all"", ""smoothie"", ""ade""]",False,,,ORD-1108,2026-10-01T17:40:15Z
ses-20261008-1234,usr-0373,True,PWA,22614,"[""all"", ""tea""]",False,,,ORD-1109,2026-09-27T22:30:24Z
ses-20261008-1235,usr-0224,True,PWA,129682,"[""all"", ""decaf"", ""coffee""]",False,,,ORD-1110,2026-10-04T16:20:58Z
ses-20261008-1236,usr-0326,True,PWA,138069,"[""all"", ""tea"", ""smoothie"", ""ade""]",False,,,ORD-1111,2026-09-27T22:11:24Z
ses-20261008-1237,usr-0351,True,PWA,150000,"[""all"", ""smoothie"", ""decaf""]",True,PAY_POPUP,PRICE_HIGH,,2026-10-01T16:51:58Z
ses-20261008-1238,guest-0057,False,PWA,67907,"[""all"", ""coffee"", ""ade""]",False,,,ORD-1112,2026-09-22T17:01:38Z
ses-20261008-1239,guest-0100,False,PWA,127149,"[""all"", ""coffee"", ""tea"", ""smoothie""]",True,CART_SHEET,TIMEOUT_60S,,2026-10-08T03:33:30Z
ses-20261008-1240,guest-0061,False,PWA,100185,"[""all"", ""smoothie"", ""decaf""]",False,,,ORD-1113,2026-09-29T17:11:56Z
ses-20261008-1241,usr-0291,True,PWA,116935,"[""all"", ""decaf"", ""tea"", ""ade"", ""smoothie""]",False,,,ORD-1114,2026-09-30T20:46:29Z
ses-20261008-1242,usr-0246,True,PWA,87285,"[""all"", ""decaf""]",False,,,ORD-1115,2026-10-06T17:59:29Z
ses-20261008-1243,usr-0008,True,PWA,113528,"[""all"", ""decaf"", ""tea""]",False,,,ORD-1116,2026-10-02T17:15:02Z
ses-20261008-1244,usr-0367,True,PWA,120232,"[""all"", ""smoothie""]",False,,,ORD-1117,2026-10-01T20:10:40Z
ses-20261008-1245,usr-0279,True,PWA,23098,"[""all"", ""smoothie"", ""decaf""]",False,,,ORD-1118,2026-09-30T16:27:43Z
ses-20261008-1246,usr-0047,True,PWA,109688,"[""all"", ""decaf""]",False,,,ORD-1119,2026-10-06T22:23:56Z
ses-20261008-1247,usr-0020,True,PWA,145401,"[""all"", ""ade"", ""tea"", ""decaf""]",False,,,ORD-1120,2026-09-19T23:00:45Z
ses-20261008-1248,guest-0110,False,PWA,99155,"[""all"", ""tea""]",False,,,ORD-1121,2026-10-04T21:46:43Z
ses-20261008-1249,usr-0377,True,PWA,27855,"[""all"", ""smoothie"", ""decaf""]",False,,,ORD-1122,2026-09-25T20:21:46Z
ses-20261008-1250,usr-0010,True,PWA,104489,"[""all"", ""smoothie"", ""coffee"", ""ade"", ""decaf""]",False,,,ORD-1123,2026-10-05T21:39:36Z
ses-20261008-1251,usr-0258,True,PWA,127485,"[""all"", ""tea"", ""ade""]",True,OPTION_MODAL,TIMEOUT_60S,,2026-10-02T17:41:28Z
ses-20261008-1252,usr-0208,True,PWA,12000,"[""all"", ""ade""]",False,,,ORD-1124,2026-09-21T04:55:43Z
ses-20261008-1253,usr-0223,True,PWA,156926,"[""all"", ""smoothie""]",False,,,ORD-1125,2026-09-20T20:25:02Z
ses-20261008-1254,guest-0111,False,PWA,110817,"[""all"", ""decaf""]",False,,,ORD-1126,2026-09-18T00:52:57Z
ses-20261008-1255,usr-0378,True,PWA,133453,"[""all"", ""decaf"", ""coffee""]",True,OPTION_MODAL,WAIT_TIME_LONG,,2026-09-26T21:20:28Z
ses-20261008-1256,guest-0120,False,PWA,87679,"[""all"", ""coffee""]",False,,,ORD-1127,2026-09-29T03:55:16Z
ses-20261008-1257,usr-0086,True,PWA,24767,"[""all"", ""decaf"", ""smoothie""]",False,,,ORD-1128,2026-09-20T16:12:24Z
ses-20261008-1258,usr-0317,True,PWA,91381,"[""all"", ""coffee"", ""tea"", ""ade""]",False,,,ORD-1129,2026-10-08T17:17:24Z
ses-20261008-1259,usr-0025,True,PWA,25444,"[""all"", ""ade"", ""tea"", ""decaf""]",False,,,ORD-1130,2026-09-22T17:47:34Z
ses-20261008-1260,usr-0365,True,PWA,20363,"[""all"", ""ade"", ""decaf""]",False,,,ORD-1131,2026-10-03T16:30:15Z
ses-20261008-1261,usr-0159,True,PWA,26073,"[""all"", ""tea"", ""smoothie""]",False,,,ORD-1132,2026-09-23T16:28:25Z
ses-20261008-1262,usr-0376,True,PWA,58740,"[""all"", ""decaf"", ""coffee""]",False,,,ORD-1133,2026-09-23T16:58:39Z
ses-20261008-1263,usr-0345,True,PWA,120251,"[""all"", ""tea"", ""ade""]",False,,,ORD-1134,2026-09-30T16:24:30Z
ses-20261008-1264,guest-0164,False,PWA,117321,"[""all"", ""decaf""]",True,OPTION_MODAL,PRICE_HIGH,,2026-09-21T16:41:40Z
ses-20261008-1265,usr-0098,True,PWA,101211,"[""all"", ""tea""]",False,,,ORD-1135,2026-09-22T00:18:00Z
ses-20261008-1266,usr-0161,True,PWA,97623,"[""all"", ""smoothie""]",False,,,ORD-1136,2026-10-07T21:51:07Z
ses-20261008-1267,usr-0177,True,PWA,98711,"[""all"", ""smoothie""]",False,,,ORD-1137,2026-10-07T20:58:09Z
ses-20261008-1268,usr-0340,True,PWA,160487,"[""all"", ""coffee"", ""smoothie""]",False,,,ORD-1138,2026-10-04T16:30:43Z
ses-20261008-1269,usr-0215,True,PWA,104991,"[""all"", ""ade"", ""decaf"", ""tea""]",True,CART_SHEET,TIMEOUT_60S,,2026-10-02T20:42:00Z
ses-20261008-1270,usr-0362,True,PWA,122655,"[""all"", ""decaf"", ""ade""]",False,,,ORD-1139,2026-09-25T21:31:31Z
ses-20261008-1271,guest-0010,False,PWA,54529,"[""all"", ""tea""]",False,,,ORD-1140,2026-09-15T20:25:36Z
ses-20261008-1272,usr-0396,True,PWA,30926,"[""all"", ""ade"", ""coffee""]",False,,,ORD-1141,2026-10-04T17:01:58Z
ses-20261008-1273,usr-0244,True,PWA,105583,"[""all"", ""tea""]",False,,,ORD-1142,2026-09-21T03:11:46Z
ses-20261008-1274,usr-0076,True,PWA,59372,"[""all"", ""tea"", ""decaf""]",False,,,ORD-1143,2026-09-18T17:14:01Z
ses-20261008-1275,usr-0400,True,PWA,112156,"[""all"", ""smoothie"", ""tea""]",False,,,ORD-1144,2026-09-16T17:31:47Z
ses-20261008-1276,guest-0142,False,PWA,100669,"[""all"", ""decaf""]",False,,,ORD-1145,2026-09-17T03:26:45Z
ses-20261008-1277,usr-0136,True,PWA,106063,"[""all"", ""tea"", ""ade"", ""decaf"", ""coffee""]",True,OPTION_MODAL,PRICE_HIGH,,2026-09-29T17:58:52Z
ses-20261008-1278,guest-0067,False,PWA,108138,"[""all"", ""smoothie"", ""coffee""]",False,,,ORD-1146,2026-09-15T21:26:20Z
ses-20261008-1279,usr-0307,True,PWA,16456,"[""all"", ""coffee"", ""smoothie""]",False,,,ORD-1147,2026-09-19T20:57:25Z
ses-20261008-1280,usr-0368,True,PWA,25183,"[""all"", ""smoothie""]",False,,,ORD-1148,2026-09-27T20:50:12Z
ses-20261008-1281,usr-0090,True,PWA,106855,"[""all"", ""ade"", ""coffee""]",False,,,ORD-1149,2026-09-23T17:15:23Z
ses-20261008-1282,usr-0355,True,PWA,94324,"[""all"", ""ade"", ""tea"", ""coffee""]",False,,,ORD-1150,2026-10-02T01:31:55Z
ses-20261008-1283,guest-0149,False,PWA,110112,"[""all"", ""ade""]",False,,,ORD-1151,2026-09-27T01:28:44Z
ses-20261008-1284,usr-0091,True,PWA,106864,"[""all"", ""smoothie""]",False,,,ORD-1152,2026-09-15T20:22:42Z
ses-20261008-1285,guest-0121,False,PWA,75348,"[""all"", ""ade"", ""tea""]",False,,,ORD-1153,2026-09-27T04:30:17Z
ses-20261008-1286,usr-0316,True,PWA,119531,"[""all"", ""ade""]",False,,,ORD-1154,2026-10-08T16:03:18Z
ses-20261008-1287,guest-0049,False,PWA,134055,"[""all"", ""smoothie"", ""decaf""]",False,,,ORD-1155,2026-09-22T20:55:28Z
ses-20261008-1288,usr-0316,True,PWA,105100,"[""all"", ""coffee"", ""decaf""]",False,,,ORD-1156,2026-10-08T20:17:17Z
ses-20261008-1289,usr-0290,True,PWA,143046,"[""all"", ""tea""]",True,OPTION_MODAL,WAIT_TIME_LONG,,2026-10-04T21:13:11Z
ses-20261008-1290,guest-0096,False,PWA,150000,"[""all"", ""decaf""]",True,CART_SHEET,TIMEOUT_60S,,2026-10-08T00:26:43Z
ses-20261008-1291,guest-0153,False,PWA,137940,"[""all"", ""smoothie"", ""coffee"", ""ade""]",False,,,ORD-1157,2026-09-22T22:15:22Z
ses-20261008-1292,guest-0038,False,PWA,115708,"[""all"", ""smoothie"", ""tea""]",False,,,ORD-1158,2026-10-07T00:09:22Z
ses-20261008-1293,guest-0027,False,PWA,110408,"[""all"", ""smoothie"", ""ade"", ""decaf""]",True,OPTION_MODAL,PRICE_HIGH,,2026-10-07T20:54:48Z
ses-20261008-1294,usr-0127,True,PWA,124562,"[""all"", ""smoothie"", ""tea"", ""coffee""]",False,,,ORD-1159,2026-09-30T03:46:35Z
ses-20261008-1295,usr-0220,True,PWA,23549,"[""all"", ""decaf"", ""smoothie""]",False,,,ORD-1160,2026-10-05T04:41:39Z
ses-20261008-1296,guest-0061,False,PWA,132862,"[""all"", ""tea"", ""smoothie""]",False,,,ORD-1161,2026-09-23T16:46:59Z
ses-20261008-1297,usr-0128,True,PWA,66427,"[""all"", ""decaf""]",False,,,ORD-1162,2026-10-01T20:09:53Z
ses-20261008-1298,guest-0062,False,PWA,124372,"[""all"", ""decaf""]",False,,,ORD-1163,2026-09-17T03:01:42Z
ses-20261008-1299,usr-0346,True,PWA,107725,"[""all"", ""tea""]",False,,,ORD-1164,2026-09-21T01:04:34Z
ses-20261008-1300,usr-0025,True,PWA,22198,"[""all"", ""decaf""]",False,,,ORD-1165,2026-09-27T21:44:56Z
ses-20261008-1301,guest-0076,False,PWA,157683,"[""all"", ""decaf"", ""tea"", ""smoothie""]",False,,,ORD-1166,2026-09-17T20:10:40Z
ses-20261008-1302,guest-0178,False,PWA,118472,"[""all"", ""coffee""]",False,,,ORD-1167,2026-10-03T03:56:02Z
ses-20261008-1303,guest-0005,False,PWA,142545,"[""all"", ""tea"", ""smoothie"", ""ade"", ""decaf""]",False,,,ORD-1168,2026-09-22T01:33:27Z
ses-20261008-1304,guest-0039,False,PWA,148352,"[""all"", ""ade""]",False,,,ORD-1169,2026-09-15T21:28:35Z
ses-20261008-1305,guest-0163,False,PWA,134428,"[""all"", ""tea""]",False,,,ORD-1170,2026-10-07T20:21:57Z
ses-20261008-1306,guest-0121,False,PWA,136013,"[""all"", ""tea""]",False,,,ORD-1171,2026-09-21T16:49:29Z
ses-20261008-1307,guest-0134,False,PWA,101148,"[""all"", ""smoothie""]",False,,,ORD-1172,2026-10-04T23:37:50Z
ses-20261008-1308,guest-0103,False,PWA,115171,"[""all"", ""ade"", ""smoothie"", ""decaf"", ""coffee""]",False,,,ORD-1173,2026-10-05T21:53:50Z
ses-20261008-1309,usr-0170,True,PWA,75923,"[""all"", ""smoothie"", ""tea""]",False,,,ORD-1174,2026-09-26T21:01:00Z
ses-20261008-1310,usr-0368,True,PWA,88027,"[""all"", ""coffee""]",False,,,ORD-1175,2026-09-16T16:36:32Z
ses-20261008-1311,usr-0277,True,PWA,23813,"[""all"", ""smoothie""]",False,,,ORD-1176,2026-10-06T16:23:52Z
ses-20261008-1312,usr-0393,True,PWA,107059,"[""all"", ""smoothie""]",False,,,ORD-1177,2026-09-29T17:59:24Z
ses-20261008-1313,usr-0292,True,PWA,80518,"[""all"", ""tea""]",False,,,ORD-1178,2026-09-27T02:57:21Z
ses-20261008-1314,usr-0115,True,PWA,124626,"[""all"", ""ade""]",False,,,ORD-1179,2026-10-04T16:44:20Z
ses-20261008-1315,usr-0192,True,PWA,90158,"[""all"", ""tea""]",False,,,ORD-1180,2026-09-30T17:20:09Z
ses-20261008-1316,usr-0030,True,PWA,80522,"[""all"", ""coffee""]",False,,,ORD-1181,2026-09-22T00:43:54Z
ses-20261008-1317,usr-0012,True,PWA,26485,"[""all"", ""decaf""]",False,,,ORD-1182,2026-10-03T16:51:45Z
ses-20261008-1318,guest-0073,False,PWA,91441,"[""all"", ""tea"", ""decaf"", ""smoothie""]",False,,,ORD-1183,2026-09-30T21:05:08Z
ses-20261008-1319,usr-0258,True,PWA,81565,"[""all"", ""decaf"", ""smoothie""]",False,,,ORD-1184,2026-10-07T20:12:13Z
ses-20261008-1320,guest-0182,False,PWA,115285,"[""all"", ""ade""]",False,,,ORD-1185,2026-09-21T20:02:05Z
ses-20261008-1321,usr-0185,True,PWA,134051,"[""all"", ""coffee"", ""tea"", ""decaf""]",True,PAY_POPUP,TIMEOUT_60S,,2026-09-20T16:43:36Z
ses-20261008-1322,guest-0053,False,PWA,126880,"[""all"", ""smoothie""]",False,,,ORD-1186,2026-09-18T20:14:48Z
ses-20261008-1323,usr-0289,True,PWA,154454,"[""all"", ""coffee""]",False,,,ORD-1187,2026-09-17T21:18:02Z
ses-20261008-1324,usr-0030,True,PWA,26539,"[""all"", ""smoothie""]",False,,,ORD-1188,2026-10-07T21:48:45Z
ses-20261008-1325,guest-0129,False,PWA,82949,"[""all"", ""smoothie"", ""coffee"", ""decaf""]",False,,,ORD-1189,2026-10-08T16:20:49Z
ses-20261008-1326,usr-0306,True,PWA,93651,"[""all"", ""tea""]",False,,,ORD-1190,2026-09-27T20:55:45Z
ses-20261008-1327,usr-0287,True,PWA,32539,"[""all"", ""coffee""]",False,,,ORD-1191,2026-09-28T16:13:19Z
ses-20261008-1328,usr-0099,True,PWA,77222,"[""all"", ""coffee""]",False,,,ORD-1192,2026-10-04T23:15:29Z
ses-20261008-1329,guest-0092,False,PWA,157326,"[""all"", ""decaf"", ""smoothie""]",False,,,ORD-1193,2026-09-26T02:13:39Z
ses-20261008-1330,guest-0051,False,PWA,91923,"[""all"", ""coffee"", ""ade""]",False,,,ORD-1194,2026-09-27T23:09:15Z
ses-20261008-1331,guest-0183,False,PWA,128729,"[""all"", ""coffee""]",False,,,ORD-1195,2026-09-23T16:31:49Z
ses-20261008-1332,guest-0065,False,PWA,83974,"[""all"", ""tea"", ""smoothie""]",False,,,ORD-1196,2026-09-17T20:34:07Z
ses-20261008-1333,usr-0312,True,PWA,52615,"[""all"", ""ade""]",False,,,ORD-1197,2026-09-20T20:50:21Z
ses-20261008-1334,usr-0137,True,PWA,142559,"[""all"", ""ade""]",False,,,ORD-1198,2026-09-15T17:40:43Z
ses-20261008-1335,usr-0212,True,PWA,81146,"[""all"", ""tea""]",False,,,ORD-1199,2026-10-06T02:31:49Z
ses-20261008-1336,usr-0272,True,PWA,126849,"[""all"", ""smoothie"", ""coffee"", ""ade""]",False,,,ORD-1200,2026-09-22T20:37:20Z
ses-20261008-1337,guest-0062,False,PWA,140600,"[""all"", ""smoothie""]",False,,,ORD-1201,2026-09-24T00:35:17Z
ses-20261008-1338,usr-0182,True,PWA,112078,"[""all"", ""tea""]",False,,,ORD-1202,2026-09-23T17:27:36Z
ses-20261008-1339,usr-0257,True,PWA,97252,"[""all"", ""coffee"", ""smoothie""]",False,,,ORD-1203,2026-09-16T02:26:59Z
ses-20261008-1340,guest-0132,False,PWA,84067,"[""all"", ""coffee"", ""decaf"", ""tea""]",False,,,ORD-1204,2026-10-04T20:43:43Z
ses-20261008-1341,usr-0139,True,PWA,85879,"[""all"", ""ade"", ""tea"", ""decaf""]",True,OPTION_MODAL,PRICE_HIGH,,2026-10-03T17:05:44Z
ses-20261008-1342,guest-0199,False,PWA,65496,"[""all"", ""decaf"", ""smoothie""]",False,,,ORD-1205,2026-09-19T23:40:13Z
ses-20261008-1343,guest-0097,False,PWA,133411,"[""all"", ""decaf""]",False,,,ORD-1206,2026-09-23T21:06:52Z
ses-20261008-1344,usr-0370,True,PWA,93119,"[""all"", ""ade""]",True,CART_SHEET,PRICE_HIGH,,2026-09-15T20:07:26Z
ses-20261008-1345,usr-0333,True,PWA,108842,"[""all"", ""decaf""]",False,,,ORD-1207,2026-09-18T04:54:32Z
ses-20261008-1346,usr-0334,True,PWA,101117,"[""all"", ""smoothie"", ""ade"", ""decaf"", ""tea""]",True,CART_SHEET,WAIT_TIME_LONG,,2026-09-26T02:15:31Z
ses-20261008-1347,usr-0062,True,PWA,98480,"[""all"", ""tea"", ""coffee"", ""ade""]",False,,,ORD-1208,2026-10-05T16:11:21Z
ses-20261008-1348,usr-0278,True,PWA,102143,"[""all"", ""ade"", ""smoothie"", ""coffee""]",False,,,ORD-1209,2026-09-28T20:35:13Z
ses-20261008-1349,usr-0126,True,PWA,105246,"[""all"", ""smoothie"", ""decaf""]",False,,,ORD-1210,2026-09-30T20:33:40Z
ses-20261008-1350,usr-0305,True,PWA,110751,"[""all"", ""smoothie""]",False,,,ORD-1211,2026-09-19T21:31:46Z
ses-20261008-1351,usr-0227,True,PWA,73718,"[""all"", ""decaf""]",False,,,ORD-1212,2026-09-19T21:23:43Z
ses-20261008-1352,usr-0077,True,PWA,114797,"[""all"", ""tea"", ""coffee"", ""smoothie"", ""ade""]",False,,,ORD-1213,2026-09-16T16:25:39Z
ses-20261008-1353,usr-0314,True,PWA,145276,"[""all"", ""coffee"", ""smoothie"", ""decaf""]",True,OPTION_MODAL,WAIT_TIME_LONG,,2026-10-08T01:48:49Z
ses-20261008-1354,usr-0065,True,PWA,30011,"[""all"", ""decaf"", ""coffee""]",False,,,ORD-1214,2026-09-25T23:30:48Z
ses-20261008-1355,guest-0197,False,PWA,124787,"[""all"", ""tea"", ""decaf""]",False,,,ORD-1215,2026-09-28T20:12:08Z
ses-20261008-1356,guest-0128,False,PWA,125991,"[""all"", ""coffee""]",False,,,ORD-1216,2026-10-06T17:48:37Z
ses-20261008-1357,usr-0018,True,PWA,61083,"[""all"", ""tea""]",False,,,ORD-1217,2026-09-21T22:17:12Z
ses-20261008-1358,usr-0007,True,PWA,22335,"[""all"", ""ade"", ""coffee""]",False,,,ORD-1218,2026-09-23T21:06:37Z
ses-20261008-1359,guest-0168,False,PWA,100258,"[""all"", ""ade""]",False,,,ORD-1219,2026-10-05T21:54:45Z
ses-20261008-1360,usr-0366,True,PWA,94027,"[""all"", ""decaf"", ""smoothie"", ""ade"", ""tea""]",False,,,ORD-1220,2026-09-19T21:12:41Z
ses-20261008-1361,usr-0311,True,PWA,89855,"[""all"", ""tea"", ""coffee"", ""ade""]",True,CART_SHEET,PRICE_HIGH,,2026-09-30T04:43:33Z
ses-20261008-1362,usr-0177,True,PWA,127028,"[""all"", ""smoothie""]",True,PAY_POPUP,TIMEOUT_60S,,2026-09-26T22:08:21Z
ses-20261008-1363,usr-0235,True,PWA,86278,"[""all"", ""ade""]",False,,,ORD-1221,2026-09-23T03:26:30Z
ses-20261008-1364,usr-0241,True,PWA,23931,"[""all"", ""smoothie"", ""tea""]",False,,,ORD-1222,2026-09-27T16:20:22Z
ses-20261008-1365,usr-0306,True,PWA,79513,"[""all"", ""tea""]",False,,,ORD-1223,2026-10-04T17:58:38Z
ses-20261008-1366,usr-0077,True,PWA,139154,"[""all"", ""smoothie"", ""tea""]",False,,,ORD-1224,2026-10-08T22:42:09Z
ses-20261008-1367,usr-0259,True,PWA,18928,"[""all"", ""smoothie""]",False,,,ORD-1225,2026-09-29T16:38:04Z
ses-20261008-1368,guest-0054,False,PWA,96426,"[""all"", ""decaf"", ""tea""]",False,,,ORD-1226,2026-10-08T17:19:59Z
ses-20261008-1369,guest-0158,False,PWA,119756,"[""all"", ""ade"", ""decaf"", ""smoothie""]",False,,,ORD-1227,2026-10-06T16:31:06Z
ses-20261008-1370,guest-0055,False,PWA,134433,"[""all"", ""coffee"", ""ade""]",True,CART_SHEET,PRICE_HIGH,,2026-10-08T02:34:28Z
ses-20261008-1371,usr-0045,True,PWA,37590,"[""all"", ""decaf""]",False,,,ORD-1228,2026-10-02T17:47:28Z
ses-20261008-1372,usr-0383,True,PWA,117617,"[""all"", ""decaf"", ""smoothie"", ""tea""]",True,PAY_POPUP,PRICE_HIGH,,2026-09-25T16:02:32Z
ses-20261008-1373,guest-0060,False,PWA,116874,"[""all"", ""coffee""]",False,,,ORD-1229,2026-09-26T17:38:21Z
ses-20261008-1374,guest-0151,False,PWA,100003,"[""all"", ""smoothie""]",True,PAY_POPUP,PRICE_HIGH,,2026-09-16T17:16:28Z
ses-20261008-1375,usr-0042,True,PWA,86779,"[""all"", ""tea""]",False,,,ORD-1230,2026-09-28T16:07:51Z
ses-20261008-1376,usr-0022,True,PWA,116028,"[""all"", ""decaf""]",False,,,ORD-1231,2026-09-24T16:13:13Z
ses-20261008-1377,usr-0266,True,PWA,134968,"[""all"", ""ade"", ""smoothie"", ""coffee""]",True,OPTION_MODAL,PRICE_HIGH,,2026-09-15T16:04:11Z
ses-20261008-1378,guest-0168,False,PWA,117147,"[""all"", ""ade""]",False,,,ORD-1232,2026-09-17T20:12:58Z
ses-20261008-1379,usr-0339,True,PWA,30532,"[""all"", ""decaf"", ""tea""]",False,,,ORD-1233,2026-09-30T16:34:00Z
ses-20261008-1380,guest-0094,False,PWA,143635,"[""all"", ""decaf""]",False,,,ORD-1234,2026-09-15T20:38:27Z
ses-20261008-1381,usr-0341,True,PWA,100287,"[""all"", ""smoothie"", ""decaf""]",False,,,ORD-1235,2026-09-17T02:30:55Z
ses-20261008-1382,guest-0185,False,PWA,85974,"[""all"", ""ade"", ""coffee"", ""tea"", ""decaf""]",False,,,ORD-1236,2026-09-16T20:24:37Z
ses-20261008-1383,guest-0172,False,PWA,144547,"[""all"", ""decaf"", ""tea""]",True,OPTION_MODAL,TIMEOUT_60S,,2026-10-07T20:55:43Z
ses-20261008-1384,guest-0035,False,PWA,83712,"[""all"", ""ade"", ""smoothie""]",False,,,ORD-1237,2026-09-16T20:14:07Z
ses-20261008-1385,usr-0056,True,PWA,104898,"[""all"", ""tea""]",False,,,ORD-1238,2026-10-03T22:18:22Z
ses-20261008-1386,guest-0105,False,PWA,101653,"[""all"", ""coffee"", ""ade""]",False,,,ORD-1239,2026-09-16T22:44:39Z
ses-20261008-1387,guest-0003,False,PWA,82842,"[""all"", ""coffee"", ""smoothie"", ""decaf""]",False,,,ORD-1240,2026-10-03T21:53:58Z
ses-20261008-1388,usr-0133,True,PWA,110153,"[""all"", ""decaf""]",False,,,ORD-1241,2026-09-19T21:05:19Z
ses-20261008-1389,usr-0148,True,PWA,132018,"[""all"", ""ade"", ""tea"", ""coffee""]",False,,,ORD-1242,2026-09-29T21:38:05Z
ses-20261008-1390,guest-0035,False,PWA,98382,"[""all"", ""smoothie""]",False,,,ORD-1243,2026-10-06T21:24:05Z
ses-20261008-1391,guest-0141,False,PWA,126195,"[""all"", ""coffee"", ""smoothie""]",True,PAY_POPUP,TIMEOUT_60S,,2026-10-05T04:26:30Z
ses-20261008-1392,guest-0128,False,PWA,85886,"[""all"", ""tea""]",False,,,ORD-1244,2026-09-19T16:20:09Z
ses-20261008-1393,usr-0029,True,PWA,124260,"[""all"", ""tea"", ""ade"", ""coffee""]",True,PAY_POPUP,TIMEOUT_60S,,2026-09-25T22:40:23Z
ses-20261008-1394,guest-0005,False,PWA,115529,"[""all"", ""tea""]",False,,,ORD-1245,2026-09-25T20:18:42Z
ses-20261008-1395,guest-0179,False,PWA,71409,"[""all"", ""decaf"", ""smoothie"", ""ade""]",False,,,ORD-1246,2026-10-06T00:55:01Z
ses-20261008-1396,usr-0272,True,PWA,66923,"[""all"", ""decaf"", ""coffee"", ""ade""]",False,,,ORD-1247,2026-09-19T16:31:39Z
ses-20261008-1397,usr-0186,True,PWA,44656,"[""all"", ""tea""]",False,,,ORD-1248,2026-10-01T21:49:55Z
ses-20261008-1398,usr-0060,True,PWA,103351,"[""all"", ""decaf"", ""coffee""]",False,,,ORD-1249,2026-09-18T04:43:35Z
ses-20261008-1399,usr-0194,True,PWA,87866,"[""all"", ""ade"", ""decaf"", ""smoothie"", ""tea""]",False,,,ORD-1250,2026-10-07T16:34:34Z
ses-20261008-1400,guest-0182,False,PWA,107035,"[""all"", ""ade""]",False,,,ORD-1251,2026-09-19T20:42:41Z
ses-20261008-1401,guest-0092,False,PWA,117609,"[""all"", ""smoothie""]",False,,,ORD-1252,2026-09-19T21:59:19Z
ses-20261008-1402,usr-0319,True,PWA,58787,"[""all"", ""coffee""]",False,,,ORD-1253,2026-09-29T01:01:05Z
ses-20261008-1403,usr-0376,True,PWA,148402,"[""all"", ""smoothie"", ""coffee""]",False,,,ORD-1254,2026-10-01T20:53:59Z
ses-20261008-1404,usr-0148,True,PWA,103081,"[""all"", ""tea""]",False,,,ORD-1255,2026-10-03T23:13:07Z
ses-20261008-1405,guest-0135,False,PWA,35000,"[""all"", ""smoothie"", ""ade""]",False,,,ORD-1256,2026-09-22T01:19:29Z
ses-20261008-1406,guest-0141,False,PWA,149620,"[""all"", ""tea"", ""coffee""]",False,,,ORD-1257,2026-09-19T16:50:43Z
ses-20261008-1407,usr-0134,True,PWA,83598,"[""all"", ""ade""]",False,,,ORD-1258,2026-10-07T23:12:54Z
ses-20261008-1408,guest-0140,False,PWA,129054,"[""all"", ""ade""]",False,,,ORD-1259,2026-09-27T02:11:12Z
ses-20261008-1409,usr-0134,True,PWA,135078,"[""all"", ""coffee"", ""smoothie""]",False,,,ORD-1260,2026-09-20T17:47:15Z
ses-20261008-1410,guest-0149,False,PWA,107899,"[""all"", ""ade"", ""decaf"", ""coffee""]",False,,,ORD-1261,2026-09-27T04:52:35Z
ses-20261008-1411,usr-0237,True,PWA,120052,"[""all"", ""ade"", ""smoothie""]",False,,,ORD-1262,2026-09-28T21:31:23Z
ses-20261008-1412,usr-0153,True,PWA,114162,"[""all"", ""decaf""]",False,,,ORD-1263,2026-09-20T21:54:08Z
ses-20261008-1413,usr-0158,True,PWA,109513,"[""all"", ""smoothie"", ""ade""]",False,,,ORD-1264,2026-10-02T03:18:11Z
ses-20261008-1414,usr-0129,True,PWA,112156,"[""all"", ""decaf"", ""coffee""]",False,,,ORD-1265,2026-09-29T22:19:53Z
ses-20261008-1415,usr-0346,True,PWA,80401,"[""all"", ""smoothie"", ""ade""]",False,,,ORD-1266,2026-09-27T16:48:12Z
ses-20261008-1416,guest-0114,False,PWA,93433,"[""all"", ""ade""]",False,,,ORD-1267,2026-10-04T17:29:00Z
ses-20261008-1417,guest-0109,False,PWA,90661,"[""all"", ""decaf""]",False,,,ORD-1268,2026-10-01T17:48:04Z
ses-20261008-1418,usr-0211,True,PWA,123652,"[""all"", ""tea""]",False,,,ORD-1269,2026-09-23T17:03:10Z
ses-20261008-1419,guest-0133,False,PWA,143747,"[""all"", ""decaf""]",False,,,ORD-1270,2026-09-29T21:24:39Z
ses-20261008-1420,usr-0019,True,PWA,97284,"[""all"", ""smoothie""]",False,,,ORD-1271,2026-10-07T21:01:49Z
ses-20261008-1421,usr-0014,True,PWA,50137,"[""all"", ""coffee"", ""smoothie"", ""ade""]",False,,,ORD-1272,2026-09-22T21:17:35Z
ses-20261008-1422,usr-0142,True,PWA,22027,"[""all"", ""ade"", ""coffee"", ""tea"", ""smoothie""]",False,,,ORD-1273,2026-09-15T21:13:03Z
ses-20261008-1423,usr-0378,True,PWA,92734,"[""all"", ""decaf"", ""smoothie""]",False,,,ORD-1274,2026-09-19T20:55:34Z
ses-20261008-1424,usr-0293,True,PWA,88885,"[""all"", ""coffee""]",False,,,ORD-1275,2026-10-04T20:21:38Z
ses-20261008-1425,usr-0350,True,PWA,93310,"[""all"", ""smoothie""]",False,,,ORD-1276,2026-10-04T17:19:33Z
ses-20261008-1426,usr-0243,True,PWA,92027,"[""all"", ""tea"", ""smoothie"", ""coffee""]",False,,,ORD-1277,2026-10-01T21:01:51Z
ses-20261008-1427,guest-0154,False,PWA,86074,"[""all"", ""decaf"", ""coffee"", ""smoothie""]",False,,,ORD-1278,2026-09-20T17:59:06Z
ses-20261008-1428,usr-0356,True,PWA,80950,"[""all"", ""coffee""]",False,,,ORD-1279,2026-10-01T22:31:37Z
ses-20261008-1429,usr-0233,True,PWA,14934,"[""all"", ""decaf"", ""tea""]",False,,,ORD-1280,2026-10-01T17:28:33Z
ses-20261008-1430,guest-0169,False,PWA,99625,"[""all"", ""decaf"", ""tea"", ""smoothie""]",False,,,ORD-1281,2026-09-24T20:55:18Z
ses-20261008-1431,guest-0110,False,PWA,127734,"[""all"", ""ade"", ""decaf""]",False,,,ORD-1282,2026-10-01T00:47:39Z
ses-20261008-1432,usr-0237,True,PWA,20078,"[""all"", ""ade"", ""tea""]",False,,,ORD-1283,2026-10-06T03:00:54Z
ses-20261008-1433,usr-0067,True,PWA,30073,"[""all"", ""tea""]",False,,,ORD-1284,2026-10-05T04:39:25Z
ses-20261008-1434,usr-0306,True,PWA,99163,"[""all"", ""coffee"", ""tea""]",False,,,ORD-1285,2026-10-05T21:17:51Z
ses-20261008-1435,guest-0002,False,PWA,115734,"[""all"", ""tea"", ""coffee"", ""ade""]",False,,,ORD-1286,2026-09-15T16:05:42Z
ses-20261008-1436,usr-0363,True,PWA,99059,"[""all"", ""decaf"", ""smoothie"", ""coffee""]",False,,,ORD-1287,2026-09-29T17:28:48Z
ses-20261008-1437,guest-0096,False,PWA,128541,"[""all"", ""decaf"", ""tea""]",True,OPTION_MODAL,WAIT_TIME_LONG,,2026-09-17T21:09:55Z
ses-20261008-1438,guest-0094,False,PWA,96043,"[""all"", ""coffee"", ""ade""]",False,,,ORD-1288,2026-10-05T21:49:33Z
ses-20261008-1439,guest-0068,False,PWA,124003,"[""all"", ""coffee"", ""ade""]",True,CART_SHEET,WAIT_TIME_LONG,,2026-10-08T21:06:43Z
ses-20261008-1440,guest-0189,False,PWA,143265,"[""all"", ""ade""]",False,,,ORD-1289,2026-09-15T20:41:16Z
ses-20261008-1441,usr-0262,True,PWA,64818,"[""all"", ""ade""]",False,,,ORD-1290,2026-09-17T23:42:09Z
ses-20261008-1442,guest-0189,False,PWA,63517,"[""all"", ""coffee"", ""decaf""]",False,,,ORD-1291,2026-10-03T23:30:38Z
ses-20261008-1443,usr-0214,True,PWA,88970,"[""all"", ""smoothie""]",False,,,ORD-1292,2026-09-30T04:54:57Z
ses-20261008-1444,usr-0011,True,PWA,80535,"[""all"", ""smoothie"", ""tea"", ""ade"", ""decaf""]",False,,,ORD-1293,2026-09-27T16:58:49Z
ses-20261008-1445,usr-0174,True,PWA,31193,"[""all"", ""ade"", ""decaf""]",False,,,ORD-1294,2026-09-25T03:35:15Z
ses-20261008-1446,usr-0286,True,PWA,56032,"[""all"", ""smoothie"", ""decaf""]",False,,,ORD-1295,2026-10-06T17:50:59Z
ses-20261008-1447,usr-0214,True,PWA,65614,"[""all"", ""ade""]",False,,,ORD-1296,2026-10-07T16:05:30Z
ses-20261008-1448,usr-0125,True,PWA,21210,"[""all"", ""decaf"", ""ade""]",False,,,ORD-1297,2026-09-17T21:02:33Z
ses-20261008-1449,guest-0142,False,PWA,117694,"[""all"", ""tea"", ""coffee"", ""smoothie""]",False,,,ORD-1298,2026-09-21T20:06:23Z
ses-20261008-1450,guest-0140,False,PWA,138195,"[""all"", ""decaf"", ""tea""]",False,,,ORD-1299,2026-10-02T20:41:04Z
ses-20261008-1451,guest-0035,False,PWA,87511,"[""all"", ""tea"", ""ade""]",False,,,ORD-1300,2026-10-08T16:19:32Z
ses-20261008-1452,usr-0086,True,PWA,115578,"[""all"", ""ade""]",False,,,ORD-1301,2026-09-30T21:26:15Z
ses-20261008-1453,usr-0046,True,PWA,83653,"[""all"", ""decaf"", ""ade""]",False,,,ORD-1302,2026-09-25T03:24:52Z
ses-20261008-1454,guest-0195,False,PWA,143280,"[""all"", ""smoothie"", ""decaf"", ""tea"", ""coffee""]",False,,,ORD-1303,2026-09-16T01:17:49Z
ses-20261008-1455,usr-0331,True,PWA,75141,"[""all"", ""tea"", ""smoothie"", ""coffee""]",False,,,ORD-1304,2026-09-19T17:08:11Z
ses-20261008-1456,usr-0136,True,PWA,129238,"[""all"", ""ade"", ""smoothie"", ""decaf""]",False,,,ORD-1305,2026-09-25T17:43:51Z
ses-20261008-1457,usr-0181,True,PWA,25850,"[""all"", ""smoothie"", ""decaf""]",False,,,ORD-1306,2026-09-25T16:58:25Z
ses-20261008-1458,guest-0091,False,PWA,131098,"[""all"", ""tea""]",False,,,ORD-1307,2026-09-22T03:11:02Z
ses-20261008-1459,usr-0271,True,PWA,120384,"[""all"", ""coffee""]",False,,,ORD-1308,2026-09-26T20:51:21Z
ses-20261008-1460,guest-0048,False,PWA,114130,"[""all"", ""tea""]",False,,,ORD-1309,2026-09-30T20:49:17Z
ses-20261008-1461,usr-0078,True,PWA,28566,"[""all"", ""ade"", ""smoothie"", ""tea""]",False,,,ORD-1310,2026-09-19T21:22:29Z
ses-20261008-1462,usr-0049,True,PWA,101252,"[""all"", ""tea"", ""coffee"", ""decaf"", ""smoothie""]",True,OPTION_MODAL,PRICE_HIGH,,2026-09-18T23:20:57Z
ses-20261008-1463,guest-0185,False,PWA,115751,"[""all"", ""tea""]",False,,,ORD-1311,2026-09-26T16:27:04Z
ses-20261008-1464,usr-0080,True,PWA,24422,"[""all"", ""tea""]",False,,,ORD-1312,2026-09-16T16:39:08Z
ses-20261008-1465,guest-0045,False,PWA,53490,"[""all"", ""ade"", ""coffee"", ""tea"", ""smoothie""]",False,,,ORD-1313,2026-09-22T16:57:26Z
ses-20261008-1466,usr-0183,True,PWA,131669,"[""all"", ""decaf""]",False,,,ORD-1314,2026-10-09T01:35:31Z
ses-20261008-1467,usr-0097,True,PWA,35010,"[""all"", ""ade"", ""decaf"", ""smoothie""]",False,,,ORD-1315,2026-10-03T23:01:40Z
ses-20261008-1468,guest-0149,False,PWA,128388,"[""all"", ""tea""]",False,,,ORD-1316,2026-09-24T16:45:33Z
ses-20261008-1469,usr-0036,True,PWA,21904,"[""all"", ""coffee"", ""ade""]",False,,,ORD-1317,2026-10-06T03:45:19Z
ses-20261008-1470,usr-0363,True,PWA,117954,"[""all"", ""coffee"", ""ade"", ""decaf""]",False,,,ORD-1318,2026-09-26T20:29:44Z
ses-20261008-1471,usr-0057,True,PWA,79071,"[""all"", ""tea"", ""decaf""]",False,,,ORD-1319,2026-09-20T16:35:57Z
ses-20261008-1472,usr-0182,True,PWA,93251,"[""all"", ""coffee"", ""decaf""]",False,,,ORD-1320,2026-10-04T16:44:49Z
ses-20261008-1473,usr-0368,True,PWA,150000,"[""all"", ""smoothie""]",True,PAY_POPUP,PRICE_HIGH,,2026-10-05T16:56:24Z
ses-20261008-1474,usr-0182,True,PWA,110246,"[""all"", ""ade"", ""smoothie"", ""coffee""]",False,,,ORD-1321,2026-09-20T03:36:12Z
ses-20261008-1475,usr-0218,True,PWA,132832,"[""all"", ""tea"", ""smoothie""]",False,,,ORD-1322,2026-09-19T20:28:07Z
ses-20261008-1476,usr-0002,True,PWA,27749,"[""all"", ""decaf""]",False,,,ORD-1323,2026-10-03T21:54:36Z
ses-20261008-1477,usr-0177,True,PWA,34866,"[""all"", ""smoothie"", ""coffee""]",False,,,ORD-1324,2026-10-06T21:29:52Z
ses-20261008-1478,usr-0396,True,PWA,35444,"[""all"", ""smoothie""]",False,,,ORD-1325,2026-10-08T21:19:27Z
ses-20261008-1479,usr-0304,True,PWA,132685,"[""all"", ""coffee"", ""tea"", ""smoothie""]",False,,,ORD-1326,2026-09-20T17:55:52Z
ses-20261008-1480,usr-0055,True,PWA,55270,"[""all"", ""smoothie"", ""decaf""]",False,,,ORD-1327,2026-09-28T21:56:51Z
ses-20261008-1481,usr-0192,True,PWA,81118,"[""all"", ""ade"", ""tea""]",False,,,ORD-1328,2026-10-05T04:43:21Z
ses-20261008-1482,usr-0195,True,PWA,30460,"[""all"", ""coffee"", ""decaf"", ""ade""]",False,,,ORD-1329,2026-09-23T20:09:24Z
ses-20261008-1483,usr-0285,True,PWA,109030,"[""all"", ""tea""]",False,,,ORD-1330,2026-09-30T20:20:41Z
ses-20261008-1484,guest-0065,False,PWA,81185,"[""all"", ""decaf""]",False,,,ORD-1331,2026-09-30T20:11:35Z
ses-20261008-1485,usr-0226,True,PWA,75523,"[""all"", ""tea"", ""ade"", ""smoothie""]",False,,,ORD-1332,2026-10-05T21:21:57Z
ses-20261008-1486,usr-0235,True,PWA,31772,"[""all"", ""ade""]",False,,,ORD-1333,2026-09-24T16:42:19Z
ses-20261008-1487,guest-0041,False,PWA,79803,"[""all"", ""decaf""]",False,,,ORD-1334,2026-09-16T20:46:50Z
ses-20261008-1488,guest-0118,False,PWA,129167,"[""all"", ""ade""]",False,,,ORD-1335,2026-09-16T00:20:01Z
ses-20261008-1489,usr-0179,True,PWA,93570,"[""all"", ""coffee"", ""decaf"", ""ade"", ""tea""]",False,,,ORD-1336,2026-09-23T23:07:58Z
ses-20261008-1490,guest-0163,False,PWA,91101,"[""all"", ""tea""]",False,,,ORD-1337,2026-09-17T17:45:31Z
ses-20261008-1491,guest-0083,False,PWA,94144,"[""all"", ""coffee""]",False,,,ORD-1338,2026-09-24T20:00:58Z
ses-20261008-1492,guest-0193,False,PWA,119681,"[""all"", ""coffee""]",False,,,ORD-1339,2026-09-29T17:14:17Z
ses-20261008-1493,usr-0128,True,PWA,77410,"[""all"", ""ade"", ""coffee""]",False,,,ORD-1340,2026-10-03T20:03:28Z
ses-20261008-1494,usr-0311,True,PWA,74793,"[""all"", ""ade"", ""decaf"", ""coffee"", ""smoothie""]",False,,,ORD-1341,2026-09-25T20:33:46Z
ses-20261008-1495,guest-0142,False,PWA,99857,"[""all"", ""decaf"", ""tea""]",False,,,ORD-1342,2026-09-18T20:42:23Z
ses-20261008-1496,usr-0082,True,PWA,89633,"[""all"", ""ade""]",False,,,ORD-1343,2026-10-03T21:32:07Z
ses-20261008-1497,usr-0062,True,PWA,41799,"[""all"", ""coffee""]",False,,,ORD-1344,2026-09-20T22:06:28Z
ses-20261008-1498,usr-0308,True,PWA,31152,"[""all"", ""decaf"", ""coffee""]",False,,,ORD-1345,2026-09-18T17:29:56Z
ses-20261008-1499,usr-0161,True,PWA,108817,"[""all"", ""coffee""]",False,,,ORD-1346,2026-09-21T22:35:41Z
ses-20261008-1500,usr-0372,True,PWA,126659,"[""all"", ""coffee"", ""tea""]",False,,,ORD-1347,2026-10-09T03:11:25Z
ses-20261008-1501,usr-0021,True,PWA,87004,"[""all"", ""tea""]",False,,,ORD-1348,2026-09-29T20:19:49Z
ses-20261008-1502,guest-0180,False,PWA,76679,"[""all"", ""ade""]",False,,,ORD-1349,2026-09-30T20:04:02Z
ses-20261008-1503,guest-0127,False,PWA,150000,"[""all"", ""tea""]",True,OPTION_MODAL,PRICE_HIGH,,2026-09-19T17:51:08Z
ses-20261008-1504,usr-0092,True,PWA,12000,"[""all"", ""tea"", ""ade"", ""smoothie"", ""coffee""]",False,,,ORD-1350,2026-10-01T03:48:46Z
ses-20261008-1505,guest-0166,False,PWA,93879,"[""all"", ""decaf"", ""smoothie"", ""ade""]",False,,,ORD-1351,2026-09-22T04:10:49Z
ses-20261008-1506,usr-0219,True,PWA,89860,"[""all"", ""ade"", ""tea""]",False,,,ORD-1352,2026-10-06T20:43:05Z
ses-20261008-1507,usr-0313,True,PWA,68462,"[""all"", ""smoothie""]",False,,,ORD-1353,2026-10-05T01:12:50Z
ses-20261008-1508,usr-0184,True,PWA,125455,"[""all"", ""ade"", ""coffee""]",False,,,ORD-1354,2026-09-23T23:57:23Z
ses-20261008-1509,usr-0383,True,PWA,131206,"[""all"", ""ade""]",True,OPTION_MODAL,TIMEOUT_60S,,2026-10-08T02:01:38Z
ses-20261008-1510,usr-0310,True,PWA,80093,"[""all"", ""smoothie""]",False,,,ORD-1355,2026-09-16T03:46:01Z
ses-20261008-1511,guest-0174,False,PWA,135457,"[""all"", ""coffee""]",False,,,ORD-1356,2026-09-20T16:08:33Z
ses-20261008-1512,guest-0082,False,PWA,72228,"[""all"", ""ade""]",False,,,ORD-1357,2026-09-20T02:04:57Z
ses-20261008-1513,guest-0062,False,PWA,114391,"[""all"", ""tea""]",True,PAY_POPUP,TIMEOUT_60S,,2026-09-19T04:32:25Z
ses-20261008-1514,usr-0273,True,PWA,119281,"[""all"", ""decaf""]",True,CART_SHEET,PRICE_HIGH,,2026-09-18T20:15:45Z
ses-20261008-1515,usr-0023,True,PWA,20455,"[""all"", ""coffee"", ""decaf""]",False,,,ORD-1358,2026-09-19T16:19:04Z
ses-20261008-1516,guest-0073,False,PWA,83710,"[""all"", ""tea"", ""decaf"", ""coffee""]",False,,,ORD-1359,2026-10-03T21:55:58Z
ses-20261008-1517,usr-0203,True,PWA,23009,"[""all"", ""ade""]",False,,,ORD-1360,2026-09-15T17:07:12Z
ses-20261008-1518,usr-0119,True,PWA,63847,"[""all"", ""smoothie"", ""tea"", ""ade"", ""coffee""]",False,,,ORD-1361,2026-10-05T03:48:55Z
ses-20261008-1519,usr-0367,True,PWA,16387,"[""all"", ""smoothie"", ""ade""]",False,,,ORD-1362,2026-10-03T03:31:27Z
ses-20261008-1520,usr-0273,True,PWA,108566,"[""all"", ""coffee"", ""ade""]",False,,,ORD-1363,2026-10-03T17:41:40Z
ses-20261008-1521,guest-0166,False,PWA,82486,"[""all"", ""coffee"", ""smoothie""]",False,,,ORD-1364,2026-10-08T23:17:07Z
ses-20261008-1522,usr-0099,True,PWA,117830,"[""all"", ""tea""]",True,CART_SHEET,WAIT_TIME_LONG,,2026-10-03T17:15:42Z
ses-20261008-1523,usr-0230,True,PWA,170898,"[""all"", ""tea"", ""ade"", ""decaf""]",False,,,ORD-1365,2026-09-17T21:16:01Z
ses-20261008-1524,usr-0178,True,PWA,107737,"[""all"", ""ade"", ""decaf""]",False,,,ORD-1366,2026-09-26T21:46:21Z
ses-20261008-1525,usr-0270,True,PWA,104672,"[""all"", ""tea""]",False,,,ORD-1367,2026-10-03T04:59:56Z
ses-20261008-1526,guest-0018,False,PWA,98091,"[""all"", ""ade"", ""smoothie""]",False,,,ORD-1368,2026-09-19T00:25:06Z
ses-20261008-1527,usr-0268,True,PWA,92644,"[""all"", ""ade""]",True,CART_SHEET,WAIT_TIME_LONG,,2026-09-28T17:09:27Z
ses-20261008-1528,guest-0031,False,PWA,94513,"[""all"", ""smoothie""]",False,,,ORD-1369,2026-10-01T20:14:15Z
ses-20261008-1529,usr-0217,True,PWA,144905,"[""all"", ""coffee""]",False,,,ORD-1370,2026-10-01T21:42:57Z
ses-20261008-1530,usr-0207,True,PWA,119449,"[""all"", ""coffee"", ""decaf"", ""ade""]",False,,,ORD-1371,2026-10-03T17:01:18Z
ses-20261008-1531,guest-0043,False,PWA,115423,"[""all"", ""coffee"", ""tea""]",True,PAY_POPUP,WAIT_TIME_LONG,,2026-09-29T20:57:52Z
ses-20261008-1532,usr-0196,True,PWA,108183,"[""all"", ""ade"", ""tea"", ""smoothie"", ""coffee""]",False,,,ORD-1372,2026-10-06T20:52:50Z
ses-20261008-1533,usr-0006,True,PWA,100949,"[""all"", ""coffee""]",False,,,ORD-1373,2026-09-30T17:41:37Z
ses-20261008-1534,usr-0162,True,PWA,150000,"[""all"", ""decaf""]",True,CART_SHEET,TIMEOUT_60S,,2026-09-28T17:06:43Z
ses-20261008-1535,usr-0073,True,PWA,77846,"[""all"", ""ade"", ""decaf"", ""coffee""]",False,,,ORD-1374,2026-09-28T22:34:17Z
ses-20261008-1536,guest-0080,False,PWA,163326,"[""all"", ""ade""]",False,,,ORD-1375,2026-09-16T16:08:12Z
ses-20261008-1537,usr-0173,True,PWA,139256,"[""all"", ""decaf"", ""coffee"", ""ade""]",False,,,ORD-1376,2026-09-16T03:20:02Z
ses-20261008-1538,guest-0122,False,PWA,75834,"[""all"", ""decaf"", ""smoothie"", ""tea""]",False,,,ORD-1377,2026-09-30T21:18:49Z
ses-20261008-1539,usr-0280,True,PWA,113990,"[""all"", ""tea""]",False,,,ORD-1378,2026-09-28T17:23:51Z
ses-20261008-1540,usr-0131,True,PWA,60603,"[""all"", ""tea"", ""smoothie"", ""coffee"", ""ade""]",False,,,ORD-1379,2026-09-15T21:16:51Z
ses-20261008-1541,usr-0289,True,PWA,108935,"[""all"", ""coffee"", ""smoothie"", ""tea""]",False,,,ORD-1380,2026-09-19T20:23:42Z
ses-20261008-1542,usr-0272,True,PWA,127145,"[""all"", ""tea"", ""decaf""]",False,,,ORD-1381,2026-09-24T02:29:35Z
ses-20261008-1543,guest-0091,False,PWA,94952,"[""all"", ""tea"", ""smoothie"", ""ade""]",False,,,ORD-1382,2026-10-07T21:46:32Z
ses-20261008-1544,usr-0110,True,PWA,142299,"[""all"", ""smoothie"", ""decaf"", ""coffee""]",False,,,ORD-1383,2026-10-05T03:55:42Z
ses-20261008-1545,usr-0084,True,PWA,114281,"[""all"", ""tea""]",False,,,ORD-1384,2026-10-02T20:07:01Z
ses-20261008-1546,guest-0135,False,PWA,76007,"[""all"", ""smoothie"", ""decaf"", ""tea""]",False,,,ORD-1385,2026-10-08T03:49:59Z
ses-20261008-1547,usr-0111,True,PWA,27625,"[""all"", ""coffee"", ""decaf"", ""smoothie"", ""ade""]",False,,,ORD-1386,2026-10-04T20:05:52Z
ses-20261008-1548,guest-0146,False,PWA,136259,"[""all"", ""ade"", ""decaf""]",False,,,ORD-1387,2026-10-07T00:13:55Z
ses-20261008-1549,usr-0291,True,PWA,48699,"[""all"", ""tea"", ""coffee""]",False,,,ORD-1388,2026-09-26T16:53:14Z
ses-20261008-1550,usr-0192,True,PWA,56918,"[""all"", ""coffee""]",False,,,ORD-1389,2026-10-04T20:33:09Z
ses-20261008-1551,usr-0126,True,PWA,147099,"[""all"", ""coffee""]",False,,,ORD-1390,2026-10-05T04:20:36Z
ses-20261008-1552,usr-0008,True,PWA,75801,"[""all"", ""decaf"", ""ade"", ""coffee""]",False,,,ORD-1391,2026-10-02T20:50:27Z
ses-20261008-1553,usr-0179,True,PWA,122209,"[""all"", ""ade"", ""coffee""]",False,,,ORD-1392,2026-10-02T01:20:21Z
ses-20261008-1554,usr-0257,True,PWA,116767,"[""all"", ""tea""]",False,,,ORD-1393,2026-09-29T02:34:58Z
ses-20261008-1555,usr-0250,True,PWA,142601,"[""all"", ""tea"", ""ade""]",False,,,ORD-1394,2026-09-27T16:59:18Z
ses-20261008-1556,usr-0357,True,PWA,21663,"[""all"", ""coffee""]",False,,,ORD-1395,2026-09-26T21:17:39Z
ses-20261008-1557,usr-0335,True,PWA,21281,"[""all"", ""coffee"", ""tea""]",False,,,ORD-1396,2026-10-03T21:13:29Z
ses-20261008-1558,guest-0140,False,PWA,74910,"[""all"", ""decaf"", ""tea""]",False,,,ORD-1397,2026-09-15T16:18:02Z
ses-20261008-1559,guest-0200,False,PWA,114607,"[""all"", ""smoothie"", ""coffee"", ""decaf"", ""tea""]",False,,,ORD-1398,2026-09-22T20:30:13Z
ses-20261008-1560,usr-0157,True,PWA,119369,"[""all"", ""decaf""]",False,,,ORD-1399,2026-09-20T17:24:01Z
ses-20261008-1561,usr-0104,True,PWA,121833,"[""all"", ""tea""]",False,,,ORD-1400,2026-09-23T16:52:40Z
ses-20261008-1562,usr-0023,True,PWA,23016,"[""all"", ""ade""]",False,,,ORD-1401,2026-09-28T17:17:24Z
ses-20261008-1563,usr-0339,True,PWA,146883,"[""all"", ""coffee"", ""smoothie""]",False,,,ORD-1402,2026-10-01T03:12:24Z
ses-20261008-1564,usr-0063,True,PWA,75794,"[""all"", ""smoothie""]",False,,,ORD-1403,2026-10-01T17:19:04Z
ses-20261008-1565,guest-0176,False,PWA,100255,"[""all"", ""decaf"", ""tea""]",False,,,ORD-1404,2026-10-03T16:08:13Z
ses-20261008-1566,guest-0124,False,PWA,92395,"[""all"", ""smoothie"", ""decaf"", ""coffee"", ""tea""]",False,,,ORD-1405,2026-09-17T21:07:46Z
ses-20261008-1567,guest-0103,False,PWA,124342,"[""all"", ""smoothie"", ""decaf"", ""coffee""]",False,,,ORD-1406,2026-09-27T01:24:25Z
ses-20261008-1568,usr-0252,True,PWA,124526,"[""all"", ""decaf"", ""smoothie""]",False,,,ORD-1407,2026-09-26T17:33:08Z
ses-20261008-1569,guest-0044,False,PWA,83984,"[""all"", ""decaf""]",False,,,ORD-1408,2026-10-05T01:50:43Z
ses-20261008-1570,usr-0046,True,PWA,123206,"[""all"", ""coffee""]",False,,,ORD-1409,2026-10-02T20:15:52Z
ses-20261008-1571,usr-0079,True,PWA,12000,"[""all"", ""decaf""]",False,,,ORD-1410,2026-10-03T21:04:17Z
ses-20261008-1572,usr-0293,True,PWA,28826,"[""all"", ""tea""]",False,,,ORD-1411,2026-10-02T17:45:59Z
ses-20261008-1573,usr-0278,True,PWA,134927,"[""all"", ""smoothie"", ""ade""]",False,,,ORD-1412,2026-10-08T00:45:56Z
ses-20261008-1574,guest-0155,False,PWA,83021,"[""all"", ""smoothie"", ""ade""]",False,,,ORD-1413,2026-09-24T21:45:10Z
ses-20261008-1575,guest-0002,False,PWA,101519,"[""all"", ""coffee"", ""ade""]",False,,,ORD-1414,2026-09-19T21:52:04Z
ses-20261008-1576,usr-0325,True,PWA,55744,"[""all"", ""ade""]",False,,,ORD-1415,2026-09-24T04:50:24Z
ses-20261008-1577,usr-0109,True,PWA,112236,"[""all"", ""smoothie"", ""tea""]",False,,,ORD-1416,2026-10-06T20:18:12Z
ses-20261008-1578,guest-0016,False,PWA,104933,"[""all"", ""ade"", ""coffee""]",False,,,ORD-1417,2026-09-20T04:19:12Z
ses-20261008-1579,usr-0300,True,PWA,132082,"[""all"", ""tea"", ""ade""]",False,,,ORD-1418,2026-10-06T04:38:50Z
ses-20261008-1580,guest-0122,False,PWA,106310,"[""all"", ""smoothie""]",False,,,ORD-1419,2026-10-05T21:27:22Z
ses-20261008-1581,usr-0220,True,PWA,147241,"[""all"", ""decaf"", ""tea""]",True,PAY_POPUP,PRICE_HIGH,,2026-09-18T16:37:13Z
ses-20261008-1582,guest-0089,False,PWA,138611,"[""all"", ""tea""]",False,,,ORD-1420,2026-09-17T02:13:56Z
ses-20261008-1583,usr-0093,True,PWA,77826,"[""all"", ""decaf"", ""coffee""]",False,,,ORD-1421,2026-09-25T01:12:13Z
ses-20261008-1584,usr-0237,True,PWA,20041,"[""all"", ""coffee""]",False,,,ORD-1422,2026-10-07T03:51:11Z
ses-20261008-1585,usr-0345,True,PWA,25647,"[""all"", ""ade""]",False,,,ORD-1423,2026-09-25T20:00:45Z
ses-20261008-1586,usr-0076,True,PWA,118122,"[""all"", ""tea"", ""decaf""]",False,,,ORD-1424,2026-09-20T20:40:03Z
ses-20261008-1587,guest-0115,False,PWA,99410,"[""all"", ""tea"", ""decaf""]",False,,,ORD-1425,2026-10-02T17:06:03Z
ses-20261008-1588,usr-0244,True,PWA,109164,"[""all"", ""coffee"", ""smoothie""]",False,,,ORD-1426,2026-09-30T03:25:23Z
ses-20261008-1589,guest-0091,False,PWA,76455,"[""all"", ""coffee"", ""ade""]",False,,,ORD-1427,2026-10-06T01:54:55Z
ses-20261008-1590,guest-0102,False,PWA,110303,"[""all"", ""decaf"", ""smoothie""]",False,,,ORD-1428,2026-10-03T21:45:52Z
ses-20261008-1591,usr-0203,True,PWA,16974,"[""all"", ""decaf""]",False,,,ORD-1429,2026-10-08T17:40:08Z
ses-20261008-1592,usr-0118,True,PWA,147512,"[""all"", ""smoothie""]",False,,,ORD-1430,2026-09-30T20:17:04Z
ses-20261008-1593,guest-0093,False,PWA,96556,"[""all"", ""tea""]",False,,,ORD-1431,2026-10-06T00:57:42Z
ses-20261008-1594,guest-0051,False,PWA,68643,"[""all"", ""ade""]",False,,,ORD-1432,2026-10-04T17:34:59Z
ses-20261008-1595,usr-0201,True,PWA,107861,"[""all"", ""coffee"", ""ade""]",False,,,ORD-1433,2026-09-27T20:27:59Z
ses-20261008-1596,usr-0290,True,PWA,101725,"[""all"", ""tea"", ""smoothie""]",False,,,ORD-1434,2026-09-19T16:20:28Z
ses-20261008-1597,guest-0175,False,PWA,126818,"[""all"", ""smoothie"", ""decaf"", ""coffee"", ""ade""]",False,,,ORD-1435,2026-09-22T17:56:56Z
ses-20261008-1598,guest-0158,False,PWA,111267,"[""all"", ""coffee"", ""tea"", ""ade"", ""smoothie""]",False,,,ORD-1436,2026-09-20T17:38:57Z
ses-20261008-1599,usr-0127,True,PWA,108275,"[""all"", ""smoothie""]",False,,,ORD-1437,2026-10-02T17:37:47Z
ses-20261008-1600,usr-0081,True,PWA,88322,"[""all"", ""decaf""]",False,,,ORD-1438,2026-09-21T02:04:24Z
ses-20261008-1601,guest-0102,False,PWA,110688,"[""all"", ""coffee""]",False,,,ORD-1439,2026-10-05T23:43:04Z
ses-20261008-1602,usr-0010,True,PWA,117430,"[""all"", ""decaf""]",False,,,ORD-1440,2026-09-22T17:31:40Z
ses-20261008-1603,usr-0109,True,PWA,62121,"[""all"", ""tea""]",False,,,ORD-1441,2026-09-21T03:33:15Z
ses-20261008-1604,usr-0367,True,PWA,101469,"[""all"", ""tea""]",False,,,ORD-1442,2026-10-07T20:08:30Z
ses-20261008-1605,usr-0291,True,PWA,73302,"[""all"", ""coffee""]",False,,,ORD-1443,2026-10-05T16:10:07Z
ses-20261008-1606,usr-0076,True,PWA,81661,"[""all"", ""smoothie""]",False,,,ORD-1444,2026-10-05T23:05:14Z
ses-20261008-1607,usr-0052,True,PWA,80149,"[""all"", ""smoothie""]",True,OPTION_MODAL,PRICE_HIGH,,2026-10-09T01:28:32Z
ses-20261008-1608,guest-0154,False,PWA,113246,"[""all"", ""ade"", ""tea""]",False,,,ORD-1445,2026-09-15T16:21:12Z
ses-20261008-1609,usr-0185,True,PWA,102932,"[""all"", ""ade""]",False,,,ORD-1446,2026-09-21T17:49:04Z
ses-20261008-1610,usr-0376,True,PWA,125500,"[""all"", ""ade""]",False,,,ORD-1447,2026-09-15T20:01:41Z
ses-20261008-1611,usr-0329,True,PWA,150000,"[""all"", ""tea""]",True,OPTION_MODAL,PRICE_HIGH,,2026-10-05T02:59:46Z
ses-20261008-1612,usr-0185,True,PWA,129268,"[""all"", ""coffee""]",False,,,ORD-1448,2026-09-18T16:04:52Z
ses-20261008-1613,guest-0070,False,PWA,123898,"[""all"", ""ade"", ""decaf""]",False,,,ORD-1449,2026-09-30T22:29:03Z
ses-20261008-1614,usr-0029,True,PWA,79709,"[""all"", ""coffee""]",False,,,ORD-1450,2026-09-29T22:19:40Z
ses-20261008-1615,guest-0086,False,PWA,94086,"[""all"", ""coffee""]",False,,,ORD-1451,2026-10-07T21:29:28Z
ses-20261008-1616,usr-0248,True,PWA,28693,"[""all"", ""tea""]",False,,,ORD-1452,2026-09-29T22:08:56Z
ses-20261008-1617,usr-0259,True,PWA,64239,"[""all"", ""tea""]",False,,,ORD-1453,2026-09-20T20:20:55Z
ses-20261008-1618,usr-0174,True,PWA,112954,"[""all"", ""coffee"", ""tea"", ""ade""]",True,CART_SHEET,TIMEOUT_60S,,2026-10-07T20:10:44Z
ses-20261008-1619,usr-0311,True,PWA,20040,"[""all"", ""tea""]",False,,,ORD-1454,2026-10-01T17:18:34Z
ses-20261008-1620,usr-0364,True,PWA,23010,"[""all"", ""tea""]",False,,,ORD-1455,2026-09-22T21:42:29Z
ses-20261008-1621,usr-0160,True,PWA,23919,"[""all"", ""smoothie"", ""decaf"", ""coffee""]",False,,,ORD-1456,2026-09-16T04:10:03Z
ses-20261008-1622,usr-0353,True,PWA,36653,"[""all"", ""decaf""]",False,,,ORD-1457,2026-09-25T17:13:25Z
ses-20261008-1623,usr-0142,True,PWA,114099,"[""all"", ""ade"", ""tea"", ""smoothie""]",False,,,ORD-1458,2026-09-23T20:47:58Z
ses-20261008-1624,usr-0284,True,PWA,137959,"[""all"", ""smoothie"", ""tea""]",True,OPTION_MODAL,WAIT_TIME_LONG,,2026-10-02T23:54:40Z
ses-20261008-1625,usr-0320,True,PWA,115261,"[""all"", ""decaf"", ""tea""]",True,CART_SHEET,WAIT_TIME_LONG,,2026-09-18T17:17:48Z
ses-20261008-1626,guest-0114,False,PWA,114318,"[""all"", ""decaf"", ""smoothie""]",True,PAY_POPUP,PRICE_HIGH,,2026-09-20T16:20:13Z
ses-20261008-1627,usr-0162,True,PWA,149254,"[""all"", ""ade""]",False,,,ORD-1459,2026-09-18T16:51:33Z
ses-20261008-1628,guest-0024,False,PWA,78464,"[""all"", ""decaf"", ""smoothie""]",False,,,ORD-1460,2026-09-19T17:57:15Z
ses-20261008-1629,guest-0152,False,PWA,133155,"[""all"", ""smoothie"", ""tea"", ""ade""]",False,,,ORD-1461,2026-09-27T16:24:51Z
ses-20261008-1630,guest-0113,False,PWA,142531,"[""all"", ""ade"", ""coffee"", ""smoothie""]",False,,,ORD-1462,2026-09-17T16:06:06Z
ses-20261008-1631,guest-0159,False,PWA,95106,"[""all"", ""tea""]",False,,,ORD-1463,2026-10-02T20:40:08Z
ses-20261008-1632,usr-0134,True,PWA,74958,"[""all"", ""ade""]",False,,,ORD-1464,2026-09-20T16:41:04Z
ses-20261008-1633,usr-0368,True,PWA,98750,"[""all"", ""ade"", ""decaf"", ""tea""]",False,,,ORD-1465,2026-09-26T20:33:45Z
ses-20261008-1634,usr-0295,True,PWA,88272,"[""all"", ""smoothie""]",False,,,ORD-1466,2026-09-30T20:24:28Z
ses-20261008-1635,guest-0146,False,PWA,81508,"[""all"", ""tea"", ""ade""]",False,,,ORD-1467,2026-09-17T03:51:27Z
ses-20261008-1636,guest-0005,False,PWA,79207,"[""all"", ""coffee""]",False,,,ORD-1468,2026-09-30T16:51:10Z
ses-20261008-1637,guest-0072,False,PWA,86850,"[""all"", ""decaf"", ""tea"", ""smoothie"", ""ade""]",False,,,ORD-1469,2026-09-26T20:32:22Z
ses-20261008-1638,usr-0186,True,PWA,19735,"[""all"", ""decaf"", ""ade"", ""smoothie""]",False,,,ORD-1470,2026-09-25T20:31:56Z
ses-20261008-1639,guest-0142,False,PWA,123561,"[""all"", ""ade"", ""tea""]",False,,,ORD-1471,2026-09-24T20:05:42Z
ses-20261008-1640,usr-0320,True,PWA,78215,"[""all"", ""decaf"", ""ade"", ""tea""]",False,,,ORD-1472,2026-09-27T20:09:03Z
ses-20261008-1641,guest-0057,False,PWA,102214,"[""all"", ""decaf"", ""smoothie""]",False,,,ORD-1473,2026-10-07T20:45:12Z
ses-20261008-1642,usr-0209,True,PWA,113264,"[""all"", ""tea""]",False,,,ORD-1474,2026-09-17T17:33:31Z
ses-20261008-1643,usr-0053,True,PWA,112666,"[""all"", ""smoothie"", ""coffee"", ""decaf""]",True,OPTION_MODAL,TIMEOUT_60S,,2026-10-08T02:30:05Z
ses-20261008-1644,guest-0075,False,PWA,67752,"[""all"", ""smoothie"", ""coffee""]",False,,,ORD-1475,2026-09-24T17:15:26Z
ses-20261008-1645,usr-0035,True,PWA,71214,"[""all"", ""smoothie"", ""decaf"", ""tea"", ""ade""]",False,,,ORD-1476,2026-09-16T21:31:46Z
ses-20261008-1646,usr-0357,True,PWA,154714,"[""all"", ""smoothie""]",False,,,ORD-1477,2026-09-23T16:06:57Z
ses-20261008-1647,usr-0043,True,PWA,115666,"[""all"", ""ade"", ""coffee""]",False,,,ORD-1478,2026-09-21T20:19:41Z
ses-20261008-1648,guest-0192,False,PWA,118653,"[""all"", ""smoothie""]",False,,,ORD-1479,2026-09-24T17:27:10Z
ses-20261008-1649,usr-0090,True,PWA,126076,"[""all"", ""tea"", ""ade"", ""coffee""]",False,,,ORD-1480,2026-10-03T17:36:20Z
ses-20261008-1650,usr-0393,True,PWA,150000,"[""all"", ""decaf"", ""ade"", ""smoothie""]",True,CART_SHEET,TIMEOUT_60S,,2026-10-02T20:37:42Z
ses-20261008-1651,usr-0384,True,PWA,113462,"[""all"", ""ade"", ""decaf"", ""tea""]",False,,,ORD-1481,2026-10-08T00:20:53Z
ses-20261008-1652,usr-0253,True,PWA,105977,"[""all"", ""ade"", ""coffee""]",False,,,ORD-1482,2026-09-16T01:48:31Z
ses-20261008-1653,guest-0191,False,PWA,109256,"[""all"", ""ade"", ""coffee""]",False,,,ORD-1483,2026-09-20T04:01:03Z
ses-20261008-1654,usr-0153,True,PWA,23926,"[""all"", ""smoothie"", ""ade""]",False,,,ORD-1484,2026-09-15T23:51:43Z
ses-20261008-1655,guest-0052,False,PWA,59518,"[""all"", ""ade"", ""coffee"", ""tea""]",False,,,ORD-1485,2026-09-20T01:31:43Z
ses-20261008-1656,usr-0214,True,PWA,127712,"[""all"", ""coffee"", ""tea"", ""smoothie""]",False,,,ORD-1486,2026-09-18T01:35:37Z
ses-20261008-1657,guest-0019,False,PWA,130576,"[""all"", ""ade""]",False,,,ORD-1487,2026-09-22T17:26:12Z
ses-20261008-1658,guest-0116,False,PWA,92011,"[""all"", ""smoothie"", ""decaf""]",False,,,ORD-1488,2026-10-09T04:53:48Z
ses-20261008-1659,usr-0115,True,PWA,113706,"[""all"", ""tea""]",False,,,ORD-1489,2026-09-16T17:40:03Z
ses-20261008-1660,guest-0197,False,PWA,124545,"[""all"", ""coffee"", ""smoothie""]",False,,,ORD-1490,2026-09-15T17:13:06Z
ses-20261008-1661,usr-0179,True,PWA,20914,"[""all"", ""decaf""]",False,,,ORD-1491,2026-09-28T21:31:29Z
ses-20261008-1662,guest-0182,False,PWA,91077,"[""all"", ""tea""]",False,,,ORD-1492,2026-09-16T16:30:13Z
ses-20261008-1663,guest-0021,False,PWA,126806,"[""all"", ""decaf"", ""coffee"", ""ade""]",False,,,ORD-1493,2026-09-18T20:00:15Z
ses-20261008-1664,usr-0333,True,PWA,75781,"[""all"", ""decaf"", ""coffee"", ""tea""]",False,,,ORD-1494,2026-10-06T22:06:41Z
ses-20261008-1665,guest-0158,False,PWA,103551,"[""all"", ""ade""]",False,,,ORD-1495,2026-09-24T20:41:15Z
ses-20261008-1666,usr-0112,True,PWA,107613,"[""all"", ""tea""]",False,,,ORD-1496,2026-09-26T20:42:47Z
ses-20261008-1667,guest-0188,False,PWA,107312,"[""all"", ""smoothie"", ""coffee""]",False,,,ORD-1497,2026-09-22T17:32:29Z
ses-20261008-1668,guest-0061,False,PWA,82686,"[""all"", ""coffee"", ""ade"", ""decaf""]",False,,,ORD-1498,2026-10-01T20:58:00Z
ses-20261008-1669,usr-0086,True,PWA,124334,"[""all"", ""ade"", ""decaf""]",False,,,ORD-1499,2026-09-20T01:06:53Z
ses-20261008-1670,guest-0082,False,PWA,57353,"[""all"", ""tea""]",False,,,ORD-1500,2026-09-29T21:55:25Z
ses-20261008-1671,usr-0047,True,PWA,105943,"[""all"", ""decaf"", ""tea""]",False,,,ORD-1501,2026-10-07T21:46:25Z
ses-20261008-1672,usr-0055,True,PWA,63385,"[""all"", ""smoothie"", ""coffee""]",False,,,ORD-1502,2026-10-02T23:26:02Z
ses-20261008-1673,usr-0282,True,PWA,102049,"[""all"", ""decaf"", ""smoothie"", ""tea""]",True,CART_SHEET,PRICE_HIGH,,2026-09-19T02:00:48Z
ses-20261008-1674,usr-0332,True,PWA,111625,"[""all"", ""smoothie"", ""ade"", ""tea"", ""decaf""]",False,,,ORD-1503,2026-09-29T17:32:14Z
ses-20261008-1675,usr-0245,True,PWA,64915,"[""all"", ""tea""]",False,,,ORD-1504,2026-09-16T17:52:28Z
ses-20261008-1676,guest-0110,False,PWA,150000,"[""all"", ""tea"", ""decaf"", ""smoothie"", ""ade""]",True,CART_SHEET,WAIT_TIME_LONG,,2026-10-02T16:21:13Z
ses-20261008-1677,usr-0289,True,PWA,87096,"[""all"", ""ade""]",False,,,ORD-1505,2026-09-25T21:00:54Z
ses-20261008-1678,usr-0260,True,PWA,34155,"[""all"", ""ade"", ""smoothie""]",False,,,ORD-1506,2026-09-25T17:58:48Z
ses-20261008-1679,usr-0054,True,PWA,20386,"[""all"", ""decaf"", ""tea""]",False,,,ORD-1507,2026-09-21T17:36:24Z
ses-20261008-1680,usr-0035,True,PWA,17816,"[""all"", ""ade""]",False,,,ORD-1508,2026-09-18T16:12:48Z
ses-20261008-1681,usr-0093,True,PWA,128251,"[""all"", ""tea""]",False,,,ORD-1509,2026-09-25T20:46:43Z
ses-20261008-1682,guest-0200,False,PWA,118074,"[""all"", ""smoothie"", ""tea"", ""ade""]",True,OPTION_MODAL,WAIT_TIME_LONG,,2026-09-24T16:36:39Z
ses-20261008-1683,usr-0100,True,PWA,71263,"[""all"", ""decaf""]",False,,,ORD-1510,2026-09-15T20:26:15Z
ses-20261008-1684,usr-0159,True,PWA,16035,"[""all"", ""coffee""]",False,,,ORD-1511,2026-10-02T17:07:14Z
ses-20261008-1685,usr-0361,True,PWA,125490,"[""all"", ""coffee"", ""tea"", ""ade""]",False,,,ORD-1512,2026-10-06T20:48:02Z
ses-20261008-1686,usr-0225,True,PWA,24511,"[""all"", ""ade"", ""smoothie""]",False,,,ORD-1513,2026-09-30T20:38:55Z
ses-20261008-1687,usr-0097,True,PWA,21806,"[""all"", ""coffee"", ""ade""]",False,,,ORD-1514,2026-09-27T17:30:16Z
ses-20261008-1688,usr-0166,True,PWA,12000,"[""all"", ""ade"", ""coffee"", ""smoothie""]",False,,,ORD-1515,2026-09-19T22:45:07Z
ses-20261008-1689,guest-0140,False,PWA,127531,"[""all"", ""smoothie"", ""coffee""]",False,,,ORD-1516,2026-09-26T17:27:18Z
ses-20261008-1690,usr-0360,True,PWA,113485,"[""all"", ""coffee"", ""tea"", ""ade"", ""smoothie""]",False,,,ORD-1517,2026-09-16T17:20:32Z
ses-20261008-1691,usr-0185,True,PWA,131501,"[""all"", ""ade""]",False,,,ORD-1518,2026-09-19T17:28:03Z
ses-20261008-1692,guest-0174,False,PWA,76479,"[""all"", ""decaf""]",False,,,ORD-1519,2026-10-08T23:29:05Z
ses-20261008-1693,guest-0065,False,PWA,60985,"[""all"", ""coffee"", ""tea""]",False,,,ORD-1520,2026-09-30T20:57:13Z
ses-20261008-1694,guest-0032,False,PWA,168183,"[""all"", ""tea"", ""decaf""]",False,,,ORD-1521,2026-10-04T17:05:49Z
ses-20261008-1695,usr-0375,True,PWA,88060,"[""all"", ""coffee""]",False,,,ORD-1522,2026-09-19T03:17:21Z
ses-20261008-1696,usr-0015,True,PWA,21492,"[""all"", ""tea""]",False,,,ORD-1523,2026-09-22T02:32:09Z
ses-20261008-1697,usr-0219,True,PWA,127719,"[""all"", ""tea""]",False,,,ORD-1524,2026-10-01T21:41:08Z
ses-20261008-1698,usr-0349,True,PWA,142116,"[""all"", ""ade"", ""smoothie""]",True,CART_SHEET,PRICE_HIGH,,2026-10-01T23:13:01Z
ses-20261008-1699,usr-0202,True,PWA,142903,"[""all"", ""ade"", ""smoothie"", ""coffee""]",True,CART_SHEET,PRICE_HIGH,,2026-09-21T16:15:01Z
ses-20261008-1700,usr-0208,True,PWA,32920,"[""all"", ""ade"", ""coffee""]",False,,,ORD-1525,2026-09-24T21:50:56Z
ses-20261008-1701,usr-0114,True,PWA,40169,"[""all"", ""coffee"", ""smoothie"", ""tea"", ""decaf""]",False,,,ORD-1526,2026-10-06T16:03:45Z
ses-20261008-1702,usr-0038,True,PWA,98003,"[""all"", ""smoothie"", ""tea"", ""coffee""]",False,,,ORD-1527,2026-09-25T00:29:39Z
ses-20261008-1703,usr-0397,True,PWA,72922,"[""all"", ""coffee""]",False,,,ORD-1528,2026-09-28T22:11:55Z
ses-20261008-1704,usr-0038,True,PWA,116086,"[""all"", ""smoothie""]",False,,,ORD-1529,2026-09-15T21:34:34Z
ses-20261008-1705,guest-0199,False,PWA,115019,"[""all"", ""coffee""]",False,,,ORD-1530,2026-10-01T21:17:47Z
ses-20261008-1706,usr-0384,True,PWA,71081,"[""all"", ""ade""]",False,,,ORD-1531,2026-09-16T01:28:06Z
ses-20261008-1707,usr-0150,True,PWA,99880,"[""all"", ""decaf""]",False,,,ORD-1532,2026-10-03T16:52:50Z
ses-20261008-1708,usr-0081,True,PWA,126325,"[""all"", ""coffee"", ""smoothie"", ""ade""]",True,CART_SHEET,WAIT_TIME_LONG,,2026-09-28T20:21:02Z
ses-20261008-1709,usr-0308,True,PWA,24777,"[""all"", ""ade"", ""coffee""]",False,,,ORD-1533,2026-09-24T16:52:44Z
ses-20261008-1710,usr-0145,True,PWA,150000,"[""all"", ""ade""]",True,OPTION_MODAL,WAIT_TIME_LONG,,2026-09-24T16:30:41Z
ses-20261008-1711,guest-0189,False,PWA,98361,"[""all"", ""ade""]",False,,,ORD-1534,2026-10-01T16:01:33Z
ses-20261008-1712,usr-0344,True,PWA,128530,"[""all"", ""ade""]",False,,,ORD-1535,2026-10-01T22:21:37Z
ses-20261008-1713,usr-0242,True,PWA,85725,"[""all"", ""tea""]",False,,,ORD-1536,2026-09-18T21:54:45Z
ses-20261008-1714,usr-0400,True,PWA,127545,"[""all"", ""tea""]",False,,,ORD-1537,2026-09-23T21:24:00Z
ses-20261008-1715,usr-0257,True,PWA,30585,"[""all"", ""decaf"", ""ade""]",False,,,ORD-1538,2026-10-05T16:50:34Z
ses-20261008-1716,guest-0096,False,PWA,106986,"[""all"", ""decaf""]",False,,,ORD-1539,2026-09-19T21:26:35Z
ses-20261008-1717,usr-0035,True,PWA,108390,"[""all"", ""decaf""]",False,,,ORD-1540,2026-09-22T17:24:56Z
ses-20261008-1718,usr-0276,True,PWA,32732,"[""all"", ""coffee""]",False,,,ORD-1541,2026-09-26T17:56:15Z
ses-20261008-1719,usr-0345,True,PWA,17093,"[""all"", ""decaf"", ""coffee""]",False,,,ORD-1542,2026-10-05T21:02:17Z
ses-20261008-1720,guest-0087,False,PWA,97193,"[""all"", ""coffee""]",False,,,ORD-1543,2026-10-03T21:14:39Z
ses-20261008-1721,usr-0382,True,PWA,26250,"[""all"", ""ade"", ""smoothie""]",False,,,ORD-1544,2026-09-15T16:45:43Z
ses-20261008-1722,usr-0351,True,PWA,31210,"[""all"", ""smoothie"", ""coffee"", ""tea""]",False,,,ORD-1545,2026-10-01T21:42:29Z
ses-20261008-1723,usr-0170,True,PWA,162656,"[""all"", ""coffee"", ""tea"", ""smoothie""]",False,,,ORD-1546,2026-09-30T04:26:28Z
ses-20261008-1724,usr-0333,True,PWA,130230,"[""all"", ""decaf""]",False,,,ORD-1547,2026-09-20T16:39:56Z
ses-20261008-1725,usr-0214,True,PWA,133180,"[""all"", ""smoothie""]",False,,,ORD-1548,2026-09-21T17:23:36Z
ses-20261008-1726,usr-0228,True,PWA,132552,"[""all"", ""coffee"", ""decaf"", ""ade""]",False,,,ORD-1549,2026-09-26T20:15:49Z
ses-20261008-1727,usr-0170,True,PWA,130682,"[""all"", ""ade""]",True,CART_SHEET,TIMEOUT_60S,,2026-10-08T23:29:59Z
ses-20261008-1728,usr-0329,True,PWA,21508,"[""all"", ""ade""]",False,,,ORD-1550,2026-10-04T20:51:26Z
ses-20261008-1729,guest-0144,False,PWA,102361,"[""all"", ""smoothie"", ""coffee"", ""decaf"", ""tea""]",False,,,ORD-1551,2026-10-08T04:46:15Z
ses-20261008-1730,usr-0244,True,PWA,96224,"[""all"", ""tea""]",False,,,ORD-1552,2026-09-25T04:01:16Z
ses-20261008-1731,usr-0001,True,PWA,132971,"[""all"", ""smoothie"", ""coffee""]",False,,,ORD-1553,2026-09-29T16:56:28Z
ses-20261008-1732,usr-0250,True,PWA,17788,"[""all"", ""smoothie"", ""coffee"", ""decaf""]",False,,,ORD-1554,2026-10-08T21:08:59Z
ses-20261008-1733,guest-0060,False,PWA,133251,"[""all"", ""tea"", ""ade"", ""decaf""]",False,,,ORD-1555,2026-10-03T17:26:17Z
ses-20261008-1734,guest-0090,False,PWA,102157,"[""all"", ""ade""]",False,,,ORD-1556,2026-09-16T20:25:58Z
ses-20261008-1735,usr-0336,True,PWA,100421,"[""all"", ""coffee"", ""smoothie""]",False,,,ORD-1557,2026-09-15T16:17:10Z
ses-20261008-1736,usr-0035,True,PWA,125819,"[""all"", ""tea"", ""coffee""]",False,,,ORD-1558,2026-09-23T04:02:21Z
ses-20261008-1737,usr-0162,True,PWA,14439,"[""all"", ""smoothie"", ""coffee""]",False,,,ORD-1559,2026-09-18T16:47:22Z
ses-20261008-1738,usr-0345,True,PWA,25274,"[""all"", ""ade"", ""smoothie"", ""decaf""]",False,,,ORD-1560,2026-10-03T21:41:11Z
ses-20261008-1739,usr-0033,True,PWA,113448,"[""all"", ""decaf""]",False,,,ORD-1561,2026-09-26T17:44:23Z
ses-20261008-1740,usr-0253,True,PWA,35588,"[""all"", ""coffee""]",False,,,ORD-1562,2026-09-28T20:12:17Z
ses-20261008-1741,usr-0073,True,PWA,23698,"[""all"", ""coffee"", ""decaf""]",False,,,ORD-1563,2026-09-20T00:57:56Z
ses-20261008-1742,usr-0140,True,PWA,141154,"[""all"", ""ade"", ""coffee""]",False,,,ORD-1564,2026-09-17T00:15:28Z
ses-20261008-1743,usr-0264,True,PWA,102428,"[""all"", ""decaf"", ""coffee""]",False,,,ORD-1565,2026-10-02T22:21:54Z
ses-20261008-1744,usr-0364,True,PWA,119995,"[""all"", ""coffee"", ""tea""]",False,,,ORD-1566,2026-09-22T17:51:51Z
ses-20261008-1745,guest-0075,False,PWA,120229,"[""all"", ""coffee""]",False,,,ORD-1567,2026-09-29T03:49:16Z
ses-20261008-1746,usr-0039,True,PWA,20402,"[""all"", ""ade""]",False,,,ORD-1568,2026-09-20T20:00:15Z
ses-20261008-1747,guest-0031,False,PWA,85952,"[""all"", ""coffee"", ""tea"", ""decaf""]",False,,,ORD-1569,2026-09-28T21:54:55Z
ses-20261008-1748,usr-0371,True,PWA,150000,"[""all"", ""tea"", ""decaf"", ""coffee""]",True,PAY_POPUP,WAIT_TIME_LONG,,2026-10-08T03:12:50Z
ses-20261008-1749,usr-0373,True,PWA,126520,"[""all"", ""smoothie"", ""coffee"", ""decaf""]",False,,,ORD-1570,2026-10-03T03:16:06Z
ses-20261008-1750,usr-0296,True,PWA,52391,"[""all"", ""ade""]",False,,,ORD-1571,2026-09-22T16:33:14Z
ses-20261008-1751,usr-0191,True,PWA,94390,"[""all"", ""smoothie"", ""tea"", ""decaf""]",False,,,ORD-1572,2026-09-27T20:23:42Z
ses-20261008-1752,usr-0174,True,PWA,101755,"[""all"", ""coffee"", ""tea""]",False,,,ORD-1573,2026-10-06T04:52:47Z
ses-20261008-1753,usr-0010,True,PWA,90805,"[""all"", ""ade""]",False,,,ORD-1574,2026-09-20T00:17:29Z
ses-20261008-1754,guest-0136,False,PWA,180742,"[""all"", ""coffee"", ""smoothie""]",False,,,ORD-1575,2026-09-29T01:29:54Z
ses-20261008-1755,usr-0118,True,PWA,67989,"[""all"", ""coffee""]",False,,,ORD-1576,2026-10-01T17:54:35Z
ses-20261008-1756,usr-0109,True,PWA,116733,"[""all"", ""smoothie""]",False,,,ORD-1577,2026-10-03T16:08:16Z
ses-20261008-1757,usr-0177,True,PWA,71285,"[""all"", ""coffee""]",False,,,ORD-1578,2026-09-20T17:33:19Z
ses-20261008-1758,usr-0237,True,PWA,129324,"[""all"", ""decaf"", ""tea""]",False,,,ORD-1579,2026-09-26T04:44:56Z
ses-20261008-1759,usr-0328,True,PWA,96359,"[""all"", ""smoothie""]",False,,,ORD-1580,2026-09-16T17:19:26Z
ses-20261008-1760,usr-0223,True,PWA,77785,"[""all"", ""ade"", ""decaf"", ""smoothie""]",False,,,ORD-1581,2026-09-21T22:55:14Z
ses-20261008-1761,guest-0086,False,PWA,135541,"[""all"", ""decaf"", ""smoothie""]",True,PAY_POPUP,WAIT_TIME_LONG,,2026-10-05T17:29:13Z
ses-20261008-1762,usr-0289,True,PWA,80952,"[""all"", ""decaf"", ""tea""]",False,,,ORD-1582,2026-10-05T01:36:05Z
ses-20261008-1763,usr-0259,True,PWA,142261,"[""all"", ""ade""]",False,,,ORD-1583,2026-09-28T20:25:11Z
ses-20261008-1764,guest-0004,False,PWA,134764,"[""all"", ""ade"", ""smoothie""]",False,,,ORD-1584,2026-10-06T20:45:16Z
ses-20261008-1765,guest-0109,False,PWA,96665,"[""all"", ""tea"", ""coffee"", ""decaf""]",False,,,ORD-1585,2026-09-26T23:39:19Z
ses-20261008-1766,usr-0248,True,PWA,117528,"[""all"", ""tea"", ""smoothie""]",False,,,ORD-1586,2026-09-30T21:57:46Z
ses-20261008-1767,usr-0048,True,PWA,15253,"[""all"", ""tea"", ""coffee"", ""decaf""]",False,,,ORD-1587,2026-09-23T17:04:40Z
ses-20261008-1768,usr-0343,True,PWA,32269,"[""all"", ""tea"", ""ade""]",False,,,ORD-1588,2026-09-23T20:29:07Z
ses-20261008-1769,guest-0013,False,PWA,92083,"[""all"", ""decaf"", ""ade"", ""smoothie"", ""coffee""]",False,,,ORD-1589,2026-09-21T16:24:59Z
ses-20261008-1770,guest-0170,False,PWA,143003,"[""all"", ""smoothie""]",True,CART_SHEET,WAIT_TIME_LONG,,2026-09-30T16:41:38Z
ses-20261008-1771,guest-0192,False,PWA,82857,"[""all"", ""ade""]",False,,,ORD-1590,2026-10-07T02:11:43Z
ses-20261008-1772,usr-0202,True,PWA,78725,"[""all"", ""decaf"", ""ade""]",False,,,ORD-1591,2026-10-07T16:37:55Z
ses-20261008-1773,usr-0348,True,PWA,137865,"[""all"", ""coffee"", ""ade""]",False,,,ORD-1592,2026-09-17T20:28:32Z
ses-20261008-1774,guest-0162,False,PWA,125685,"[""all"", ""tea"", ""ade""]",False,,,ORD-1593,2026-09-22T21:59:10Z
ses-20261008-1775,guest-0010,False,PWA,107322,"[""all"", ""smoothie"", ""coffee"", ""tea""]",False,,,ORD-1594,2026-09-30T16:44:37Z
ses-20261008-1776,usr-0100,True,PWA,102981,"[""all"", ""smoothie""]",False,,,ORD-1595,2026-10-01T01:01:10Z
ses-20261008-1777,usr-0089,True,PWA,94359,"[""all"", ""smoothie"", ""coffee""]",True,CART_SHEET,WAIT_TIME_LONG,,2026-10-07T21:04:46Z
ses-20261008-1778,usr-0080,True,PWA,58352,"[""all"", ""ade"", ""smoothie""]",False,,,ORD-1596,2026-09-22T21:56:08Z
ses-20261008-1779,usr-0115,True,PWA,29033,"[""all"", ""decaf""]",False,,,ORD-1597,2026-09-22T20:34:54Z
ses-20261008-1780,guest-0106,False,PWA,90219,"[""all"", ""ade""]",False,,,ORD-1598,2026-10-01T21:17:26Z
ses-20261008-1781,usr-0277,True,PWA,17112,"[""all"", ""coffee"", ""ade"", ""smoothie""]",False,,,ORD-1599,2026-09-30T17:52:59Z
ses-20261008-1782,usr-0134,True,PWA,108512,"[""all"", ""decaf""]",True,OPTION_MODAL,PRICE_HIGH,,2026-09-23T20:37:13Z
ses-20261008-1783,guest-0163,False,PWA,66671,"[""all"", ""ade""]",False,,,ORD-1600,2026-09-24T21:15:59Z
ses-20261008-1784,guest-0111,False,PWA,148069,"[""all"", ""smoothie""]",True,CART_SHEET,TIMEOUT_60S,,2026-09-20T20:22:00Z
ses-20261008-1785,usr-0085,True,PWA,127105,"[""all"", ""ade"", ""smoothie""]",False,,,ORD-1601,2026-09-18T20:20:58Z
ses-20261008-1786,usr-0273,True,PWA,77986,"[""all"", ""smoothie"", ""ade""]",False,,,ORD-1602,2026-10-09T04:07:38Z
ses-20261008-1787,usr-0154,True,PWA,122446,"[""all"", ""smoothie"", ""coffee"", ""decaf""]",True,PAY_POPUP,TIMEOUT_60S,,2026-10-02T00:57:41Z
ses-20261008-1788,usr-0223,True,PWA,147139,"[""all"", ""smoothie"", ""decaf""]",False,,,ORD-1603,2026-09-23T00:11:21Z
ses-20261008-1789,guest-0159,False,PWA,95574,"[""all"", ""ade"", ""smoothie""]",True,OPTION_MODAL,PRICE_HIGH,,2026-09-18T04:53:33Z
ses-20261008-1790,guest-0153,False,PWA,63012,"[""all"", ""coffee""]",False,,,ORD-1604,2026-09-16T20:58:03Z
ses-20261008-1791,usr-0095,True,PWA,27537,"[""all"", ""tea""]",False,,,ORD-1605,2026-09-24T21:06:08Z
ses-20261008-1792,usr-0300,True,PWA,93053,"[""all"", ""coffee"", ""smoothie""]",False,,,ORD-1606,2026-10-06T21:51:10Z
ses-20261008-1793,guest-0122,False,PWA,118344,"[""all"", ""smoothie"", ""decaf""]",False,,,ORD-1607,2026-09-21T21:15:03Z
ses-20261008-1794,guest-0176,False,PWA,96680,"[""all"", ""tea""]",True,CART_SHEET,TIMEOUT_60S,,2026-10-05T17:42:02Z
ses-20261008-1795,usr-0374,True,PWA,117872,"[""all"", ""tea""]",False,,,ORD-1608,2026-10-08T16:01:59Z
ses-20261008-1796,guest-0109,False,PWA,122426,"[""all"", ""decaf""]",False,,,ORD-1609,2026-09-30T17:28:20Z
ses-20261008-1797,usr-0284,True,PWA,88164,"[""all"", ""ade""]",False,,,ORD-1610,2026-09-29T21:00:31Z
ses-20261008-1798,usr-0190,True,PWA,63186,"[""all"", ""coffee"", ""smoothie""]",False,,,ORD-1611,2026-09-16T22:22:05Z
ses-20261008-1799,guest-0047,False,PWA,106138,"[""all"", ""decaf"", ""tea""]",False,,,ORD-1612,2026-10-01T00:14:28Z
ses-20261008-1800,usr-0287,True,PWA,27470,"[""all"", ""decaf"", ""coffee""]",False,,,ORD-1613,2026-09-23T20:55:27Z
ses-20261008-1801,usr-0247,True,PWA,98989,"[""all"", ""tea""]",False,,,ORD-1614,2026-09-27T03:36:22Z
ses-20261008-1802,usr-0021,True,PWA,27161,"[""all"", ""ade"", ""decaf""]",False,,,ORD-1615,2026-09-20T16:01:40Z
ses-20261008-1803,guest-0121,False,PWA,46003,"[""all"", ""coffee"", ""ade"", ""decaf""]",False,,,ORD-1616,2026-10-05T16:09:18Z
ses-20261008-1804,usr-0059,True,PWA,116475,"[""all"", ""coffee"", ""tea"", ""ade"", ""smoothie""]",False,,,ORD-1617,2026-09-17T17:40:24Z
ses-20261008-1805,usr-0321,True,PWA,86864,"[""all"", ""decaf""]",False,,,ORD-1618,2026-09-30T16:59:41Z
ses-20261008-1806,usr-0109,True,PWA,134799,"[""all"", ""ade"", ""decaf"", ""tea""]",False,,,ORD-1619,2026-10-02T17:31:08Z
ses-20261008-1807,usr-0330,True,PWA,111027,"[""all"", ""decaf"", ""smoothie"", ""tea""]",False,,,ORD-1620,2026-10-06T17:41:40Z
ses-20261008-1808,guest-0140,False,PWA,105736,"[""all"", ""coffee""]",False,,,ORD-1621,2026-10-08T20:53:20Z
ses-20261008-1809,guest-0152,False,PWA,116105,"[""all"", ""coffee"", ""tea"", ""decaf""]",False,,,ORD-1622,2026-10-02T03:26:34Z
ses-20261008-1810,usr-0080,True,PWA,27108,"[""all"", ""decaf""]",False,,,ORD-1623,2026-09-26T16:08:28Z
ses-20261008-1811,guest-0150,False,PWA,133245,"[""all"", ""smoothie"", ""ade"", ""tea""]",False,,,ORD-1624,2026-09-27T04:40:37Z
ses-20261008-1812,guest-0068,False,PWA,84123,"[""all"", ""ade"", ""coffee"", ""tea""]",False,,,ORD-1625,2026-09-23T21:21:02Z
ses-20261008-1813,guest-0095,False,PWA,78604,"[""all"", ""smoothie"", ""coffee"", ""tea""]",False,,,ORD-1626,2026-09-23T16:53:14Z
ses-20261008-1814,usr-0089,True,PWA,131860,"[""all"", ""coffee"", ""ade""]",True,CART_SHEET,PRICE_HIGH,,2026-09-30T20:45:51Z
ses-20261008-1815,usr-0088,True,PWA,150000,"[""all"", ""ade""]",True,PAY_POPUP,PRICE_HIGH,,2026-09-28T20:22:12Z
ses-20261008-1816,guest-0054,False,PWA,150027,"[""all"", ""coffee""]",False,,,ORD-1627,2026-10-02T16:55:44Z
ses-20261008-1817,usr-0004,True,PWA,95683,"[""all"", ""decaf""]",False,,,ORD-1628,2026-09-26T20:32:57Z
ses-20261008-1818,usr-0272,True,PWA,79516,"[""all"", ""smoothie"", ""tea""]",False,,,ORD-1629,2026-09-18T23:09:26Z
ses-20261008-1819,usr-0150,True,PWA,96034,"[""all"", ""ade"", ""tea""]",False,,,ORD-1630,2026-09-27T21:40:45Z
ses-20261008-1820,usr-0259,True,PWA,136396,"[""all"", ""smoothie""]",False,,,ORD-1631,2026-09-23T22:58:43Z
ses-20261008-1821,guest-0028,False,PWA,88810,"[""all"", ""tea""]",False,,,ORD-1632,2026-09-30T20:21:15Z
ses-20261008-1822,usr-0006,True,PWA,100860,"[""all"", ""decaf"", ""tea"", ""ade""]",False,,,ORD-1633,2026-09-20T16:34:03Z
ses-20261008-1823,usr-0279,True,PWA,20182,"[""all"", ""ade""]",False,,,ORD-1634,2026-09-18T20:16:51Z
ses-20261008-1824,usr-0367,True,PWA,66959,"[""all"", ""smoothie"", ""tea"", ""coffee"", ""decaf""]",False,,,ORD-1635,2026-09-27T21:25:02Z
ses-20261008-1825,usr-0219,True,PWA,149164,"[""all"", ""tea"", ""coffee"", ""smoothie"", ""decaf""]",True,CART_SHEET,PRICE_HIGH,,2026-10-05T16:21:02Z
ses-20261008-1826,usr-0364,True,PWA,20469,"[""all"", ""smoothie"", ""ade"", ""coffee"", ""tea""]",False,,,ORD-1636,2026-10-05T02:02:36Z
ses-20261008-1827,usr-0283,True,PWA,114080,"[""all"", ""tea""]",False,,,ORD-1637,2026-09-17T23:07:18Z
ses-20261008-1828,guest-0007,False,PWA,132176,"[""all"", ""smoothie"", ""coffee""]",False,,,ORD-1638,2026-09-16T17:11:25Z
ses-20261008-1829,guest-0136,False,PWA,117182,"[""all"", ""coffee""]",False,,,ORD-1639,2026-10-04T16:10:29Z
ses-20261008-1830,usr-0058,True,PWA,23557,"[""all"", ""ade"", ""smoothie"", ""tea"", ""decaf""]",False,,,ORD-1640,2026-09-24T20:35:43Z
ses-20261008-1831,usr-0323,True,PWA,113493,"[""all"", ""smoothie""]",False,,,ORD-1641,2026-10-03T17:48:27Z
ses-20261008-1832,usr-0253,True,PWA,101568,"[""all"", ""decaf"", ""coffee"", ""ade"", ""smoothie""]",True,OPTION_MODAL,PRICE_HIGH,,2026-09-26T17:47:29Z
ses-20261008-1833,usr-0040,True,PWA,86274,"[""all"", ""coffee""]",False,,,ORD-1642,2026-09-22T22:18:12Z
ses-20261008-1834,usr-0107,True,PWA,29091,"[""all"", ""smoothie"", ""coffee"", ""ade""]",False,,,ORD-1643,2026-09-25T17:10:11Z
ses-20261008-1835,usr-0117,True,PWA,26122,"[""all"", ""tea"", ""decaf"", ""coffee""]",False,,,ORD-1644,2026-09-22T16:18:03Z
ses-20261008-1836,usr-0391,True,PWA,84647,"[""all"", ""coffee""]",False,,,ORD-1645,2026-09-18T21:01:35Z
ses-20261008-1837,usr-0307,True,PWA,146076,"[""all"", ""coffee""]",False,,,ORD-1646,2026-09-26T17:15:23Z
ses-20261008-1838,usr-0099,True,PWA,23064,"[""all"", ""ade""]",False,,,ORD-1647,2026-09-27T03:28:18Z
ses-20261008-1839,usr-0366,True,PWA,150000,"[""all"", ""ade"", ""tea""]",True,CART_SHEET,PRICE_HIGH,,2026-10-01T01:44:50Z
ses-20261008-1840,guest-0135,False,PWA,93993,"[""all"", ""tea"", ""coffee""]",False,,,ORD-1648,2026-10-04T22:25:52Z
ses-20261008-1841,guest-0080,False,PWA,118444,"[""all"", ""tea""]",False,,,ORD-1649,2026-09-27T03:28:13Z
ses-20261008-1842,usr-0278,True,PWA,91606,"[""all"", ""coffee""]",False,,,ORD-1650,2026-09-26T20:12:16Z
ses-20261008-1843,usr-0232,True,PWA,78342,"[""all"", ""coffee"", ""smoothie""]",True,OPTION_MODAL,TIMEOUT_60S,,2026-09-21T20:42:33Z
ses-20261008-1844,usr-0033,True,PWA,145440,"[""all"", ""smoothie""]",False,,,ORD-1651,2026-10-03T17:18:54Z
ses-20261008-1845,guest-0053,False,PWA,85613,"[""all"", ""coffee"", ""decaf""]",True,PAY_POPUP,PRICE_HIGH,,2026-09-23T23:19:42Z
ses-20261008-1846,guest-0136,False,PWA,55366,"[""all"", ""ade"", ""tea"", ""decaf""]",False,,,ORD-1652,2026-09-19T16:41:27Z
ses-20261008-1847,usr-0122,True,PWA,125285,"[""all"", ""smoothie""]",False,,,ORD-1653,2026-09-24T03:25:20Z
ses-20261008-1848,guest-0122,False,PWA,119227,"[""all"", ""smoothie""]",False,,,ORD-1654,2026-10-05T16:41:43Z
ses-20261008-1849,usr-0220,True,PWA,104770,"[""all"", ""coffee""]",False,,,ORD-1655,2026-10-04T00:28:47Z
ses-20261008-1850,usr-0360,True,PWA,108194,"[""all"", ""smoothie"", ""coffee""]",False,,,ORD-1656,2026-09-22T21:15:27Z
ses-20261008-1851,usr-0003,True,PWA,97862,"[""all"", ""decaf"", ""ade""]",False,,,ORD-1657,2026-10-03T16:05:58Z
ses-20261008-1852,usr-0293,True,PWA,20468,"[""all"", ""smoothie""]",False,,,ORD-1658,2026-09-19T21:28:46Z
ses-20261008-1853,guest-0074,False,PWA,69276,"[""all"", ""ade""]",False,,,ORD-1659,2026-09-17T20:05:38Z
ses-20261008-1854,usr-0391,True,PWA,25431,"[""all"", ""decaf"", ""tea""]",False,,,ORD-1660,2026-09-18T16:29:59Z
ses-20261008-1855,usr-0042,True,PWA,25057,"[""all"", ""tea""]",False,,,ORD-1661,2026-09-20T17:31:08Z
ses-20261008-1856,usr-0134,True,PWA,78500,"[""all"", ""tea"", ""decaf""]",False,,,ORD-1662,2026-09-17T16:31:41Z
ses-20261008-1857,usr-0095,True,PWA,79334,"[""all"", ""ade""]",False,,,ORD-1663,2026-09-16T20:57:30Z
ses-20261008-1858,usr-0329,True,PWA,81541,"[""all"", ""decaf"", ""smoothie"", ""tea""]",False,,,ORD-1664,2026-09-16T00:22:44Z
ses-20261008-1859,usr-0267,True,PWA,105304,"[""all"", ""tea"", ""decaf"", ""coffee""]",False,,,ORD-1665,2026-10-08T21:43:50Z
ses-20261008-1860,guest-0199,False,PWA,134137,"[""all"", ""tea""]",True,OPTION_MODAL,TIMEOUT_60S,,2026-09-24T22:10:13Z
ses-20261008-1861,usr-0248,True,PWA,26129,"[""all"", ""smoothie"", ""coffee"", ""ade""]",False,,,ORD-1666,2026-09-22T21:56:45Z
ses-20261008-1862,usr-0226,True,PWA,22416,"[""all"", ""coffee"", ""smoothie"", ""ade""]",False,,,ORD-1667,2026-10-01T16:07:14Z
ses-20261008-1863,usr-0306,True,PWA,91946,"[""all"", ""smoothie""]",False,,,ORD-1668,2026-09-21T21:06:39Z
ses-20261008-1864,usr-0380,True,PWA,140664,"[""all"", ""coffee""]",False,,,ORD-1669,2026-09-22T20:14:50Z
ses-20261008-1865,usr-0165,True,PWA,29727,"[""all"", ""tea"", ""ade""]",False,,,ORD-1670,2026-09-23T03:41:32Z
ses-20261008-1866,usr-0382,True,PWA,150000,"[""all"", ""decaf"", ""ade"", ""tea""]",True,PAY_POPUP,TIMEOUT_60S,,2026-09-22T21:03:51Z
ses-20261008-1867,guest-0088,False,PWA,138793,"[""all"", ""ade""]",False,,,ORD-1671,2026-10-01T21:14:29Z
ses-20261008-1868,usr-0206,True,PWA,56480,"[""all"", ""coffee"", ""smoothie""]",False,,,ORD-1672,2026-09-21T23:05:06Z
ses-20261008-1869,usr-0351,True,PWA,148465,"[""all"", ""coffee"", ""tea"", ""smoothie"", ""decaf""]",True,CART_SHEET,WAIT_TIME_LONG,,2026-09-16T17:39:04Z
ses-20261008-1870,usr-0024,True,PWA,21904,"[""all"", ""smoothie"", ""ade"", ""coffee""]",False,,,ORD-1673,2026-09-30T16:25:11Z
ses-20261008-1871,usr-0394,True,PWA,156918,"[""all"", ""ade"", ""tea""]",False,,,ORD-1674,2026-09-29T02:36:42Z
ses-20261008-1872,usr-0357,True,PWA,23738,"[""all"", ""smoothie"", ""ade""]",False,,,ORD-1675,2026-10-07T16:36:38Z
ses-20261008-1873,usr-0041,True,PWA,158237,"[""all"", ""ade"", ""coffee"", ""decaf"", ""tea""]",False,,,ORD-1676,2026-10-08T21:11:02Z
ses-20261008-1874,usr-0202,True,PWA,95203,"[""all"", ""tea"", ""coffee""]",False,,,ORD-1677,2026-10-05T21:38:47Z
ses-20261008-1875,usr-0323,True,PWA,110833,"[""all"", ""ade"", ""smoothie""]",False,,,ORD-1678,2026-09-30T16:53:16Z
ses-20261008-1876,usr-0375,True,PWA,106310,"[""all"", ""ade""]",False,,,ORD-1679,2026-10-03T00:10:23Z
ses-20261008-1877,usr-0099,True,PWA,115511,"[""all"", ""coffee"", ""decaf""]",True,CART_SHEET,PRICE_HIGH,,2026-10-01T17:38:21Z
ses-20261008-1878,usr-0290,True,PWA,82881,"[""all"", ""coffee""]",False,,,ORD-1680,2026-09-25T21:15:06Z
ses-20261008-1879,usr-0097,True,PWA,22816,"[""all"", ""tea""]",False,,,ORD-1681,2026-09-18T20:49:52Z
ses-20261008-1880,usr-0195,True,PWA,30069,"[""all"", ""tea"", ""ade""]",False,,,ORD-1682,2026-10-03T21:48:41Z
ses-20261008-1881,usr-0396,True,PWA,72660,"[""all"", ""ade"", ""decaf""]",False,,,ORD-1683,2026-09-17T23:55:28Z
ses-20261008-1882,guest-0136,False,PWA,82563,"[""all"", ""ade"", ""smoothie""]",False,,,ORD-1684,2026-10-04T02:56:00Z
ses-20261008-1883,usr-0258,True,PWA,87996,"[""all"", ""smoothie"", ""decaf""]",False,,,ORD-1685,2026-09-30T21:48:15Z
ses-20261008-1884,usr-0276,True,PWA,107288,"[""all"", ""smoothie"", ""decaf""]",False,,,ORD-1686,2026-10-03T21:27:51Z
ses-20261008-1885,usr-0108,True,PWA,74118,"[""all"", ""decaf"", ""ade"", ""tea""]",False,,,ORD-1687,2026-09-18T21:54:59Z
ses-20261008-1886,guest-0107,False,PWA,144386,"[""all"", ""smoothie"", ""decaf""]",True,CART_SHEET,TIMEOUT_60S,,2026-09-30T17:54:17Z
ses-20261008-1887,usr-0182,True,PWA,104168,"[""all"", ""ade""]",False,,,ORD-1688,2026-09-30T01:59:03Z
ses-20261008-1888,usr-0276,True,PWA,66637,"[""all"", ""tea""]",False,,,ORD-1689,2026-09-25T21:08:23Z
ses-20261008-1889,guest-0193,False,PWA,109786,"[""all"", ""tea"", ""coffee""]",False,,,ORD-1690,2026-10-06T20:52:21Z
ses-20261008-1890,usr-0362,True,PWA,103595,"[""all"", ""decaf""]",False,,,ORD-1691,2026-10-08T01:24:36Z
ses-20261008-1891,guest-0110,False,PWA,93707,"[""all"", ""decaf"", ""coffee"", ""ade""]",False,,,ORD-1692,2026-09-27T17:59:27Z
ses-20261008-1892,usr-0247,True,PWA,150000,"[""all"", ""smoothie""]",True,PAY_POPUP,WAIT_TIME_LONG,,2026-10-04T22:27:22Z
ses-20261008-1893,usr-0072,True,PWA,84486,"[""all"", ""decaf"", ""coffee"", ""tea"", ""smoothie""]",False,,,ORD-1693,2026-09-23T21:18:36Z
ses-20261008-1894,usr-0314,True,PWA,113730,"[""all"", ""coffee""]",False,,,ORD-1694,2026-09-30T21:39:32Z
ses-20261008-1895,usr-0395,True,PWA,105929,"[""all"", ""tea"", ""ade""]",False,,,ORD-1695,2026-09-30T16:53:27Z
ses-20261008-1896,usr-0154,True,PWA,105418,"[""all"", ""decaf"", ""tea"", ""ade"", ""smoothie""]",False,,,ORD-1696,2026-09-29T02:15:04Z
ses-20261008-1897,usr-0384,True,PWA,111498,"[""all"", ""decaf"", ""ade""]",False,,,ORD-1697,2026-09-17T04:24:27Z
ses-20261008-1898,usr-0322,True,PWA,131084,"[""all"", ""tea""]",False,,,ORD-1698,2026-10-02T21:03:47Z
ses-20261008-1899,usr-0169,True,PWA,104869,"[""all"", ""ade"", ""decaf""]",False,,,ORD-1699,2026-09-26T17:28:39Z
ses-20261008-1900,usr-0138,True,PWA,131405,"[""all"", ""smoothie"", ""tea"", ""ade"", ""decaf""]",False,,,ORD-1700,2026-10-04T16:54:33Z
ses-20261008-1901,usr-0318,True,PWA,99973,"[""all"", ""tea""]",False,,,ORD-1701,2026-09-27T17:06:47Z
ses-20261008-1902,usr-0234,True,PWA,29226,"[""all"", ""coffee""]",False,,,ORD-1702,2026-09-17T02:27:23Z
ses-20261008-1903,usr-0041,True,PWA,67167,"[""all"", ""smoothie""]",False,,,ORD-1703,2026-09-16T04:20:32Z
ses-20261008-1904,guest-0093,False,PWA,109553,"[""all"", ""coffee""]",False,,,ORD-1704,2026-09-29T03:14:00Z
ses-20261008-1905,guest-0169,False,PWA,113507,"[""all"", ""ade"", ""tea"", ""smoothie""]",False,,,ORD-1705,2026-09-16T16:06:42Z
ses-20261008-1906,usr-0172,True,PWA,74864,"[""all"", ""ade""]",False,,,ORD-1706,2026-09-24T01:59:25Z
ses-20261008-1907,guest-0009,False,PWA,74330,"[""all"", ""coffee"", ""decaf""]",False,,,ORD-1707,2026-09-24T16:57:20Z
ses-20261008-1908,guest-0071,False,PWA,160205,"[""all"", ""ade""]",False,,,ORD-1708,2026-10-01T04:27:26Z
ses-20261008-1909,usr-0303,True,PWA,133190,"[""all"", ""smoothie"", ""ade""]",False,,,ORD-1709,2026-09-23T21:48:07Z
ses-20261008-1910,usr-0285,True,PWA,18286,"[""all"", ""ade"", ""decaf""]",False,,,ORD-1710,2026-09-16T04:31:42Z
ses-20261008-1911,usr-0167,True,PWA,64942,"[""all"", ""ade""]",False,,,ORD-1711,2026-09-16T17:05:57Z
ses-20261008-1912,guest-0017,False,PWA,78228,"[""all"", ""smoothie"", ""tea""]",True,PAY_POPUP,WAIT_TIME_LONG,,2026-09-25T23:28:42Z
ses-20261008-1913,usr-0372,True,PWA,135347,"[""all"", ""coffee"", ""smoothie"", ""tea""]",False,,,ORD-1712,2026-10-03T20:18:09Z
ses-20261008-1914,usr-0240,True,PWA,146635,"[""all"", ""coffee""]",True,PAY_POPUP,PRICE_HIGH,,2026-09-27T20:43:03Z
ses-20261008-1915,usr-0015,True,PWA,130706,"[""all"", ""ade"", ""coffee"", ""decaf""]",False,,,ORD-1713,2026-09-30T20:44:53Z
ses-20261008-1916,guest-0124,False,PWA,105107,"[""all"", ""tea""]",False,,,ORD-1714,2026-09-16T21:08:44Z
ses-20261008-1917,usr-0186,True,PWA,146203,"[""all"", ""decaf"", ""tea""]",False,,,ORD-1715,2026-09-20T20:47:23Z
ses-20261008-1918,usr-0396,True,PWA,97001,"[""all"", ""tea"", ""ade""]",False,,,ORD-1716,2026-09-27T20:05:11Z
ses-20261008-1919,usr-0036,True,PWA,21160,"[""all"", ""smoothie"", ""tea""]",False,,,ORD-1717,2026-09-27T23:45:03Z
ses-20261008-1920,usr-0225,True,PWA,120102,"[""all"", ""decaf""]",False,,,ORD-1718,2026-09-28T01:45:26Z
ses-20261008-1921,usr-0193,True,PWA,106160,"[""all"", ""tea"", ""ade""]",True,CART_SHEET,WAIT_TIME_LONG,,2026-10-01T20:51:03Z
ses-20261008-1922,guest-0100,False,PWA,138131,"[""all"", ""tea"", ""smoothie"", ""coffee""]",False,,,ORD-1719,2026-10-04T17:35:51Z
ses-20261008-1923,usr-0200,True,PWA,102751,"[""all"", ""decaf"", ""tea""]",False,,,ORD-1720,2026-09-25T21:15:54Z
ses-20261008-1924,guest-0128,False,PWA,112770,"[""all"", ""coffee"", ""ade""]",False,,,ORD-1721,2026-09-16T20:30:23Z
ses-20261008-1925,usr-0082,True,PWA,129200,"[""all"", ""coffee""]",False,,,ORD-1722,2026-09-29T21:07:12Z
ses-20261008-1926,usr-0249,True,PWA,127170,"[""all"", ""coffee"", ""smoothie""]",False,,,ORD-1723,2026-09-24T16:32:10Z
ses-20261008-1927,usr-0081,True,PWA,130896,"[""all"", ""smoothie"", ""ade""]",False,,,ORD-1724,2026-09-23T20:51:28Z
ses-20261008-1928,usr-0366,True,PWA,87172,"[""all"", ""coffee"", ""ade"", ""tea"", ""decaf""]",True,CART_SHEET,TIMEOUT_60S,,2026-09-15T20:17:47Z
ses-20261008-1929,usr-0320,True,PWA,97236,"[""all"", ""decaf"", ""ade"", ""tea""]",False,,,ORD-1725,2026-09-20T01:35:36Z
ses-20261008-1930,usr-0064,True,PWA,90663,"[""all"", ""ade""]",False,,,ORD-1726,2026-09-21T21:39:05Z
ses-20261008-1931,usr-0044,True,PWA,95826,"[""all"", ""ade"", ""decaf"", ""tea"", ""coffee""]",True,CART_SHEET,WAIT_TIME_LONG,,2026-10-06T17:44:38Z
ses-20261008-1932,usr-0360,True,PWA,98501,"[""all"", ""decaf"", ""smoothie""]",False,,,ORD-1727,2026-09-22T22:34:28Z
ses-20261008-1933,guest-0062,False,PWA,103912,"[""all"", ""coffee"", ""tea""]",False,,,ORD-1728,2026-09-22T20:06:42Z
ses-20261008-1934,usr-0079,True,PWA,26083,"[""all"", ""decaf"", ""smoothie""]",False,,,ORD-1729,2026-09-27T16:29:20Z
ses-20261008-1935,guest-0125,False,PWA,134540,"[""all"", ""coffee"", ""smoothie"", ""decaf""]",False,,,ORD-1730,2026-09-21T20:12:12Z
ses-20261008-1936,usr-0260,True,PWA,102897,"[""all"", ""decaf""]",False,,,ORD-1731,2026-10-06T21:53:12Z
ses-20261008-1937,guest-0130,False,PWA,85814,"[""all"", ""decaf""]",False,,,ORD-1732,2026-10-07T02:56:58Z
ses-20261008-1938,usr-0052,True,PWA,98946,"[""all"", ""coffee""]",False,,,ORD-1733,2026-10-06T21:38:28Z
ses-20261008-1939,guest-0070,False,PWA,78619,"[""all"", ""decaf"", ""smoothie""]",True,OPTION_MODAL,PRICE_HIGH,,2026-10-02T17:26:57Z
ses-20261008-1940,usr-0052,True,PWA,27277,"[""all"", ""smoothie""]",False,,,ORD-1734,2026-09-21T16:27:45Z
ses-20261008-1941,usr-0360,True,PWA,114132,"[""all"", ""tea"", ""smoothie""]",False,,,ORD-1735,2026-09-21T20:59:41Z
ses-20261008-1942,guest-0073,False,PWA,103759,"[""all"", ""smoothie"", ""tea""]",False,,,ORD-1736,2026-09-21T02:53:30Z
ses-20261008-1943,usr-0316,True,PWA,86086,"[""all"", ""coffee""]",False,,,ORD-1737,2026-09-30T20:02:33Z
ses-20261008-1944,usr-0358,True,PWA,26495,"[""all"", ""tea""]",False,,,ORD-1738,2026-09-30T21:53:27Z
ses-20261008-1945,usr-0311,True,PWA,103126,"[""all"", ""decaf""]",False,,,ORD-1739,2026-09-17T02:08:45Z
ses-20261008-1946,usr-0104,True,PWA,121633,"[""all"", ""ade""]",False,,,ORD-1740,2026-10-02T21:08:09Z
ses-20261008-1947,usr-0287,True,PWA,26999,"[""all"", ""decaf"", ""tea"", ""smoothie""]",False,,,ORD-1741,2026-09-24T16:45:19Z
ses-20261008-1948,usr-0200,True,PWA,25549,"[""all"", ""coffee"", ""decaf""]",False,,,ORD-1742,2026-10-06T01:04:18Z
ses-20261008-1949,usr-0160,True,PWA,97286,"[""all"", ""ade"", ""smoothie"", ""coffee""]",False,,,ORD-1743,2026-10-08T16:06:30Z
ses-20261008-1950,usr-0346,True,PWA,56316,"[""all"", ""coffee"", ""smoothie"", ""decaf""]",False,,,ORD-1744,2026-10-02T21:43:59Z
ses-20261008-1951,guest-0017,False,PWA,120331,"[""all"", ""coffee"", ""tea"", ""smoothie""]",False,,,ORD-1745,2026-09-18T22:13:42Z
ses-20261008-1952,usr-0221,True,PWA,125739,"[""all"", ""tea""]",False,,,ORD-1746,2026-10-06T21:03:54Z
ses-20261008-1953,usr-0184,True,PWA,126344,"[""all"", ""tea"", ""coffee""]",False,,,ORD-1747,2026-10-04T21:59:20Z
ses-20261008-1954,guest-0071,False,PWA,140930,"[""all"", ""smoothie"", ""decaf""]",False,,,ORD-1748,2026-10-08T16:40:08Z
ses-20261008-1955,usr-0220,True,PWA,18337,"[""all"", ""smoothie""]",False,,,ORD-1749,2026-09-30T21:56:45Z
ses-20261008-1956,guest-0190,False,PWA,72980,"[""all"", ""smoothie"", ""decaf""]",False,,,ORD-1750,2026-10-01T17:06:36Z
ses-20261008-1957,usr-0261,True,PWA,12653,"[""all"", ""tea"", ""coffee""]",False,,,ORD-1751,2026-09-20T20:04:24Z
ses-20261008-1958,usr-0304,True,PWA,65008,"[""all"", ""coffee"", ""ade""]",False,,,ORD-1752,2026-09-17T17:30:36Z
ses-20261008-1959,usr-0395,True,PWA,151432,"[""all"", ""smoothie"", ""coffee""]",False,,,ORD-1753,2026-09-22T17:17:03Z
ses-20261008-1960,guest-0168,False,PWA,110199,"[""all"", ""coffee""]",False,,,ORD-1754,2026-09-23T22:47:30Z
ses-20261008-1961,usr-0394,True,PWA,26088,"[""all"", ""smoothie"", ""coffee""]",False,,,ORD-1755,2026-10-01T04:37:13Z
ses-20261008-1962,usr-0206,True,PWA,105168,"[""all"", ""ade""]",False,,,ORD-1756,2026-09-19T20:11:28Z
ses-20261008-1963,usr-0247,True,PWA,112420,"[""all"", ""smoothie"", ""decaf"", ""ade""]",False,,,ORD-1757,2026-10-01T20:28:38Z
ses-20261008-1964,usr-0345,True,PWA,90458,"[""all"", ""tea"", ""decaf"", ""smoothie""]",False,,,ORD-1758,2026-09-23T03:28:45Z
ses-20261008-1965,usr-0279,True,PWA,28684,"[""all"", ""tea""]",False,,,ORD-1759,2026-10-09T02:23:41Z
ses-20261008-1966,usr-0254,True,PWA,115438,"[""all"", ""coffee""]",True,CART_SHEET,PRICE_HIGH,,2026-09-26T02:39:53Z
ses-20261008-1967,usr-0073,True,PWA,84629,"[""all"", ""decaf""]",False,,,ORD-1760,2026-09-18T22:50:02Z
ses-20261008-1968,guest-0108,False,PWA,86089,"[""all"", ""smoothie""]",True,PAY_POPUP,PRICE_HIGH,,2026-09-21T16:21:57Z
ses-20261008-1969,usr-0088,True,PWA,27032,"[""all"", ""smoothie"", ""ade"", ""decaf""]",False,,,ORD-1761,2026-10-08T20:45:55Z
ses-20261008-1970,usr-0046,True,PWA,126703,"[""all"", ""tea""]",False,,,ORD-1762,2026-09-18T00:10:42Z
ses-20261008-1971,usr-0312,True,PWA,46184,"[""all"", ""ade"", ""decaf""]",False,,,ORD-1763,2026-09-23T22:37:45Z
ses-20261008-1972,guest-0184,False,PWA,74782,"[""all"", ""smoothie"", ""tea"", ""ade""]",False,,,ORD-1764,2026-09-20T01:42:04Z
ses-20261008-1973,usr-0061,True,PWA,72571,"[""all"", ""tea""]",False,,,ORD-1765,2026-09-16T02:41:34Z
ses-20261008-1974,usr-0193,True,PWA,108830,"[""all"", ""tea"", ""ade""]",False,,,ORD-1766,2026-09-16T04:21:03Z
ses-20261008-1975,usr-0215,True,PWA,39203,"[""all"", ""tea"", ""decaf""]",False,,,ORD-1767,2026-10-06T01:23:47Z
ses-20261008-1976,usr-0028,True,PWA,113822,"[""all"", ""ade""]",False,,,ORD-1768,2026-10-05T01:48:44Z
ses-20261008-1977,guest-0004,False,PWA,111010,"[""all"", ""smoothie"", ""coffee""]",False,,,ORD-1769,2026-09-25T17:10:34Z
ses-20261008-1978,usr-0204,True,PWA,92197,"[""all"", ""ade"", ""coffee""]",False,,,ORD-1770,2026-10-04T17:54:55Z
ses-20261008-1979,guest-0106,False,PWA,113216,"[""all"", ""ade"", ""smoothie""]",False,,,ORD-1771,2026-09-29T17:43:03Z
ses-20261008-1980,guest-0139,False,PWA,93709,"[""all"", ""ade""]",False,,,ORD-1772,2026-10-02T02:16:49Z
ses-20261008-1981,usr-0357,True,PWA,25837,"[""all"", ""ade""]",False,,,ORD-1773,2026-09-22T16:36:45Z
ses-20261008-1982,guest-0056,False,PWA,103871,"[""all"", ""ade""]",False,,,ORD-1774,2026-09-27T20:46:42Z
ses-20261008-1983,usr-0312,True,PWA,122636,"[""all"", ""smoothie""]",False,,,ORD-1775,2026-10-05T22:41:15Z
ses-20261008-1984,usr-0276,True,PWA,26413,"[""all"", ""coffee"", ""ade"", ""decaf""]",False,,,ORD-1776,2026-09-17T22:56:41Z
ses-20261008-1985,guest-0007,False,PWA,91601,"[""all"", ""ade""]",False,,,ORD-1777,2026-09-24T04:03:19Z
ses-20261008-1986,usr-0361,True,PWA,76366,"[""all"", ""decaf""]",False,,,ORD-1778,2026-10-06T04:43:10Z
ses-20261008-1987,guest-0075,False,PWA,114218,"[""all"", ""smoothie""]",False,,,ORD-1779,2026-09-25T01:57:40Z
ses-20261008-1988,usr-0348,True,PWA,20771,"[""all"", ""ade"", ""smoothie""]",False,,,ORD-1780,2026-09-15T17:31:45Z
ses-20261008-1989,usr-0212,True,PWA,85968,"[""all"", ""ade""]",False,,,ORD-1781,2026-09-17T21:11:49Z
ses-20261008-1990,guest-0020,False,PWA,83865,"[""all"", ""smoothie"", ""tea"", ""coffee""]",False,,,ORD-1782,2026-10-04T20:00:08Z
ses-20261008-1991,usr-0217,True,PWA,25262,"[""all"", ""ade""]",False,,,ORD-1783,2026-10-01T17:47:23Z
ses-20261008-1992,guest-0123,False,PWA,138579,"[""all"", ""coffee"", ""tea"", ""ade""]",False,,,ORD-1784,2026-09-27T20:43:23Z
ses-20261008-1993,usr-0111,True,PWA,24007,"[""all"", ""ade"", ""tea"", ""decaf""]",False,,,ORD-1785,2026-10-04T20:29:20Z
ses-20261008-1994,usr-0380,True,PWA,122378,"[""all"", ""coffee""]",False,,,ORD-1786,2026-10-01T01:20:27Z
ses-20261008-1995,guest-0079,False,PWA,103899,"[""all"", ""decaf"", ""tea"", ""ade""]",False,,,ORD-1787,2026-10-01T17:02:30Z
ses-20261008-1996,usr-0238,True,PWA,72345,"[""all"", ""decaf""]",False,,,ORD-1788,2026-10-08T16:33:03Z
ses-20261008-1997,usr-0070,True,PWA,144478,"[""all"", ""ade""]",False,,,ORD-1789,2026-10-06T04:01:49Z
ses-20261008-1998,usr-0250,True,PWA,63622,"[""all"", ""coffee"", ""decaf""]",False,,,ORD-1790,2026-09-17T17:37:37Z
ses-20261008-1999,guest-0168,False,PWA,63309,"[""all"", ""smoothie"", ""ade"", ""coffee""]",False,,,ORD-1791,2026-09-23T04:24:51Z
ses-20261008-2000,usr-0337,True,PWA,107619,"[""all"", ""tea"", ""smoothie""]",False,,,ORD-1792,2026-09-22T01:53:16Z
ses-20261008-2001,usr-0019,True,PWA,80817,"[""all"", ""tea""]",False,,,ORD-1793,2026-09-27T20:33:46Z
ses-20261008-2002,usr-0171,True,PWA,106448,"[""all"", ""coffee""]",False,,,ORD-1794,2026-10-06T03:58:11Z
ses-20261008-2003,usr-0001,True,PWA,93672,"[""all"", ""decaf"", ""smoothie""]",False,,,ORD-1795,2026-10-07T04:56:32Z
ses-20261008-2004,guest-0131,False,PWA,102513,"[""all"", ""ade"", ""decaf""]",False,,,ORD-1796,2026-09-15T21:35:42Z
ses-20261008-2005,guest-0107,False,PWA,109685,"[""all"", ""coffee"", ""decaf""]",False,,,ORD-1797,2026-09-21T23:49:04Z
ses-20261008-2006,usr-0367,True,PWA,36964,"[""all"", ""coffee"", ""smoothie"", ""tea"", ""ade""]",False,,,ORD-1798,2026-09-23T16:35:48Z
ses-20261008-2007,usr-0199,True,PWA,136529,"[""all"", ""coffee""]",False,,,ORD-1799,2026-09-15T16:43:13Z
ses-20261008-2008,usr-0163,True,PWA,145453,"[""all"", ""ade""]",True,CART_SHEET,PRICE_HIGH,,2026-10-04T22:26:13Z
ses-20261008-2009,usr-0284,True,PWA,137177,"[""all"", ""coffee"", ""decaf"", ""tea""]",True,CART_SHEET,PRICE_HIGH,,2026-10-03T17:14:06Z
ses-20261008-2010,usr-0327,True,PWA,69502,"[""all"", ""coffee"", ""tea""]",False,,,ORD-1800,2026-09-20T16:04:13Z
ses-20261008-2011,usr-0239,True,PWA,113228,"[""all"", ""ade"", ""decaf""]",False,,,ORD-1801,2026-09-30T17:10:02Z
ses-20261008-2012,usr-0167,True,PWA,90453,"[""all"", ""coffee"", ""ade""]",False,,,ORD-1802,2026-09-17T17:24:07Z
ses-20261008-2013,usr-0301,True,PWA,21009,"[""all"", ""tea""]",False,,,ORD-1803,2026-09-19T16:30:19Z
ses-20261008-2014,guest-0124,False,PWA,113478,"[""all"", ""coffee"", ""decaf"", ""smoothie""]",True,CART_SHEET,WAIT_TIME_LONG,,2026-09-23T16:37:20Z
ses-20261008-2015,usr-0350,True,PWA,149946,"[""all"", ""decaf""]",False,,,ORD-1804,2026-09-27T20:05:45Z
ses-20261008-2016,guest-0100,False,PWA,105764,"[""all"", ""decaf"", ""coffee""]",False,,,ORD-1805,2026-10-08T16:03:06Z
ses-20261008-2017,usr-0179,True,PWA,30623,"[""all"", ""decaf"", ""tea"", ""smoothie"", ""ade""]",False,,,ORD-1806,2026-09-16T21:07:58Z
ses-20261008-2018,usr-0345,True,PWA,25569,"[""all"", ""smoothie"", ""ade""]",False,,,ORD-1807,2026-10-06T04:18:12Z
ses-20261008-2019,guest-0143,False,PWA,121340,"[""all"", ""ade""]",False,,,ORD-1808,2026-09-30T16:53:14Z
ses-20261008-2020,usr-0152,True,PWA,114835,"[""all"", ""coffee"", ""tea"", ""ade"", ""decaf""]",False,,,ORD-1809,2026-09-26T21:00:35Z
ses-20261008-2021,usr-0105,True,PWA,103622,"[""all"", ""decaf""]",False,,,ORD-1810,2026-09-28T20:50:39Z
ses-20261008-2022,usr-0152,True,PWA,112481,"[""all"", ""tea""]",False,,,ORD-1811,2026-09-18T21:00:10Z
ses-20261008-2023,usr-0017,True,PWA,115556,"[""all"", ""decaf""]",False,,,ORD-1812,2026-09-18T21:39:02Z
ses-20261008-2024,guest-0109,False,PWA,149965,"[""all"", ""coffee""]",False,,,ORD-1813,2026-10-05T21:27:06Z
ses-20261008-2025,usr-0183,True,PWA,89382,"[""all"", ""coffee"", ""decaf"", ""ade""]",False,,,ORD-1814,2026-09-27T16:35:16Z
ses-20261008-2026,usr-0074,True,PWA,150000,"[""all"", ""tea""]",True,PAY_POPUP,PRICE_HIGH,,2026-10-01T17:48:53Z
ses-20261008-2027,usr-0171,True,PWA,134622,"[""all"", ""decaf"", ""smoothie"", ""tea""]",False,,,ORD-1815,2026-09-19T16:59:43Z
ses-20261008-2028,usr-0022,True,PWA,131994,"[""all"", ""decaf"", ""tea"", ""coffee""]",False,,,ORD-1816,2026-09-25T17:31:14Z
ses-20261008-2029,usr-0377,True,PWA,29011,"[""all"", ""coffee"", ""ade""]",False,,,ORD-1817,2026-09-15T17:56:06Z
ses-20261008-2030,guest-0152,False,PWA,109306,"[""all"", ""smoothie"", ""tea""]",True,OPTION_MODAL,TIMEOUT_60S,,2026-09-19T02:32:29Z
ses-20261008-2031,usr-0355,True,PWA,107637,"[""all"", ""ade""]",True,CART_SHEET,PRICE_HIGH,,2026-10-05T17:26:31Z
ses-20261008-2032,guest-0059,False,PWA,107648,"[""all"", ""smoothie"", ""coffee"", ""decaf""]",False,,,ORD-1818,2026-09-20T23:10:16Z
ses-20261008-2033,guest-0028,False,PWA,78641,"[""all"", ""smoothie""]",False,,,ORD-1819,2026-09-23T16:19:12Z
ses-20261008-2034,guest-0023,False,PWA,90708,"[""all"", ""tea""]",False,,,ORD-1820,2026-10-03T16:10:43Z
ses-20261008-2035,usr-0177,True,PWA,116824,"[""all"", ""tea"", ""smoothie""]",False,,,ORD-1821,2026-10-06T20:51:27Z
ses-20261008-2036,usr-0214,True,PWA,127361,"[""all"", ""smoothie""]",False,,,ORD-1822,2026-09-24T20:04:41Z
ses-20261008-2037,usr-0310,True,PWA,117742,"[""all"", ""ade""]",True,PAY_POPUP,PRICE_HIGH,,2026-09-23T16:02:07Z
ses-20261008-2038,guest-0003,False,PWA,53338,"[""all"", ""ade"", ""coffee""]",False,,,ORD-1823,2026-10-01T20:56:43Z
ses-20261008-2039,usr-0088,True,PWA,89278,"[""all"", ""decaf""]",False,,,ORD-1824,2026-09-28T16:16:44Z
ses-20261008-2040,usr-0382,True,PWA,26369,"[""all"", ""decaf""]",False,,,ORD-1825,2026-09-15T16:41:14Z
ses-20261008-2041,usr-0251,True,PWA,34317,"[""all"", ""smoothie""]",False,,,ORD-1826,2026-09-28T16:46:30Z
ses-20261008-2042,usr-0326,True,PWA,79406,"[""all"", ""tea""]",True,OPTION_MODAL,PRICE_HIGH,,2026-09-30T22:35:04Z
ses-20261008-2043,usr-0274,True,PWA,84105,"[""all"", ""coffee""]",False,,,ORD-1827,2026-09-22T16:05:12Z
ses-20261008-2044,usr-0354,True,PWA,150000,"[""all"", ""tea"", ""coffee""]",True,OPTION_MODAL,TIMEOUT_60S,,2026-10-06T16:00:21Z
ses-20261008-2045,usr-0313,True,PWA,112302,"[""all"", ""coffee"", ""tea""]",False,,,ORD-1828,2026-10-05T17:57:40Z
ses-20261008-2046,usr-0374,True,PWA,88404,"[""all"", ""ade""]",True,CART_SHEET,TIMEOUT_60S,,2026-09-19T16:02:28Z
ses-20261008-2047,guest-0022,False,PWA,114139,"[""all"", ""smoothie"", ""decaf"", ""ade""]",False,,,ORD-1829,2026-09-25T20:14:03Z
ses-20261008-2048,guest-0041,False,PWA,106580,"[""all"", ""decaf""]",False,,,ORD-1830,2026-09-17T02:48:26Z
ses-20261008-2049,usr-0232,True,PWA,77833,"[""all"", ""tea"", ""ade"", ""smoothie"", ""coffee""]",False,,,ORD-1831,2026-09-30T02:45:26Z
ses-20261008-2050,usr-0213,True,PWA,121486,"[""all"", ""ade"", ""smoothie""]",False,,,ORD-1832,2026-09-28T02:43:15Z
ses-20261008-2051,usr-0353,True,PWA,66730,"[""all"", ""decaf""]",False,,,ORD-1833,2026-10-04T17:32:14Z
ses-20261008-2052,usr-0138,True,PWA,126908,"[""all"", ""smoothie"", ""coffee"", ""decaf""]",True,OPTION_MODAL,PRICE_HIGH,,2026-09-23T16:22:53Z
ses-20261008-2053,usr-0280,True,PWA,28279,"[""all"", ""smoothie"", ""decaf"", ""coffee"", ""ade""]",False,,,ORD-1834,2026-09-18T02:46:00Z
ses-20261008-2054,usr-0252,True,PWA,18833,"[""all"", ""decaf"", ""coffee"", ""ade""]",False,,,ORD-1835,2026-09-23T16:27:39Z
ses-20261008-2055,usr-0053,True,PWA,96468,"[""all"", ""decaf"", ""tea"", ""ade""]",False,,,ORD-1836,2026-10-05T01:58:00Z
ses-20261008-2056,usr-0207,True,PWA,88185,"[""all"", ""smoothie""]",False,,,ORD-1837,2026-09-26T21:20:30Z
ses-20261008-2057,guest-0081,False,PWA,145224,"[""all"", ""coffee"", ""decaf""]",False,,,ORD-1838,2026-09-30T17:07:03Z
ses-20261008-2058,usr-0011,True,PWA,84296,"[""all"", ""smoothie""]",False,,,ORD-1839,2026-10-07T17:44:23Z
ses-20261008-2059,usr-0235,True,PWA,29829,"[""all"", ""smoothie"", ""tea""]",False,,,ORD-1840,2026-09-26T00:16:25Z
ses-20261008-2060,guest-0112,False,PWA,82063,"[""all"", ""coffee"", ""smoothie""]",False,,,ORD-1841,2026-10-03T20:34:45Z
ses-20261008-2061,usr-0228,True,PWA,126574,"[""all"", ""decaf""]",False,,,ORD-1842,2026-09-23T16:51:47Z
ses-20261008-2062,guest-0018,False,PWA,79322,"[""all"", ""ade"", ""smoothie""]",False,,,ORD-1843,2026-10-06T16:17:54Z
ses-20261008-2063,usr-0128,True,PWA,95314,"[""all"", ""decaf""]",False,,,ORD-1844,2026-09-16T20:26:22Z
ses-20261008-2064,guest-0156,False,PWA,107585,"[""all"", ""tea"", ""ade""]",False,,,ORD-1845,2026-09-26T23:47:08Z
ses-20261008-2065,guest-0034,False,PWA,120202,"[""all"", ""tea"", ""ade""]",False,,,ORD-1846,2026-09-16T00:21:16Z
ses-20261008-2066,usr-0250,True,PWA,37463,"[""all"", ""decaf"", ""smoothie""]",False,,,ORD-1847,2026-09-24T01:53:32Z
ses-20261008-2067,usr-0041,True,PWA,102915,"[""all"", ""decaf""]",False,,,ORD-1848,2026-09-24T16:20:37Z
ses-20261008-2068,usr-0309,True,PWA,150000,"[""all"", ""coffee""]",True,OPTION_MODAL,WAIT_TIME_LONG,,2026-09-25T16:35:30Z
ses-20261008-2069,guest-0063,False,PWA,150000,"[""all"", ""smoothie""]",True,CART_SHEET,TIMEOUT_60S,,2026-10-04T17:24:51Z
ses-20261008-2070,usr-0268,True,PWA,97531,"[""all"", ""ade""]",False,,,ORD-1849,2026-10-04T20:43:57Z
ses-20261008-2071,usr-0166,True,PWA,162061,"[""all"", ""smoothie"", ""ade"", ""decaf""]",False,,,ORD-1850,2026-09-28T03:53:39Z
ses-20261008-2072,usr-0036,True,PWA,141943,"[""all"", ""decaf""]",False,,,ORD-1851,2026-09-28T02:48:35Z
ses-20261008-2073,usr-0232,True,PWA,138594,"[""all"", ""tea""]",False,,,ORD-1852,2026-09-15T23:25:19Z
ses-20261008-2074,guest-0136,False,PWA,96695,"[""all"", ""coffee""]",False,,,ORD-1853,2026-10-04T17:58:32Z
ses-20261008-2075,usr-0205,True,PWA,120360,"[""all"", ""coffee""]",False,,,ORD-1854,2026-10-01T21:38:02Z
ses-20261008-2076,usr-0264,True,PWA,143666,"[""all"", ""coffee"", ""tea""]",False,,,ORD-1855,2026-10-07T16:29:27Z
ses-20261008-2077,guest-0080,False,PWA,146515,"[""all"", ""smoothie""]",False,,,ORD-1856,2026-09-19T17:16:50Z
ses-20261008-2078,guest-0073,False,PWA,128858,"[""all"", ""smoothie""]",False,,,ORD-1857,2026-09-17T16:34:19Z
ses-20261008-2079,guest-0093,False,PWA,65812,"[""all"", ""coffee"", ""tea""]",False,,,ORD-1858,2026-09-24T20:08:52Z
ses-20261008-2080,guest-0132,False,PWA,93920,"[""all"", ""ade"", ""tea""]",False,,,ORD-1859,2026-10-04T16:57:19Z
ses-20261008-2081,guest-0192,False,PWA,114607,"[""all"", ""decaf""]",False,,,ORD-1860,2026-10-05T16:53:48Z
ses-20261008-2082,usr-0358,True,PWA,21232,"[""all"", ""ade""]",False,,,ORD-1861,2026-10-03T02:42:16Z
ses-20261008-2083,usr-0316,True,PWA,108663,"[""all"", ""ade"", ""smoothie""]",False,,,ORD-1862,2026-09-15T21:06:06Z
ses-20261008-2084,guest-0033,False,PWA,87115,"[""all"", ""decaf""]",False,,,ORD-1863,2026-10-02T17:16:43Z
ses-20261008-2085,usr-0176,True,PWA,108158,"[""all"", ""ade""]",False,,,ORD-1864,2026-10-06T16:54:02Z
ses-20261008-2086,guest-0186,False,PWA,119287,"[""all"", ""ade""]",False,,,ORD-1865,2026-09-28T00:38:31Z
ses-20261008-2087,usr-0037,True,PWA,116477,"[""all"", ""ade"", ""smoothie""]",True,OPTION_MODAL,PRICE_HIGH,,2026-09-15T21:05:34Z
ses-20261008-2088,guest-0004,False,PWA,101198,"[""all"", ""decaf"", ""tea""]",False,,,ORD-1866,2026-10-07T00:30:11Z
ses-20261008-2089,usr-0393,True,PWA,90421,"[""all"", ""coffee"", ""smoothie""]",False,,,ORD-1867,2026-10-06T21:48:50Z
ses-20261008-2090,usr-0274,True,PWA,125473,"[""all"", ""coffee"", ""decaf"", ""ade""]",False,,,ORD-1868,2026-10-05T21:33:28Z
ses-20261008-2091,usr-0011,True,PWA,91349,"[""all"", ""smoothie""]",False,,,ORD-1869,2026-10-05T21:58:34Z
ses-20261008-2092,guest-0001,False,PWA,90666,"[""all"", ""smoothie"", ""tea""]",False,,,ORD-1870,2026-09-18T16:48:12Z
ses-20261008-2093,guest-0199,False,PWA,84108,"[""all"", ""coffee""]",False,,,ORD-1871,2026-09-27T21:17:30Z
ses-20261008-2094,usr-0391,True,PWA,94256,"[""all"", ""decaf""]",False,,,ORD-1872,2026-09-21T16:04:47Z
ses-20261008-2095,usr-0020,True,PWA,27715,"[""all"", ""tea"", ""coffee"", ""decaf""]",False,,,ORD-1873,2026-10-02T21:09:35Z
ses-20261008-2096,usr-0060,True,PWA,87672,"[""all"", ""tea"", ""smoothie""]",False,,,ORD-1874,2026-09-16T21:03:27Z
ses-20261008-2097,usr-0312,True,PWA,90623,"[""all"", ""decaf"", ""coffee"", ""ade""]",False,,,ORD-1875,2026-09-15T21:30:39Z
ses-20261008-2098,usr-0011,True,PWA,124219,"[""all"", ""ade"", ""decaf""]",False,,,ORD-1876,2026-09-22T23:25:40Z
ses-20261008-2099,guest-0056,False,PWA,106414,"[""all"", ""smoothie"", ""ade""]",False,,,ORD-1877,2026-10-09T01:33:18Z
ses-20261008-2100,usr-0238,True,PWA,104812,"[""all"", ""ade"", ""decaf""]",False,,,ORD-1878,2026-09-16T16:25:49Z
ses-20261008-2101,guest-0163,False,PWA,150000,"[""all"", ""tea""]",True,PAY_POPUP,PRICE_HIGH,,2026-09-21T17:32:10Z
ses-20261008-2102,usr-0028,True,PWA,22428,"[""all"", ""coffee"", ""smoothie"", ""ade""]",False,,,ORD-1879,2026-10-09T04:59:53Z
ses-20261008-2103,usr-0399,True,PWA,123854,"[""all"", ""coffee""]",True,OPTION_MODAL,WAIT_TIME_LONG,,2026-09-30T02:05:06Z
ses-20261008-2104,usr-0338,True,PWA,104099,"[""all"", ""coffee""]",False,,,ORD-1880,2026-09-30T03:14:58Z
ses-20261008-2105,guest-0079,False,PWA,86491,"[""all"", ""ade"", ""smoothie""]",False,,,ORD-1881,2026-09-18T16:22:55Z
ses-20261008-2106,usr-0368,True,PWA,31877,"[""all"", ""coffee"", ""smoothie""]",False,,,ORD-1882,2026-09-30T23:43:53Z
ses-20261008-2107,usr-0128,True,PWA,140006,"[""all"", ""coffee"", ""ade""]",False,,,ORD-1883,2026-10-06T20:06:16Z
ses-20261008-2108,usr-0115,True,PWA,96490,"[""all"", ""decaf""]",False,,,ORD-1884,2026-09-16T21:58:31Z
ses-20261008-2109,usr-0065,True,PWA,108309,"[""all"", ""decaf"", ""coffee""]",False,,,ORD-1885,2026-10-06T22:27:11Z
ses-20261008-2110,guest-0053,False,PWA,88825,"[""all"", ""decaf"", ""smoothie""]",False,,,ORD-1886,2026-09-28T17:33:03Z
ses-20261008-2111,guest-0062,False,PWA,98876,"[""all"", ""tea""]",False,,,ORD-1887,2026-09-15T21:31:19Z
ses-20261008-2112,usr-0285,True,PWA,103442,"[""all"", ""tea""]",False,,,ORD-1888,2026-09-24T16:24:08Z
ses-20261008-2113,usr-0137,True,PWA,118005,"[""all"", ""ade"", ""decaf"", ""tea"", ""smoothie""]",False,,,ORD-1889,2026-09-15T16:39:28Z
ses-20261008-2114,usr-0191,True,PWA,83831,"[""all"", ""coffee"", ""ade""]",False,,,ORD-1890,2026-10-07T21:20:16Z
ses-20261008-2115,usr-0153,True,PWA,21997,"[""all"", ""coffee"", ""smoothie""]",False,,,ORD-1891,2026-09-18T16:07:11Z
ses-20261008-2116,guest-0093,False,PWA,120330,"[""all"", ""tea""]",False,,,ORD-1892,2026-09-19T16:24:55Z
ses-20261008-2117,usr-0053,True,PWA,71710,"[""all"", ""smoothie""]",False,,,ORD-1893,2026-10-05T22:02:41Z
ses-20261008-2118,usr-0364,True,PWA,89364,"[""all"", ""smoothie""]",False,,,ORD-1894,2026-09-15T20:29:30Z
ses-20261008-2119,usr-0139,True,PWA,105572,"[""all"", ""tea"", ""coffee""]",False,,,ORD-1895,2026-09-30T21:00:58Z
ses-20261008-2120,usr-0152,True,PWA,71552,"[""all"", ""tea""]",False,,,ORD-1896,2026-09-16T16:29:26Z
ses-20261008-2121,usr-0212,True,PWA,107556,"[""all"", ""coffee"", ""decaf""]",False,,,ORD-1897,2026-09-17T04:00:23Z
ses-20261008-2122,usr-0246,True,PWA,17904,"[""all"", ""tea"", ""coffee""]",False,,,ORD-1898,2026-10-05T16:03:58Z
ses-20261008-2123,guest-0147,False,PWA,94962,"[""all"", ""smoothie"", ""decaf""]",False,,,ORD-1899,2026-10-08T16:13:55Z
ses-20261008-2124,guest-0033,False,PWA,111688,"[""all"", ""ade"", ""tea""]",False,,,ORD-1900,2026-09-29T23:53:52Z
ses-20261008-2125,usr-0299,True,PWA,109558,"[""all"", ""ade""]",False,,,ORD-1901,2026-10-06T01:41:41Z
ses-20261008-2126,usr-0336,True,PWA,64300,"[""all"", ""decaf""]",False,,,ORD-1902,2026-09-21T20:56:27Z
ses-20261008-2127,guest-0174,False,PWA,116792,"[""all"", ""tea""]",False,,,ORD-1903,2026-10-04T17:29:36Z
ses-20261008-2128,guest-0144,False,PWA,134386,"[""all"", ""ade"", ""decaf""]",False,,,ORD-1904,2026-10-05T03:40:10Z
ses-20261008-2129,guest-0133,False,PWA,92238,"[""all"", ""coffee"", ""decaf""]",False,,,ORD-1905,2026-09-27T16:56:31Z
ses-20261008-2130,guest-0115,False,PWA,84817,"[""all"", ""ade"", ""smoothie"", ""decaf"", ""coffee""]",False,,,ORD-1906,2026-09-25T20:21:22Z
ses-20261008-2131,usr-0400,True,PWA,86934,"[""all"", ""decaf""]",False,,,ORD-1907,2026-09-21T20:17:45Z
ses-20261008-2132,usr-0072,True,PWA,65268,"[""all"", ""smoothie"", ""decaf"", ""coffee""]",False,,,ORD-1908,2026-09-24T21:03:39Z
ses-20261008-2133,usr-0068,True,PWA,24111,"[""all"", ""coffee"", ""decaf"", ""ade""]",False,,,ORD-1909,2026-10-06T20:39:06Z
ses-20261008-2134,usr-0136,True,PWA,131029,"[""all"", ""decaf""]",False,,,ORD-1910,2026-09-19T16:10:12Z
ses-20261008-2135,usr-0257,True,PWA,79303,"[""all"", ""tea""]",False,,,ORD-1911,2026-09-30T21:23:46Z
ses-20261008-2136,guest-0131,False,PWA,134259,"[""all"", ""ade""]",False,,,ORD-1912,2026-09-30T16:03:03Z
ses-20261008-2137,usr-0004,True,PWA,86722,"[""all"", ""smoothie""]",False,,,ORD-1913,2026-09-25T00:23:02Z
ses-20261008-2138,usr-0316,True,PWA,90929,"[""all"", ""coffee"", ""tea""]",False,,,ORD-1914,2026-09-26T17:10:11Z
ses-20261008-2139,guest-0183,False,PWA,41827,"[""all"", ""coffee""]",False,,,ORD-1915,2026-10-07T21:18:52Z
ses-20261008-2140,guest-0121,False,PWA,85864,"[""all"", ""smoothie"", ""tea""]",False,,,ORD-1916,2026-09-24T02:40:19Z
ses-20261008-2141,usr-0373,True,PWA,74592,"[""all"", ""decaf""]",False,,,ORD-1917,2026-09-25T20:34:18Z
ses-20261008-2142,usr-0251,True,PWA,114435,"[""all"", ""decaf"", ""smoothie""]",False,,,ORD-1918,2026-09-24T17:59:21Z
ses-20261008-2143,usr-0354,True,PWA,27285,"[""all"", ""ade"", ""decaf""]",False,,,ORD-1919,2026-09-22T17:06:10Z
ses-20261008-2144,usr-0256,True,PWA,29788,"[""all"", ""ade"", ""tea""]",False,,,ORD-1920,2026-09-18T03:11:51Z
ses-20261008-2145,usr-0254,True,PWA,73258,"[""all"", ""coffee""]",False,,,ORD-1921,2026-10-07T16:06:29Z
ses-20261008-2146,usr-0383,True,PWA,133132,"[""all"", ""ade""]",False,,,ORD-1922,2026-09-28T02:15:46Z
ses-20261008-2147,usr-0373,True,PWA,135694,"[""all"", ""smoothie"", ""ade""]",True,OPTION_MODAL,PRICE_HIGH,,2026-09-23T02:30:08Z
ses-20261008-2148,usr-0370,True,PWA,111097,"[""all"", ""coffee""]",False,,,ORD-1923,2026-09-22T17:09:56Z
ses-20261008-2149,usr-0116,True,PWA,113956,"[""all"", ""decaf"", ""tea""]",False,,,ORD-1924,2026-10-04T17:23:41Z
ses-20261008-2150,usr-0188,True,PWA,148387,"[""all"", ""tea""]",True,CART_SHEET,PRICE_HIGH,,2026-09-26T21:37:35Z
ses-20261008-2151,usr-0399,True,PWA,148117,"[""all"", ""ade""]",False,,,ORD-1925,2026-09-29T17:37:35Z
ses-20261008-2152,usr-0129,True,PWA,22038,"[""all"", ""ade"", ""coffee""]",False,,,ORD-1926,2026-09-30T03:01:06Z
ses-20261008-2153,guest-0010,False,PWA,104730,"[""all"", ""tea"", ""decaf""]",False,,,ORD-1927,2026-10-05T21:55:37Z
ses-20261008-2154,usr-0389,True,PWA,26858,"[""all"", ""coffee"", ""ade""]",False,,,ORD-1928,2026-09-22T16:48:42Z
ses-20261008-2155,guest-0056,False,PWA,124919,"[""all"", ""tea"", ""ade""]",True,OPTION_MODAL,PRICE_HIGH,,2026-09-20T20:17:00Z
ses-20261008-2156,usr-0148,True,PWA,117220,"[""all"", ""coffee"", ""decaf""]",False,,,ORD-1929,2026-09-22T16:44:08Z
ses-20261008-2157,guest-0146,False,PWA,147184,"[""all"", ""decaf"", ""ade""]",False,,,ORD-1930,2026-09-18T23:21:14Z
ses-20261008-2158,usr-0029,True,PWA,142857,"[""all"", ""tea"", ""smoothie"", ""coffee""]",False,,,ORD-1931,2026-10-03T01:29:37Z
ses-20261008-2159,usr-0249,True,PWA,87013,"[""all"", ""tea"", ""smoothie""]",False,,,ORD-1932,2026-09-22T04:21:27Z
ses-20261008-2160,guest-0177,False,PWA,93638,"[""all"", ""decaf""]",False,,,ORD-1933,2026-09-24T16:04:17Z
ses-20261008-2161,usr-0015,True,PWA,99652,"[""all"", ""ade"", ""coffee"", ""decaf""]",False,,,ORD-1934,2026-09-27T16:49:37Z
ses-20261008-2162,usr-0331,True,PWA,118408,"[""all"", ""ade"", ""coffee""]",False,,,ORD-1935,2026-10-03T16:57:55Z
ses-20261008-2163,guest-0060,False,PWA,108745,"[""all"", ""ade"", ""coffee"", ""decaf""]",False,,,ORD-1936,2026-09-22T01:32:41Z
ses-20261008-2164,usr-0095,True,PWA,101927,"[""all"", ""tea""]",False,,,ORD-1937,2026-09-27T01:08:14Z
ses-20261008-2165,usr-0180,True,PWA,87293,"[""all"", ""ade""]",False,,,ORD-1938,2026-09-20T22:17:35Z
ses-20261008-2166,guest-0001,False,PWA,119912,"[""all"", ""ade""]",False,,,ORD-1939,2026-10-08T16:43:43Z
ses-20261008-2167,usr-0037,True,PWA,142051,"[""all"", ""decaf"", ""coffee"", ""ade""]",False,,,ORD-1940,2026-09-19T21:28:26Z
ses-20261008-2168,usr-0102,True,PWA,21843,"[""all"", ""tea"", ""decaf"", ""smoothie""]",False,,,ORD-1941,2026-10-07T17:20:17Z
ses-20261008-2169,guest-0054,False,PWA,131805,"[""all"", ""tea"", ""coffee""]",False,,,ORD-1942,2026-09-30T16:56:53Z
ses-20261008-2170,usr-0187,True,PWA,92434,"[""all"", ""smoothie""]",False,,,ORD-1943,2026-09-21T01:17:37Z
ses-20261008-2171,usr-0239,True,PWA,128389,"[""all"", ""coffee"", ""decaf""]",False,,,ORD-1944,2026-10-07T01:33:05Z
ses-20261008-2172,usr-0144,True,PWA,105610,"[""all"", ""smoothie"", ""tea""]",False,,,ORD-1945,2026-09-23T20:42:49Z
ses-20261008-2173,usr-0213,True,PWA,94435,"[""all"", ""smoothie""]",False,,,ORD-1946,2026-09-24T17:05:08Z
ses-20261008-2174,usr-0199,True,PWA,167136,"[""all"", ""coffee""]",False,,,ORD-1947,2026-09-28T17:28:51Z
ses-20261008-2175,usr-0176,True,PWA,29128,"[""all"", ""coffee""]",False,,,ORD-1948,2026-09-22T20:06:21Z
ses-20261008-2176,usr-0099,True,PWA,19891,"[""all"", ""ade"", ""coffee"", ""decaf""]",False,,,ORD-1949,2026-09-23T17:06:41Z
ses-20261008-2177,usr-0039,True,PWA,15611,"[""all"", ""decaf"", ""ade""]",False,,,ORD-1950,2026-09-20T17:09:20Z
ses-20261008-2178,usr-0066,True,PWA,128390,"[""all"", ""coffee""]",True,PAY_POPUP,TIMEOUT_60S,,2026-09-25T23:52:15Z
ses-20261008-2179,usr-0336,True,PWA,136449,"[""all"", ""coffee"", ""ade""]",False,,,ORD-1951,2026-10-04T20:53:55Z
ses-20261008-2180,guest-0035,False,PWA,109461,"[""all"", ""ade""]",False,,,ORD-1952,2026-10-06T23:33:33Z
ses-20261008-2181,usr-0170,True,PWA,122781,"[""all"", ""tea""]",True,CART_SHEET,WAIT_TIME_LONG,,2026-09-16T17:16:41Z
ses-20261008-2182,guest-0072,False,PWA,95819,"[""all"", ""tea""]",True,CART_SHEET,WAIT_TIME_LONG,,2026-10-02T16:02:21Z
ses-20261008-2183,usr-0240,True,PWA,90303,"[""all"", ""smoothie""]",False,,,ORD-1953,2026-09-19T23:01:47Z
ses-20261008-2184,usr-0115,True,PWA,19331,"[""all"", ""ade"", ""smoothie""]",False,,,ORD-1954,2026-10-05T20:12:47Z
ses-20261008-2185,usr-0364,True,PWA,138571,"[""all"", ""tea"", ""ade"", ""smoothie""]",False,,,ORD-1955,2026-09-27T20:05:28Z
ses-20261008-2186,usr-0123,True,PWA,117298,"[""all"", ""smoothie"", ""decaf""]",False,,,ORD-1956,2026-10-04T16:42:41Z
ses-20261008-2187,usr-0178,True,PWA,32498,"[""all"", ""ade""]",False,,,ORD-1957,2026-09-16T21:41:31Z
ses-20261008-2188,usr-0319,True,PWA,86852,"[""all"", ""ade"", ""decaf"", ""coffee""]",False,,,ORD-1958,2026-09-20T20:22:23Z
ses-20261008-2189,usr-0300,True,PWA,81134,"[""all"", ""decaf"", ""coffee""]",False,,,ORD-1959,2026-10-05T03:25:05Z
ses-20261008-2190,usr-0357,True,PWA,84799,"[""all"", ""coffee""]",False,,,ORD-1960,2026-09-18T03:27:28Z
ses-20261008-2191,usr-0229,True,PWA,62607,"[""all"", ""coffee"", ""tea""]",False,,,ORD-1961,2026-09-26T20:57:11Z
ses-20261008-2192,usr-0105,True,PWA,137025,"[""all"", ""smoothie"", ""ade""]",False,,,ORD-1962,2026-09-26T03:15:16Z
ses-20261008-2193,usr-0002,True,PWA,22767,"[""all"", ""ade"", ""coffee"", ""tea""]",False,,,ORD-1963,2026-09-22T20:32:09Z
ses-20261008-2194,usr-0010,True,PWA,75369,"[""all"", ""coffee"", ""ade"", ""decaf""]",False,,,ORD-1964,2026-10-01T03:19:17Z
ses-20261008-2195,usr-0239,True,PWA,74618,"[""all"", ""ade""]",False,,,ORD-1965,2026-10-08T01:08:27Z
ses-20261008-2196,usr-0163,True,PWA,131436,"[""all"", ""decaf"", ""tea"", ""coffee""]",False,,,ORD-1966,2026-09-27T21:57:16Z
ses-20261008-2197,usr-0285,True,PWA,123692,"[""all"", ""tea""]",False,,,ORD-1967,2026-09-29T21:19:16Z
ses-20261008-2198,guest-0155,False,PWA,90772,"[""all"", ""ade"", ""tea""]",False,,,ORD-1968,2026-09-24T20:06:33Z
ses-20261008-2199,usr-0205,True,PWA,24346,"[""all"", ""tea"", ""coffee""]",False,,,ORD-1969,2026-10-09T02:20:04Z
ses-20261008-2200,usr-0011,True,PWA,105522,"[""all"", ""decaf"", ""smoothie""]",False,,,ORD-1970,2026-09-28T03:55:20Z
ses-20261008-2201,guest-0065,False,PWA,121770,"[""all"", ""ade""]",False,,,ORD-1971,2026-10-07T20:40:42Z
ses-20261008-2202,usr-0012,True,PWA,25270,"[""all"", ""coffee"", ""tea""]",False,,,ORD-1972,2026-10-01T17:18:38Z
ses-20261008-2203,guest-0058,False,PWA,125701,"[""all"", ""decaf""]",True,PAY_POPUP,PRICE_HIGH,,2026-09-17T16:01:30Z
ses-20261008-2204,usr-0255,True,PWA,25841,"[""all"", ""tea""]",False,,,ORD-1973,2026-10-01T20:04:22Z
ses-20261008-2205,usr-0331,True,PWA,131626,"[""all"", ""tea"", ""smoothie""]",False,,,ORD-1974,2026-10-08T17:48:05Z
ses-20261008-2206,usr-0069,True,PWA,126328,"[""all"", ""coffee""]",False,,,ORD-1975,2026-09-17T00:52:43Z
ses-20261008-2207,guest-0162,False,PWA,123866,"[""all"", ""tea"", ""smoothie""]",False,,,ORD-1976,2026-09-27T23:25:54Z
ses-20261008-2208,guest-0177,False,PWA,115753,"[""all"", ""decaf""]",False,,,ORD-1977,2026-09-21T03:41:15Z
ses-20261008-2209,usr-0041,True,PWA,85093,"[""all"", ""coffee""]",False,,,ORD-1978,2026-09-30T20:38:24Z
ses-20261008-2210,guest-0143,False,PWA,65749,"[""all"", ""tea""]",False,,,ORD-1979,2026-09-30T21:21:16Z
ses-20261008-2211,guest-0166,False,PWA,79639,"[""all"", ""smoothie"", ""decaf"", ""tea""]",False,,,ORD-1980,2026-09-29T02:36:14Z
ses-20261008-2212,usr-0184,True,PWA,142342,"[""all"", ""coffee""]",False,,,ORD-1981,2026-09-25T17:40:10Z
ses-20261008-2213,usr-0339,True,PWA,117738,"[""all"", ""smoothie"", ""decaf""]",False,,,ORD-1982,2026-10-07T22:04:35Z
ses-20261008-2214,guest-0197,False,PWA,126888,"[""all"", ""tea"", ""coffee""]",False,,,ORD-1983,2026-10-07T21:41:41Z
ses-20261008-2215,guest-0138,False,PWA,72535,"[""all"", ""decaf""]",False,,,ORD-1984,2026-09-15T17:32:33Z
ses-20261008-2216,usr-0225,True,PWA,21918,"[""all"", ""smoothie"", ""coffee""]",False,,,ORD-1985,2026-09-29T17:28:35Z
ses-20261008-2217,usr-0243,True,PWA,61750,"[""all"", ""tea""]",False,,,ORD-1986,2026-09-17T17:12:04Z
ses-20261008-2218,guest-0134,False,PWA,84496,"[""all"", ""tea"", ""coffee"", ""ade""]",False,,,ORD-1987,2026-10-08T21:30:56Z
ses-20261008-2219,usr-0352,True,PWA,81750,"[""all"", ""decaf""]",True,CART_SHEET,PRICE_HIGH,,2026-09-29T17:05:40Z
ses-20261008-2220,usr-0078,True,PWA,22761,"[""all"", ""coffee""]",False,,,ORD-1988,2026-10-04T20:50:39Z
ses-20261008-2221,guest-0194,False,PWA,78295,"[""all"", ""tea"", ""decaf""]",True,OPTION_MODAL,TIMEOUT_60S,,2026-09-19T03:56:20Z
ses-20261008-2222,usr-0310,True,PWA,88153,"[""all"", ""smoothie"", ""tea""]",False,,,ORD-1989,2026-09-15T20:27:29Z
ses-20261008-2223,usr-0166,True,PWA,64528,"[""all"", ""tea"", ""coffee""]",False,,,ORD-1990,2026-09-16T00:15:15Z
ses-20261008-2224,usr-0022,True,PWA,116772,"[""all"", ""tea""]",False,,,ORD-1991,2026-09-22T17:00:23Z
ses-20261008-2225,guest-0158,False,PWA,138523,"[""all"", ""smoothie""]",False,,,ORD-1992,2026-10-01T20:27:32Z
ses-20261008-2226,usr-0212,True,PWA,43935,"[""all"", ""coffee""]",False,,,ORD-1993,2026-09-29T23:40:01Z
ses-20261008-2227,usr-0135,True,PWA,112312,"[""all"", ""smoothie"", ""tea""]",False,,,ORD-1994,2026-09-21T21:03:27Z
ses-20261008-2228,guest-0011,False,PWA,113330,"[""all"", ""ade"", ""decaf"", ""tea"", ""smoothie""]",False,,,ORD-1995,2026-09-18T20:49:42Z
ses-20261008-2229,usr-0016,True,PWA,137363,"[""all"", ""smoothie""]",False,,,ORD-1996,2026-09-16T00:43:44Z
ses-20261008-2230,usr-0053,True,PWA,122227,"[""all"", ""ade""]",False,,,ORD-1997,2026-10-09T02:58:22Z
ses-20261008-2231,usr-0195,True,PWA,140884,"[""all"", ""smoothie""]",False,,,ORD-1998,2026-10-04T22:38:55Z
ses-20261008-2232,usr-0039,True,PWA,33988,"[""all"", ""tea""]",False,,,ORD-1999,2026-09-28T22:06:48Z
ses-20261008-2233,usr-0187,True,PWA,98718,"[""all"", ""smoothie"", ""tea"", ""coffee""]",False,,,ORD-2000,2026-10-05T23:41:17Z
ses-20261008-2234,guest-0111,False,PWA,101032,"[""all"", ""decaf"", ""coffee""]",False,,,ORD-2001,2026-10-08T17:43:35Z
ses-20261008-2235,guest-0175,False,PWA,87074,"[""all"", ""ade""]",False,,,ORD-2002,2026-09-27T20:10:45Z
ses-20261008-2236,usr-0321,True,PWA,83859,"[""all"", ""smoothie"", ""decaf"", ""tea""]",False,,,ORD-2003,2026-09-15T16:44:25Z
ses-20261008-2237,guest-0136,False,PWA,68644,"[""all"", ""coffee""]",False,,,ORD-2004,2026-10-07T16:38:16Z
ses-20261008-2238,guest-0156,False,PWA,100889,"[""all"", ""smoothie""]",False,,,ORD-2005,2026-10-07T22:12:30Z
ses-20261008-2239,usr-0182,True,PWA,125844,"[""all"", ""decaf"", ""coffee""]",True,OPTION_MODAL,PRICE_HIGH,,2026-09-21T21:16:33Z
ses-20261008-2240,usr-0061,True,PWA,109370,"[""all"", ""tea"", ""smoothie""]",False,,,ORD-2006,2026-09-23T16:47:04Z
ses-20261008-2241,usr-0129,True,PWA,86626,"[""all"", ""ade"", ""tea""]",False,,,ORD-2007,2026-10-02T02:55:46Z
ses-20261008-2242,usr-0030,True,PWA,26730,"[""all"", ""ade""]",False,,,ORD-2008,2026-10-04T16:07:21Z
ses-20261008-2243,guest-0041,False,PWA,120494,"[""all"", ""tea"", ""smoothie""]",False,,,ORD-2009,2026-09-23T22:38:25Z
ses-20261008-2244,usr-0033,True,PWA,121931,"[""all"", ""smoothie""]",False,,,ORD-2010,2026-09-20T23:44:01Z
ses-20261008-2245,usr-0332,True,PWA,16281,"[""all"", ""ade""]",False,,,ORD-2011,2026-09-21T21:06:18Z
ses-20261008-2246,usr-0346,True,PWA,25515,"[""all"", ""coffee"", ""ade""]",False,,,ORD-2012,2026-10-08T20:21:46Z
ses-20261008-2247,usr-0359,True,PWA,37591,"[""all"", ""coffee""]",False,,,ORD-2013,2026-10-01T21:18:59Z
ses-20261008-2248,guest-0131,False,PWA,133473,"[""all"", ""decaf""]",False,,,ORD-2014,2026-10-08T22:23:21Z
ses-20261008-2249,usr-0398,True,PWA,114097,"[""all"", ""tea""]",False,,,ORD-2015,2026-10-01T20:36:34Z
ses-20261008-2250,usr-0126,True,PWA,29250,"[""all"", ""coffee""]",False,,,ORD-2016,2026-09-18T17:08:46Z
ses-20261008-2251,usr-0218,True,PWA,150686,"[""all"", ""smoothie""]",False,,,ORD-2017,2026-09-24T23:05:18Z
ses-20261008-2252,usr-0219,True,PWA,26757,"[""all"", ""smoothie"", ""decaf"", ""ade""]",False,,,ORD-2018,2026-09-17T01:25:39Z
ses-20261008-2253,guest-0177,False,PWA,54184,"[""all"", ""smoothie"", ""tea""]",False,,,ORD-2019,2026-09-29T01:28:10Z
ses-20261008-2254,usr-0034,True,PWA,122958,"[""all"", ""ade"", ""tea"", ""coffee"", ""smoothie""]",False,,,ORD-2020,2026-09-20T03:52:51Z
ses-20261008-2255,usr-0058,True,PWA,30735,"[""all"", ""decaf"", ""smoothie""]",False,,,ORD-2021,2026-09-29T02:27:25Z
ses-20261008-2256,usr-0035,True,PWA,125980,"[""all"", ""tea"", ""coffee""]",False,,,ORD-2022,2026-09-18T17:34:57Z
ses-20261008-2257,usr-0092,True,PWA,146062,"[""all"", ""ade"", ""smoothie""]",True,PAY_POPUP,PRICE_HIGH,,2026-10-09T00:51:32Z
ses-20261008-2258,usr-0283,True,PWA,82900,"[""all"", ""smoothie""]",False,,,ORD-2023,2026-09-30T16:33:42Z
ses-20261008-2259,usr-0134,True,PWA,105749,"[""all"", ""smoothie"", ""tea"", ""decaf""]",False,,,ORD-2024,2026-10-01T20:17:19Z
ses-20261008-2260,guest-0166,False,PWA,61569,"[""all"", ""smoothie"", ""ade""]",False,,,ORD-2025,2026-09-22T17:29:18Z
ses-20261008-2261,usr-0168,True,PWA,14965,"[""all"", ""ade""]",False,,,ORD-2026,2026-09-24T16:50:21Z
ses-20261008-2262,guest-0162,False,PWA,114701,"[""all"", ""tea""]",False,,,ORD-2027,2026-10-05T20:01:01Z
ses-20261008-2263,usr-0027,True,PWA,19152,"[""all"", ""smoothie"", ""decaf"", ""tea""]",False,,,ORD-2028,2026-09-26T20:20:54Z
ses-20261008-2264,guest-0056,False,PWA,153896,"[""all"", ""tea""]",False,,,ORD-2029,2026-09-29T16:50:09Z
ses-20261008-2265,guest-0132,False,PWA,150000,"[""all"", ""ade""]",True,OPTION_MODAL,TIMEOUT_60S,,2026-09-29T21:28:14Z
ses-20261008-2266,guest-0160,False,PWA,97820,"[""all"", ""ade""]",False,,,ORD-2030,2026-09-21T22:23:46Z
ses-20261008-2267,usr-0298,True,PWA,97370,"[""all"", ""tea"", ""coffee""]",True,OPTION_MODAL,TIMEOUT_60S,,2026-09-23T16:51:02Z
ses-20261008-2268,usr-0211,True,PWA,121645,"[""all"", ""smoothie""]",False,,,ORD-2031,2026-09-19T16:06:53Z
ses-20261008-2269,usr-0092,True,PWA,119916,"[""all"", ""coffee""]",False,,,ORD-2032,2026-09-20T16:57:18Z
ses-20261008-2270,usr-0277,True,PWA,150000,"[""all"", ""smoothie""]",True,OPTION_MODAL,TIMEOUT_60S,,2026-10-08T20:31:49Z
ses-20261008-2271,guest-0129,False,PWA,81476,"[""all"", ""ade""]",False,,,ORD-2033,2026-10-01T16:04:51Z
ses-20261008-2272,usr-0096,True,PWA,99919,"[""all"", ""ade""]",False,,,ORD-2034,2026-09-23T17:35:16Z
ses-20261008-2273,usr-0101,True,PWA,125401,"[""all"", ""ade""]",False,,,ORD-2035,2026-10-06T21:03:08Z
ses-20261008-2274,usr-0389,True,PWA,27475,"[""all"", ""coffee""]",False,,,ORD-2036,2026-10-05T21:16:18Z
ses-20261008-2275,usr-0017,True,PWA,98730,"[""all"", ""tea"", ""decaf"", ""smoothie""]",False,,,ORD-2037,2026-09-25T17:26:49Z
ses-20261008-2276,usr-0304,True,PWA,139846,"[""all"", ""tea"", ""decaf""]",False,,,ORD-2038,2026-09-17T03:48:25Z
ses-20261008-2277,usr-0298,True,PWA,127940,"[""all"", ""decaf""]",False,,,ORD-2039,2026-09-17T21:08:48Z
ses-20261008-2278,usr-0133,True,PWA,115497,"[""all"", ""decaf""]",False,,,ORD-2040,2026-09-26T23:27:27Z
ses-20261008-2279,guest-0029,False,PWA,136285,"[""all"", ""smoothie""]",False,,,ORD-2041,2026-09-26T23:54:24Z
ses-20261008-2280,usr-0355,True,PWA,108690,"[""all"", ""decaf"", ""tea"", ""ade""]",False,,,ORD-2042,2026-09-28T20:17:30Z
ses-20261008-2281,usr-0324,True,PWA,61213,"[""all"", ""tea""]",False,,,ORD-2043,2026-09-19T21:55:36Z
ses-20261008-2282,guest-0008,False,PWA,129046,"[""all"", ""decaf"", ""coffee"", ""ade""]",False,,,ORD-2044,2026-10-06T20:50:39Z
ses-20261008-2283,usr-0371,True,PWA,107962,"[""all"", ""smoothie"", ""tea""]",False,,,ORD-2045,2026-09-16T16:14:25Z
ses-20261008-2284,guest-0046,False,PWA,100655,"[""all"", ""tea"", ""decaf"", ""smoothie"", ""coffee""]",True,CART_SHEET,WAIT_TIME_LONG,,2026-09-21T02:51:20Z
ses-20261008-2285,guest-0049,False,PWA,89838,"[""all"", ""smoothie""]",False,,,ORD-2046,2026-09-20T21:16:23Z
ses-20261008-2286,guest-0088,False,PWA,99866,"[""all"", ""ade""]",False,,,ORD-2047,2026-09-29T16:41:36Z
ses-20261008-2287,usr-0099,True,PWA,20924,"[""all"", ""ade"", ""decaf"", ""coffee"", ""tea""]",False,,,ORD-2048,2026-10-08T20:34:16Z
ses-20261008-2288,usr-0378,True,PWA,59042,"[""all"", ""decaf"", ""coffee""]",False,,,ORD-2049,2026-09-28T21:22:39Z
ses-20261008-2289,usr-0157,True,PWA,104027,"[""all"", ""tea"", ""smoothie"", ""ade""]",False,,,ORD-2050,2026-10-04T00:43:06Z
ses-20261008-2290,guest-0070,False,PWA,144185,"[""all"", ""tea"", ""coffee""]",True,OPTION_MODAL,PRICE_HIGH,,2026-09-19T16:54:11Z
ses-20261008-2291,guest-0050,False,PWA,128995,"[""all"", ""tea""]",False,,,ORD-2051,2026-10-01T16:58:14Z
ses-20261008-2292,usr-0161,True,PWA,154142,"[""all"", ""smoothie""]",False,,,ORD-2052,2026-09-22T00:05:13Z
ses-20261008-2293,usr-0195,True,PWA,115296,"[""all"", ""coffee""]",False,,,ORD-2053,2026-09-23T02:48:22Z
ses-20261008-2294,usr-0073,True,PWA,111913,"[""all"", ""decaf"", ""ade""]",True,CART_SHEET,WAIT_TIME_LONG,,2026-10-07T20:25:59Z
ses-20261008-2295,usr-0236,True,PWA,116617,"[""all"", ""decaf"", ""coffee"", ""tea"", ""smoothie""]",True,OPTION_MODAL,PRICE_HIGH,,2026-09-18T21:36:43Z
ses-20261008-2296,usr-0112,True,PWA,121592,"[""all"", ""ade""]",False,,,ORD-2054,2026-10-02T02:50:14Z
ses-20261008-2297,usr-0356,True,PWA,124430,"[""all"", ""smoothie"", ""coffee""]",False,,,ORD-2055,2026-09-22T20:08:31Z
ses-20261008-2298,usr-0319,True,PWA,92135,"[""all"", ""ade"", ""coffee"", ""decaf""]",False,,,ORD-2056,2026-09-29T17:28:09Z
ses-20261008-2299,guest-0004,False,PWA,82062,"[""all"", ""coffee""]",False,,,ORD-2057,2026-09-18T20:40:23Z
ses-20261008-2300,usr-0239,True,PWA,141700,"[""all"", ""smoothie""]",False,,,ORD-2058,2026-09-20T01:21:18Z
ses-20261008-2301,usr-0101,True,PWA,88594,"[""all"", ""ade""]",False,,,ORD-2059,2026-09-28T20:13:32Z
ses-20261008-2302,usr-0359,True,PWA,101944,"[""all"", ""smoothie"", ""decaf""]",False,,,ORD-2060,2026-10-06T20:55:38Z
ses-20261008-2303,usr-0255,True,PWA,25048,"[""all"", ""tea""]",False,,,ORD-2061,2026-09-18T16:51:27Z
ses-20261008-2304,usr-0341,True,PWA,81785,"[""all"", ""decaf"", ""ade""]",False,,,ORD-2062,2026-10-03T21:32:49Z
ses-20261008-2305,usr-0229,True,PWA,99739,"[""all"", ""decaf""]",False,,,ORD-2063,2026-10-03T17:58:14Z
ses-20261008-2306,guest-0141,False,PWA,157423,"[""all"", ""ade"", ""tea"", ""decaf""]",False,,,ORD-2064,2026-09-26T20:19:01Z
ses-20261008-2307,guest-0060,False,PWA,76133,"[""all"", ""decaf"", ""smoothie""]",False,,,ORD-2065,2026-09-17T04:56:28Z
ses-20261008-2308,guest-0072,False,PWA,125905,"[""all"", ""coffee"", ""smoothie""]",False,,,ORD-2066,2026-09-28T16:17:07Z
ses-20261008-2309,usr-0023,True,PWA,96318,"[""all"", ""smoothie""]",False,,,ORD-2067,2026-09-17T22:19:28Z
ses-20261008-2310,usr-0279,True,PWA,120416,"[""all"", ""tea""]",False,,,ORD-2068,2026-09-24T17:14:12Z
ses-20261008-2311,usr-0103,True,PWA,25383,"[""all"", ""smoothie""]",False,,,ORD-2069,2026-09-16T21:05:13Z
ses-20261008-2312,usr-0104,True,PWA,85729,"[""all"", ""coffee"", ""smoothie"", ""ade""]",False,,,ORD-2070,2026-09-26T20:55:18Z
ses-20261008-2313,usr-0389,True,PWA,111386,"[""all"", ""tea"", ""coffee""]",True,CART_SHEET,TIMEOUT_60S,,2026-10-08T01:07:35Z
ses-20261008-2314,usr-0223,True,PWA,102112,"[""all"", ""smoothie"", ""decaf""]",False,,,ORD-2071,2026-10-06T16:14:04Z
ses-20261008-2315,guest-0061,False,PWA,93235,"[""all"", ""coffee"", ""tea""]",False,,,ORD-2072,2026-10-02T21:36:43Z
ses-20261008-2316,usr-0179,True,PWA,20030,"[""all"", ""tea"", ""smoothie""]",False,,,ORD-2073,2026-09-25T03:44:11Z
ses-20261008-2317,usr-0319,True,PWA,27937,"[""all"", ""coffee""]",False,,,ORD-2074,2026-09-19T16:30:40Z
ses-20261008-2318,usr-0315,True,PWA,138172,"[""all"", ""smoothie"", ""tea"", ""coffee""]",False,,,ORD-2075,2026-09-25T16:01:24Z
ses-20261008-2319,usr-0201,True,PWA,105561,"[""all"", ""ade""]",False,,,ORD-2076,2026-10-01T20:15:35Z
ses-20261008-2320,usr-0159,True,PWA,104435,"[""all"", ""coffee""]",False,,,ORD-2077,2026-09-30T20:28:17Z
ses-20261008-2321,usr-0169,True,PWA,99211,"[""all"", ""decaf""]",False,,,ORD-2078,2026-10-04T20:22:49Z
ses-20261008-2322,usr-0386,True,PWA,24201,"[""all"", ""ade""]",False,,,ORD-2079,2026-10-04T21:52:53Z
ses-20261008-2323,usr-0253,True,PWA,16994,"[""all"", ""tea""]",False,,,ORD-2080,2026-10-04T20:13:44Z
ses-20261008-2324,usr-0083,True,PWA,97419,"[""all"", ""ade"", ""tea""]",False,,,ORD-2081,2026-09-18T23:19:23Z
ses-20261008-2325,guest-0154,False,PWA,140047,"[""all"", ""ade""]",False,,,ORD-2082,2026-09-16T21:55:19Z
ses-20261008-2326,guest-0075,False,PWA,84067,"[""all"", ""smoothie"", ""decaf"", ""ade"", ""tea""]",False,,,ORD-2083,2026-10-01T21:58:19Z
ses-20261008-2327,usr-0307,True,PWA,16014,"[""all"", ""coffee"", ""decaf"", ""tea""]",False,,,ORD-2084,2026-10-09T01:59:17Z
ses-20261008-2328,usr-0159,True,PWA,16931,"[""all"", ""coffee"", ""decaf""]",False,,,ORD-2085,2026-09-20T21:39:31Z
ses-20261008-2329,usr-0113,True,PWA,125852,"[""all"", ""ade""]",False,,,ORD-2086,2026-10-01T23:32:23Z
ses-20261008-2330,usr-0298,True,PWA,77663,"[""all"", ""tea""]",False,,,ORD-2087,2026-10-07T00:44:52Z
ses-20261008-2331,guest-0162,False,PWA,87458,"[""all"", ""ade"", ""decaf""]",False,,,ORD-2088,2026-09-17T16:08:43Z
ses-20261008-2332,usr-0322,True,PWA,97534,"[""all"", ""ade""]",False,,,ORD-2089,2026-10-04T20:27:37Z
ses-20261008-2333,guest-0147,False,PWA,105458,"[""all"", ""decaf""]",False,,,ORD-2090,2026-10-07T16:31:42Z
ses-20261008-2334,guest-0081,False,PWA,91840,"[""all"", ""coffee""]",False,,,ORD-2091,2026-10-06T17:38:48Z
ses-20261008-2335,guest-0054,False,PWA,83938,"[""all"", ""tea"", ""coffee""]",False,,,ORD-2092,2026-09-24T03:22:38Z
ses-20261008-2336,usr-0090,True,PWA,103062,"[""all"", ""coffee""]",False,,,ORD-2093,2026-09-25T17:19:07Z
ses-20261008-2337,guest-0169,False,PWA,62867,"[""all"", ""smoothie"", ""ade"", ""coffee""]",False,,,ORD-2094,2026-09-16T04:25:05Z
ses-20261008-2338,usr-0082,True,PWA,93039,"[""all"", ""tea"", ""decaf""]",False,,,ORD-2095,2026-09-30T20:44:26Z
ses-20261008-2339,guest-0135,False,PWA,69385,"[""all"", ""tea""]",False,,,ORD-2096,2026-10-05T17:07:01Z
ses-20261008-2340,guest-0154,False,PWA,69858,"[""all"", ""smoothie"", ""tea""]",False,,,ORD-2097,2026-09-24T04:22:59Z
ses-20261008-2341,usr-0340,True,PWA,145121,"[""all"", ""smoothie""]",False,,,ORD-2098,2026-10-07T22:07:46Z
ses-20261008-2342,guest-0026,False,PWA,64500,"[""all"", ""tea""]",False,,,ORD-2099,2026-09-19T21:49:38Z
ses-20261008-2343,usr-0378,True,PWA,83288,"[""all"", ""ade""]",False,,,ORD-2100,2026-09-16T23:11:56Z
ses-20261008-2344,usr-0244,True,PWA,71787,"[""all"", ""ade"", ""coffee"", ""smoothie"", ""decaf""]",False,,,ORD-2101,2026-09-18T22:51:18Z
ses-20261008-2345,guest-0161,False,PWA,89552,"[""all"", ""coffee""]",False,,,ORD-2102,2026-09-18T17:43:17Z
ses-20261008-2346,usr-0084,True,PWA,106709,"[""all"", ""smoothie"", ""decaf""]",False,,,ORD-2103,2026-09-20T17:54:09Z
ses-20261008-2347,usr-0055,True,PWA,80535,"[""all"", ""smoothie"", ""ade""]",False,,,ORD-2104,2026-09-19T17:53:49Z
ses-20261008-2348,guest-0027,False,PWA,76968,"[""all"", ""decaf"", ""ade""]",False,,,ORD-2105,2026-09-22T17:34:58Z
ses-20261008-2349,guest-0113,False,PWA,121487,"[""all"", ""coffee"", ""ade""]",True,OPTION_MODAL,WAIT_TIME_LONG,,2026-09-19T21:53:09Z
ses-20261008-2350,usr-0185,True,PWA,99981,"[""all"", ""smoothie"", ""ade"", ""coffee""]",True,CART_SHEET,PRICE_HIGH,,2026-09-28T17:37:00Z
ses-20261008-2351,usr-0356,True,PWA,102325,"[""all"", ""tea"", ""ade""]",False,,,ORD-2106,2026-09-26T20:51:18Z
ses-20261008-2352,usr-0122,True,PWA,108316,"[""all"", ""smoothie"", ""ade""]",False,,,ORD-2107,2026-10-04T17:44:38Z
ses-20261008-2353,usr-0163,True,PWA,132090,"[""all"", ""ade""]",False,,,ORD-2108,2026-09-15T23:17:48Z
ses-20261008-2354,usr-0346,True,PWA,39046,"[""all"", ""decaf"", ""smoothie""]",False,,,ORD-2109,2026-09-16T23:10:15Z
ses-20261008-2355,guest-0136,False,PWA,118421,"[""all"", ""decaf""]",False,,,ORD-2110,2026-09-26T02:40:29Z
ses-20261008-2356,usr-0268,True,PWA,61581,"[""all"", ""decaf"", ""ade"", ""coffee""]",True,CART_SHEET,WAIT_TIME_LONG,,2026-09-26T22:33:07Z
ses-20261008-2357,guest-0144,False,PWA,120886,"[""all"", ""decaf""]",False,,,ORD-2111,2026-09-22T16:26:16Z
ses-20261008-2358,usr-0139,True,PWA,90949,"[""all"", ""tea""]",False,,,ORD-2112,2026-09-16T23:11:18Z
ses-20261008-2359,usr-0151,True,PWA,125263,"[""all"", ""smoothie""]",False,,,ORD-2113,2026-10-05T17:48:10Z
ses-20261008-2360,usr-0308,True,PWA,16767,"[""all"", ""decaf"", ""tea""]",False,,,ORD-2114,2026-09-17T17:54:07Z
ses-20261008-2361,usr-0020,True,PWA,72386,"[""all"", ""decaf"", ""tea"", ""coffee""]",False,,,ORD-2115,2026-09-29T20:22:09Z
ses-20261008-2362,usr-0011,True,PWA,122957,"[""all"", ""tea"", ""decaf""]",True,OPTION_MODAL,PRICE_HIGH,,2026-09-19T21:03:07Z
ses-20261008-2363,usr-0018,True,PWA,69764,"[""all"", ""ade""]",False,,,ORD-2116,2026-09-15T17:48:34Z
ses-20261008-2364,usr-0188,True,PWA,109701,"[""all"", ""tea""]",False,,,ORD-2117,2026-10-01T17:14:55Z
ses-20261008-2365,usr-0017,True,PWA,93383,"[""all"", ""tea""]",False,,,ORD-2118,2026-10-08T22:03:09Z
ses-20261008-2366,usr-0387,True,PWA,33723,"[""all"", ""smoothie"", ""coffee"", ""tea""]",False,,,ORD-2119,2026-10-07T21:24:14Z
ses-20261008-2367,usr-0105,True,PWA,69308,"[""all"", ""smoothie"", ""tea""]",False,,,ORD-2120,2026-09-29T17:27:27Z
ses-20261008-2368,guest-0044,False,PWA,105733,"[""all"", ""decaf""]",False,,,ORD-2121,2026-10-07T17:16:09Z
ses-20261008-2369,usr-0385,True,PWA,30514,"[""all"", ""coffee""]",False,,,ORD-2122,2026-10-01T20:04:06Z
ses-20261008-2370,guest-0188,False,PWA,99100,"[""all"", ""coffee""]",True,CART_SHEET,TIMEOUT_60S,,2026-10-06T16:16:00Z
ses-20261008-2371,guest-0120,False,PWA,82172,"[""all"", ""decaf""]",False,,,ORD-2123,2026-10-05T02:45:33Z
ses-20261008-2372,usr-0325,True,PWA,102574,"[""all"", ""smoothie"", ""ade""]",False,,,ORD-2124,2026-10-02T21:36:36Z
ses-20261008-2373,usr-0264,True,PWA,87857,"[""all"", ""coffee"", ""smoothie""]",False,,,ORD-2125,2026-09-23T21:56:43Z
ses-20261008-2374,usr-0207,True,PWA,84222,"[""all"", ""decaf""]",False,,,ORD-2126,2026-09-29T21:23:06Z
ses-20261008-2375,usr-0080,True,PWA,125404,"[""all"", ""coffee""]",True,CART_SHEET,PRICE_HIGH,,2026-09-29T16:28:57Z
ses-20261008-2376,guest-0165,False,PWA,70590,"[""all"", ""smoothie"", ""ade""]",False,,,ORD-2127,2026-09-27T16:51:49Z
ses-20261008-2377,usr-0148,True,PWA,121561,"[""all"", ""smoothie"", ""tea""]",False,,,ORD-2128,2026-09-25T00:50:06Z
ses-20261008-2378,usr-0374,True,PWA,73207,"[""all"", ""smoothie"", ""coffee"", ""decaf"", ""ade""]",False,,,ORD-2129,2026-10-08T21:02:04Z
ses-20261008-2379,usr-0358,True,PWA,107992,"[""all"", ""tea"", ""smoothie""]",False,,,ORD-2130,2026-09-22T20:26:51Z
ses-20261008-2380,usr-0111,True,PWA,106421,"[""all"", ""decaf"", ""coffee"", ""tea""]",False,,,ORD-2131,2026-09-19T21:24:47Z
ses-20261008-2381,usr-0203,True,PWA,137408,"[""all"", ""coffee"", ""decaf"", ""smoothie""]",False,,,ORD-2132,2026-10-02T22:20:06Z
ses-20261008-2382,usr-0245,True,PWA,82732,"[""all"", ""coffee""]",False,,,ORD-2133,2026-09-17T16:18:39Z
ses-20261008-2383,guest-0152,False,PWA,55557,"[""all"", ""coffee""]",False,,,ORD-2134,2026-09-25T21:07:27Z
ses-20261008-2384,guest-0041,False,PWA,108896,"[""all"", ""ade"", ""coffee"", ""tea""]",False,,,ORD-2135,2026-10-07T16:58:20Z
ses-20261008-2385,usr-0111,True,PWA,130372,"[""all"", ""ade"", ""decaf""]",False,,,ORD-2136,2026-09-23T02:14:07Z
ses-20261008-2386,usr-0269,True,PWA,150000,"[""all"", ""tea"", ""decaf""]",True,CART_SHEET,TIMEOUT_60S,,2026-09-28T21:17:19Z
ses-20261008-2387,usr-0100,True,PWA,61816,"[""all"", ""decaf""]",False,,,ORD-2137,2026-10-04T17:39:27Z
ses-20261008-2388,guest-0167,False,PWA,128403,"[""all"", ""smoothie""]",False,,,ORD-2138,2026-09-24T22:58:40Z
ses-20261008-2389,usr-0209,True,PWA,74154,"[""all"", ""smoothie"", ""coffee"", ""tea""]",False,,,ORD-2139,2026-09-26T20:15:44Z
ses-20261008-2390,usr-0165,True,PWA,20738,"[""all"", ""decaf"", ""ade"", ""tea""]",False,,,ORD-2140,2026-09-24T00:08:31Z
ses-20261008-2391,guest-0008,False,PWA,128615,"[""all"", ""smoothie""]",False,,,ORD-2141,2026-10-08T16:54:19Z
ses-20261008-2392,usr-0171,True,PWA,105112,"[""all"", ""tea"", ""decaf""]",True,PAY_POPUP,WAIT_TIME_LONG,,2026-10-08T17:24:26Z
ses-20261008-2393,guest-0196,False,PWA,150000,"[""all"", ""tea""]",True,PAY_POPUP,PRICE_HIGH,,2026-09-29T01:42:23Z
ses-20261008-2394,usr-0001,True,PWA,92960,"[""all"", ""decaf""]",False,,,ORD-2142,2026-09-18T17:40:25Z
ses-20261008-2395,usr-0079,True,PWA,87483,"[""all"", ""coffee""]",False,,,ORD-2143,2026-09-21T16:39:17Z
ses-20261008-2396,guest-0036,False,PWA,131333,"[""all"", ""decaf"", ""coffee""]",False,,,ORD-2144,2026-09-19T00:04:02Z
ses-20261008-2397,usr-0330,True,PWA,113473,"[""all"", ""smoothie"", ""tea""]",False,,,ORD-2145,2026-09-28T20:53:40Z
ses-20261008-2398,guest-0122,False,PWA,104119,"[""all"", ""ade""]",True,CART_SHEET,PRICE_HIGH,,2026-09-17T17:54:11Z
ses-20261008-2399,guest-0188,False,PWA,97366,"[""all"", ""decaf"", ""coffee""]",False,,,ORD-2146,2026-09-28T03:12:32Z
ses-20261008-2400,guest-0035,False,PWA,58727,"[""all"", ""ade""]",False,,,ORD-2147,2026-10-02T03:51:52Z
ses-20261008-2401,usr-0334,True,PWA,134445,"[""all"", ""decaf""]",False,,,ORD-2148,2026-09-23T16:00:07Z
ses-20261008-2402,usr-0318,True,PWA,132054,"[""all"", ""tea"", ""decaf""]",False,,,ORD-2149,2026-10-02T20:47:27Z
ses-20261008-2403,guest-0051,False,PWA,120035,"[""all"", ""tea""]",False,,,ORD-2150,2026-10-04T16:55:40Z
ses-20261008-2404,usr-0049,True,PWA,71763,"[""all"", ""tea""]",False,,,ORD-2151,2026-10-08T22:28:22Z
ses-20261008-2405,usr-0220,True,PWA,36271,"[""all"", ""smoothie"", ""coffee"", ""tea""]",False,,,ORD-2152,2026-10-03T16:35:31Z
ses-20261008-2406,usr-0043,True,PWA,88891,"[""all"", ""tea"", ""ade""]",False,,,ORD-2153,2026-09-17T03:34:57Z
ses-20261008-2407,usr-0307,True,PWA,26273,"[""all"", ""smoothie"", ""ade""]",False,,,ORD-2154,2026-10-04T17:42:34Z
ses-20261008-2408,usr-0384,True,PWA,139223,"[""all"", ""tea"", ""ade""]",False,,,ORD-2155,2026-09-26T17:24:39Z
ses-20261008-2409,guest-0023,False,PWA,102308,"[""all"", ""tea""]",False,,,ORD-2156,2026-09-25T21:19:01Z
ses-20261008-2410,usr-0219,True,PWA,24123,"[""all"", ""smoothie""]",False,,,ORD-2157,2026-09-26T20:44:57Z
ses-20261008-2411,usr-0262,True,PWA,120553,"[""all"", ""coffee"", ""decaf"", ""tea""]",False,,,ORD-2158,2026-09-24T21:19:59Z
ses-20261008-2412,guest-0089,False,PWA,66327,"[""all"", ""tea""]",False,,,ORD-2159,2026-09-18T20:25:15Z
ses-20261008-2413,usr-0195,True,PWA,12603,"[""all"", ""ade"", ""coffee"", ""tea""]",False,,,ORD-2160,2026-09-28T01:03:11Z
ses-20261008-2414,usr-0185,True,PWA,129529,"[""all"", ""smoothie"", ""ade""]",False,,,ORD-2161,2026-10-07T16:03:26Z
ses-20261008-2415,usr-0140,True,PWA,112125,"[""all"", ""ade""]",False,,,ORD-2162,2026-09-15T21:12:36Z
ses-20261008-2416,usr-0055,True,PWA,135350,"[""all"", ""decaf"", ""tea""]",False,,,ORD-2163,2026-09-27T20:37:13Z
ses-20261008-2417,guest-0033,False,PWA,65541,"[""all"", ""coffee"", ""smoothie""]",False,,,ORD-2164,2026-09-18T20:06:54Z
ses-20261008-2418,usr-0306,True,PWA,115011,"[""all"", ""smoothie""]",False,,,ORD-2165,2026-09-17T16:10:32Z
ses-20261008-2419,usr-0149,True,PWA,85345,"[""all"", ""smoothie"", ""decaf""]",False,,,ORD-2166,2026-10-03T16:20:08Z
ses-20261008-2420,usr-0173,True,PWA,132082,"[""all"", ""ade"", ""decaf""]",False,,,ORD-2167,2026-09-18T20:29:10Z
ses-20261008-2421,usr-0104,True,PWA,93506,"[""all"", ""decaf""]",False,,,ORD-2168,2026-09-24T21:19:37Z
ses-20261008-2422,usr-0091,True,PWA,140351,"[""all"", ""smoothie"", ""decaf""]",False,,,ORD-2169,2026-09-19T00:57:20Z
ses-20261008-2423,usr-0166,True,PWA,26551,"[""all"", ""smoothie""]",False,,,ORD-2170,2026-10-07T21:44:47Z
ses-20261008-2424,guest-0165,False,PWA,97695,"[""all"", ""coffee"", ""smoothie"", ""tea""]",False,,,ORD-2171,2026-10-01T23:16:55Z
ses-20261008-2425,usr-0366,True,PWA,70037,"[""all"", ""decaf"", ""tea"", ""coffee""]",False,,,ORD-2172,2026-09-17T01:40:03Z
ses-20261008-2426,usr-0241,True,PWA,142683,"[""all"", ""coffee"", ""decaf"", ""smoothie"", ""tea""]",True,OPTION_MODAL,TIMEOUT_60S,,2026-09-18T22:33:11Z
ses-20261008-2427,usr-0377,True,PWA,32142,"[""all"", ""tea"", ""coffee""]",False,,,ORD-2173,2026-10-06T17:12:43Z
ses-20261008-2428,usr-0261,True,PWA,82183,"[""all"", ""ade"", ""decaf""]",False,,,ORD-2174,2026-10-01T01:33:35Z
ses-20261008-2429,guest-0023,False,PWA,83835,"[""all"", ""decaf""]",False,,,ORD-2175,2026-09-30T04:53:18Z
ses-20261008-2430,guest-0196,False,PWA,80014,"[""all"", ""decaf"", ""ade"", ""coffee""]",False,,,ORD-2176,2026-09-30T21:25:33Z
ses-20261008-2431,usr-0387,True,PWA,140431,"[""all"", ""tea"", ""decaf"", ""smoothie""]",False,,,ORD-2177,2026-09-20T17:26:23Z
ses-20261008-2432,usr-0085,True,PWA,116743,"[""all"", ""decaf""]",False,,,ORD-2178,2026-10-07T20:19:49Z
ses-20261008-2433,usr-0326,True,PWA,141294,"[""all"", ""ade""]",True,OPTION_MODAL,TIMEOUT_60S,,2026-09-21T17:25:48Z
ses-20261008-2434,guest-0132,False,PWA,103206,"[""all"", ""decaf"", ""ade"", ""coffee""]",False,,,ORD-2179,2026-10-05T17:35:52Z
ses-20261008-2435,guest-0008,False,PWA,133855,"[""all"", ""ade""]",True,OPTION_MODAL,WAIT_TIME_LONG,,2026-09-20T17:02:13Z
ses-20261008-2436,usr-0033,True,PWA,120303,"[""all"", ""smoothie"", ""decaf""]",False,,,ORD-2180,2026-09-25T03:07:51Z
ses-20261008-2437,guest-0157,False,PWA,111519,"[""all"", ""ade"", ""tea""]",False,,,ORD-2181,2026-09-20T16:31:08Z
ses-20261008-2438,usr-0373,True,PWA,12000,"[""all"", ""ade""]",False,,,ORD-2182,2026-09-23T20:39:57Z
ses-20261008-2439,usr-0354,True,PWA,116459,"[""all"", ""tea""]",False,,,ORD-2183,2026-10-03T03:49:32Z
ses-20261008-2440,guest-0123,False,PWA,102036,"[""all"", ""tea""]",False,,,ORD-2184,2026-09-15T21:40:00Z
ses-20261008-2441,guest-0051,False,PWA,129164,"[""all"", ""decaf"", ""coffee""]",False,,,ORD-2185,2026-09-15T20:14:38Z
ses-20261008-2442,usr-0156,True,PWA,98956,"[""all"", ""tea"", ""decaf""]",False,,,ORD-2186,2026-10-04T21:44:17Z
ses-20261008-2443,guest-0074,False,PWA,132843,"[""all"", ""decaf""]",False,,,ORD-2187,2026-09-25T21:56:20Z
ses-20261008-2444,usr-0123,True,PWA,107465,"[""all"", ""ade"", ""decaf"", ""smoothie""]",False,,,ORD-2188,2026-10-07T22:36:17Z
ses-20261008-2445,guest-0065,False,PWA,103255,"[""all"", ""decaf""]",False,,,ORD-2189,2026-09-30T20:12:35Z
ses-20261008-2446,usr-0200,True,PWA,133861,"[""all"", ""tea"", ""decaf""]",False,,,ORD-2190,2026-10-04T20:42:55Z
ses-20261008-2447,usr-0230,True,PWA,104222,"[""all"", ""smoothie"", ""ade"", ""coffee""]",False,,,ORD-2191,2026-09-21T21:34:06Z
ses-20261008-2448,usr-0069,True,PWA,110885,"[""all"", ""decaf""]",False,,,ORD-2192,2026-09-18T20:24:33Z
ses-20261008-2449,guest-0105,False,PWA,147929,"[""all"", ""smoothie"", ""decaf"", ""tea""]",False,,,ORD-2193,2026-10-06T20:34:05Z
ses-20261008-2450,guest-0156,False,PWA,98935,"[""all"", ""decaf""]",False,,,ORD-2194,2026-09-16T21:16:58Z
ses-20261008-2451,usr-0029,True,PWA,127295,"[""all"", ""smoothie"", ""tea""]",False,,,ORD-2195,2026-10-07T16:17:35Z
ses-20261008-2452,usr-0240,True,PWA,123559,"[""all"", ""smoothie""]",False,,,ORD-2196,2026-09-28T00:30:48Z
ses-20261008-2453,usr-0397,True,PWA,138766,"[""all"", ""decaf"", ""tea""]",False,,,ORD-2197,2026-09-15T17:27:57Z
ses-20261008-2454,usr-0370,True,PWA,98929,"[""all"", ""ade""]",False,,,ORD-2198,2026-10-04T21:14:53Z
ses-20261008-2455,usr-0083,True,PWA,125111,"[""all"", ""coffee""]",True,PAY_POPUP,PRICE_HIGH,,2026-09-19T21:55:58Z
ses-20261008-2456,usr-0255,True,PWA,120379,"[""all"", ""smoothie"", ""decaf"", ""ade""]",False,,,ORD-2199,2026-09-15T17:47:03Z
ses-20261008-2457,usr-0333,True,PWA,125692,"[""all"", ""coffee"", ""tea""]",False,,,ORD-2200,2026-10-04T20:59:27Z
ses-20261008-2458,guest-0089,False,PWA,85442,"[""all"", ""ade"", ""decaf"", ""tea""]",False,,,ORD-2201,2026-10-03T16:55:09Z
ses-20261008-2459,usr-0043,True,PWA,104914,"[""all"", ""smoothie"", ""tea"", ""coffee""]",False,,,ORD-2202,2026-09-21T21:41:05Z
ses-20261008-2460,usr-0190,True,PWA,114041,"[""all"", ""coffee""]",False,,,ORD-2203,2026-10-07T17:52:52Z
ses-20261008-2461,guest-0007,False,PWA,140307,"[""all"", ""ade""]",True,PAY_POPUP,TIMEOUT_60S,,2026-10-06T20:53:33Z
ses-20261008-2462,guest-0102,False,PWA,73984,"[""all"", ""decaf"", ""ade""]",False,,,ORD-2204,2026-09-19T20:00:49Z
ses-20261008-2463,usr-0360,True,PWA,95728,"[""all"", ""decaf"", ""coffee""]",False,,,ORD-2205,2026-10-08T21:20:16Z
ses-20261008-2464,usr-0096,True,PWA,165597,"[""all"", ""smoothie""]",False,,,ORD-2206,2026-09-30T20:43:23Z
ses-20261008-2465,usr-0333,True,PWA,85971,"[""all"", ""coffee""]",False,,,ORD-2207,2026-09-24T17:55:06Z
ses-20261008-2466,usr-0179,True,PWA,69622,"[""all"", ""smoothie"", ""ade""]",False,,,ORD-2208,2026-10-04T17:41:23Z
ses-20261008-2467,usr-0078,True,PWA,53262,"[""all"", ""tea""]",False,,,ORD-2209,2026-10-03T22:45:12Z
ses-20261008-2468,usr-0392,True,PWA,81577,"[""all"", ""decaf""]",False,,,ORD-2210,2026-09-24T16:10:05Z
ses-20261008-2469,usr-0276,True,PWA,110563,"[""all"", ""decaf""]",False,,,ORD-2211,2026-09-22T17:23:10Z
ses-20261008-2470,usr-0283,True,PWA,127336,"[""all"", ""decaf"", ""coffee"", ""smoothie"", ""ade""]",False,,,ORD-2212,2026-09-27T20:47:42Z
ses-20261008-2471,guest-0014,False,PWA,97010,"[""all"", ""ade"", ""smoothie""]",False,,,ORD-2213,2026-09-18T00:14:43Z
ses-20261008-2472,guest-0136,False,PWA,101363,"[""all"", ""coffee"", ""ade""]",False,,,ORD-2214,2026-10-01T22:22:42Z
ses-20261008-2473,usr-0073,True,PWA,81233,"[""all"", ""ade"", ""tea""]",False,,,ORD-2215,2026-09-27T21:18:54Z
ses-20261008-2474,usr-0397,True,PWA,121097,"[""all"", ""smoothie""]",False,,,ORD-2216,2026-09-19T16:53:27Z
ses-20261008-2475,guest-0169,False,PWA,127612,"[""all"", ""tea""]",False,,,ORD-2217,2026-09-26T23:05:42Z
ses-20261008-2476,usr-0384,True,PWA,50310,"[""all"", ""decaf""]",False,,,ORD-2218,2026-09-20T16:30:48Z
ses-20261008-2477,usr-0111,True,PWA,23064,"[""all"", ""ade"", ""coffee""]",False,,,ORD-2219,2026-10-06T00:44:43Z
ses-20261008-2478,usr-0215,True,PWA,152307,"[""all"", ""decaf""]",False,,,ORD-2220,2026-09-19T00:26:21Z
ses-20261008-2479,usr-0134,True,PWA,85101,"[""all"", ""tea""]",False,,,ORD-2221,2026-09-25T16:18:06Z
ses-20261008-2480,usr-0311,True,PWA,26875,"[""all"", ""ade"", ""tea""]",False,,,ORD-2222,2026-09-18T17:13:15Z
ses-20261008-2481,guest-0028,False,PWA,92249,"[""all"", ""tea"", ""decaf"", ""smoothie""]",False,,,ORD-2223,2026-09-27T21:04:22Z
ses-20261008-2482,usr-0154,True,PWA,22151,"[""all"", ""ade"", ""decaf""]",False,,,ORD-2224,2026-09-26T17:06:17Z
ses-20261008-2483,usr-0240,True,PWA,57042,"[""all"", ""decaf"", ""coffee"", ""ade""]",False,,,ORD-2225,2026-09-20T21:46:04Z
ses-20261008-2484,usr-0160,True,PWA,112922,"[""all"", ""coffee""]",True,CART_SHEET,TIMEOUT_60S,,2026-10-09T03:16:21Z
ses-20261008-2485,usr-0184,True,PWA,76550,"[""all"", ""smoothie"", ""tea"", ""coffee""]",False,,,ORD-2226,2026-10-07T22:32:05Z
ses-20261008-2486,usr-0107,True,PWA,130955,"[""all"", ""coffee""]",False,,,ORD-2227,2026-09-20T03:56:02Z
ses-20261008-2487,usr-0289,True,PWA,86835,"[""all"", ""ade""]",False,,,ORD-2228,2026-09-30T03:53:23Z
ses-20261008-2488,usr-0131,True,PWA,93573,"[""all"", ""coffee"", ""smoothie""]",False,,,ORD-2229,2026-09-15T22:16:41Z
ses-20261008-2489,guest-0041,False,PWA,87938,"[""all"", ""coffee""]",False,,,ORD-2230,2026-10-07T21:56:52Z
ses-20261008-2490,guest-0144,False,PWA,102078,"[""all"", ""smoothie"", ""ade""]",False,,,ORD-2231,2026-10-03T17:04:41Z
ses-20261008-2491,guest-0052,False,PWA,110703,"[""all"", ""smoothie""]",False,,,ORD-2232,2026-10-02T17:26:27Z
ses-20261008-2492,usr-0038,True,PWA,110921,"[""all"", ""ade""]",False,,,ORD-2233,2026-09-24T16:52:50Z
ses-20261008-2493,usr-0355,True,PWA,138589,"[""all"", ""decaf""]",False,,,ORD-2234,2026-09-19T21:55:18Z
ses-20261008-2494,usr-0011,True,PWA,119390,"[""all"", ""tea"", ""ade""]",True,CART_SHEET,WAIT_TIME_LONG,,2026-09-29T04:36:40Z
ses-20261008-2495,usr-0165,True,PWA,130930,"[""all"", ""coffee"", ""decaf""]",False,,,ORD-2235,2026-09-29T02:34:02Z
ses-20261008-2496,usr-0115,True,PWA,35187,"[""all"", ""tea""]",False,,,ORD-2236,2026-09-19T17:58:16Z
ses-20261008-2497,guest-0030,False,PWA,122528,"[""all"", ""coffee""]",False,,,ORD-2237,2026-09-24T16:58:30Z
ses-20261008-2498,usr-0092,True,PWA,106177,"[""all"", ""smoothie""]",True,CART_SHEET,PRICE_HIGH,,2026-09-28T20:12:58Z
ses-20261008-2499,usr-0368,True,PWA,27048,"[""all"", ""ade"", ""smoothie"", ""coffee""]",False,,,ORD-2238,2026-09-27T23:05:02Z
ses-20261008-2500,usr-0287,True,PWA,31756,"[""all"", ""tea""]",False,,,ORD-2239,2026-10-08T20:40:24Z
ses-20261008-2501,usr-0314,True,PWA,51379,"[""all"", ""smoothie""]",False,,,ORD-2240,2026-10-04T20:38:46Z
ses-20261008-2502,usr-0322,True,PWA,138088,"[""all"", ""tea""]",True,OPTION_MODAL,WAIT_TIME_LONG,,2026-10-03T17:17:24Z
ses-20261008-2503,usr-0005,True,PWA,27437,"[""all"", ""ade""]",False,,,ORD-2241,2026-09-16T16:23:21Z
ses-20261008-2504,usr-0243,True,PWA,157967,"[""all"", ""decaf"", ""ade""]",False,,,ORD-2242,2026-09-16T17:26:27Z
ses-20261008-2505,guest-0194,False,PWA,100509,"[""all"", ""decaf""]",False,,,ORD-2243,2026-09-17T17:53:29Z
ses-20261008-2506,usr-0339,True,PWA,67479,"[""all"", ""decaf"", ""ade"", ""smoothie""]",False,,,ORD-2244,2026-09-19T21:02:35Z
ses-20261008-2507,usr-0363,True,PWA,134537,"[""all"", ""coffee"", ""decaf"", ""ade"", ""smoothie""]",False,,,ORD-2245,2026-10-02T21:08:41Z
ses-20261008-2508,usr-0002,True,PWA,113585,"[""all"", ""tea""]",False,,,ORD-2246,2026-09-27T00:00:42Z
ses-20261008-2509,usr-0232,True,PWA,99665,"[""all"", ""tea"", ""ade""]",False,,,ORD-2247,2026-09-19T17:44:14Z
ses-20261008-2510,usr-0360,True,PWA,122219,"[""all"", ""tea""]",False,,,ORD-2248,2026-10-09T01:33:41Z
ses-20261008-2511,usr-0394,True,PWA,121771,"[""all"", ""decaf"", ""coffee""]",False,,,ORD-2249,2026-09-27T21:56:10Z
ses-20261008-2512,guest-0082,False,PWA,132433,"[""all"", ""coffee""]",False,,,ORD-2250,2026-10-04T17:21:41Z
ses-20261008-2513,guest-0141,False,PWA,104623,"[""all"", ""tea""]",False,,,ORD-2251,2026-09-29T17:12:29Z
ses-20261008-2514,guest-0018,False,PWA,107130,"[""all"", ""decaf"", ""ade""]",False,,,ORD-2252,2026-09-18T21:32:14Z
ses-20261008-2515,guest-0080,False,PWA,110978,"[""all"", ""ade"", ""tea"", ""decaf""]",True,CART_SHEET,WAIT_TIME_LONG,,2026-10-07T20:04:22Z
ses-20261008-2516,usr-0383,True,PWA,151315,"[""all"", ""tea"", ""decaf""]",False,,,ORD-2253,2026-09-24T16:32:48Z
ses-20261008-2517,usr-0209,True,PWA,95953,"[""all"", ""tea""]",False,,,ORD-2254,2026-09-27T03:20:35Z
ses-20261008-2518,usr-0080,True,PWA,20376,"[""all"", ""smoothie""]",False,,,ORD-2255,2026-09-24T17:32:13Z
ses-20261008-2519,usr-0098,True,PWA,121115,"[""all"", ""ade"", ""tea"", ""smoothie""]",False,,,ORD-2256,2026-10-05T16:16:06Z
ses-20261008-2520,usr-0146,True,PWA,157403,"[""all"", ""smoothie"", ""decaf"", ""tea""]",False,,,ORD-2257,2026-09-21T21:32:41Z
ses-20261008-2521,guest-0023,False,PWA,104764,"[""all"", ""decaf"", ""tea""]",False,,,ORD-2258,2026-10-07T16:08:31Z
ses-20261008-2522,usr-0320,True,PWA,103170,"[""all"", ""ade"", ""smoothie""]",False,,,ORD-2259,2026-09-19T00:07:19Z
ses-20261008-2523,usr-0215,True,PWA,97440,"[""all"", ""smoothie"", ""coffee""]",False,,,ORD-2260,2026-10-02T02:32:29Z
ses-20261008-2524,usr-0281,True,PWA,110518,"[""all"", ""coffee""]",False,,,ORD-2261,2026-10-01T16:27:36Z
ses-20261008-2525,usr-0071,True,PWA,21806,"[""all"", ""ade"", ""decaf"", ""smoothie""]",False,,,ORD-2262,2026-09-30T16:57:14Z
ses-20261008-2526,usr-0024,True,PWA,74150,"[""all"", ""decaf"", ""ade""]",False,,,ORD-2263,2026-09-21T16:14:14Z
ses-20261008-2527,usr-0225,True,PWA,117640,"[""all"", ""tea"", ""smoothie"", ""coffee""]",False,,,ORD-2264,2026-10-03T03:28:34Z
ses-20261008-2528,guest-0097,False,PWA,133889,"[""all"", ""coffee""]",False,,,ORD-2265,2026-09-25T20:01:57Z
ses-20261008-2529,usr-0303,True,PWA,156170,"[""all"", ""ade""]",False,,,ORD-2266,2026-10-01T16:00:48Z
ses-20261008-2530,usr-0100,True,PWA,104094,"[""all"", ""decaf"", ""ade"", ""coffee"", ""tea""]",False,,,ORD-2267,2026-09-15T20:29:48Z
ses-20261008-2531,usr-0333,True,PWA,165694,"[""all"", ""smoothie""]",False,,,ORD-2268,2026-09-23T22:50:50Z
ses-20261008-2532,guest-0168,False,PWA,96019,"[""all"", ""smoothie""]",False,,,ORD-2269,2026-10-05T20:15:32Z
ses-20261008-2533,usr-0368,True,PWA,22741,"[""all"", ""smoothie""]",False,,,ORD-2270,2026-09-25T16:33:22Z
ses-20261008-2534,usr-0246,True,PWA,145362,"[""all"", ""coffee"", ""decaf""]",False,,,ORD-2271,2026-09-18T23:43:58Z
ses-20261008-2535,usr-0051,True,PWA,91764,"[""all"", ""coffee"", ""decaf"", ""tea""]",True,OPTION_MODAL,PRICE_HIGH,,2026-10-02T20:58:07Z
ses-20261008-2536,usr-0204,True,PWA,141264,"[""all"", ""coffee""]",False,,,ORD-2272,2026-10-01T16:06:50Z
ses-20261008-2537,usr-0204,True,PWA,67308,"[""all"", ""decaf"", ""ade""]",False,,,ORD-2273,2026-10-02T21:33:57Z
ses-20261008-2538,usr-0228,True,PWA,101276,"[""all"", ""ade"", ""smoothie"", ""coffee""]",False,,,ORD-2274,2026-10-08T16:00:41Z
ses-20261008-2539,usr-0262,True,PWA,20025,"[""all"", ""tea""]",False,,,ORD-2275,2026-09-20T16:53:47Z
ses-20261008-2540,guest-0145,False,PWA,122565,"[""all"", ""decaf"", ""smoothie"", ""tea""]",False,,,ORD-2276,2026-09-28T16:48:01Z
ses-20261008-2541,usr-0102,True,PWA,150000,"[""all"", ""smoothie""]",True,PAY_POPUP,WAIT_TIME_LONG,,2026-10-05T16:28:49Z
ses-20261008-2542,guest-0106,False,PWA,127078,"[""all"", ""decaf"", ""smoothie"", ""coffee"", ""tea""]",False,,,ORD-2277,2026-09-24T23:50:41Z
ses-20261008-2543,usr-0190,True,PWA,90650,"[""all"", ""coffee"", ""tea""]",False,,,ORD-2278,2026-09-29T17:31:48Z
ses-20261008-2544,guest-0029,False,PWA,130615,"[""all"", ""decaf""]",True,CART_SHEET,TIMEOUT_60S,,2026-09-30T23:55:12Z
ses-20261008-2545,guest-0135,False,PWA,110219,"[""all"", ""ade"", ""tea""]",True,PAY_POPUP,PRICE_HIGH,,2026-09-27T17:08:06Z
ses-20261008-2546,guest-0014,False,PWA,102626,"[""all"", ""tea""]",False,,,ORD-2279,2026-09-24T21:44:29Z
ses-20261008-2547,usr-0215,True,PWA,102476,"[""all"", ""coffee"", ""decaf"", ""smoothie""]",False,,,ORD-2280,2026-09-29T17:49:50Z
ses-20261008-2548,guest-0105,False,PWA,99944,"[""all"", ""coffee"", ""ade""]",False,,,ORD-2281,2026-09-20T21:08:22Z
ses-20261008-2549,usr-0390,True,PWA,113587,"[""all"", ""tea"", ""ade"", ""coffee""]",False,,,ORD-2282,2026-10-06T20:48:00Z
ses-20261008-2550,usr-0144,True,PWA,148678,"[""all"", ""ade"", ""decaf"", ""smoothie""]",False,,,ORD-2283,2026-09-15T17:59:52Z
ses-20261008-2551,usr-0181,True,PWA,101900,"[""all"", ""decaf"", ""coffee"", ""ade""]",False,,,ORD-2284,2026-09-29T20:43:47Z
ses-20261008-2552,guest-0197,False,PWA,102487,"[""all"", ""smoothie"", ""tea""]",False,,,ORD-2285,2026-10-01T21:33:48Z
ses-20261008-2553,usr-0367,True,PWA,133628,"[""all"", ""smoothie"", ""coffee""]",False,,,ORD-2286,2026-10-06T21:59:43Z
ses-20261008-2554,guest-0121,False,PWA,143028,"[""all"", ""ade""]",True,OPTION_MODAL,WAIT_TIME_LONG,,2026-09-26T02:20:27Z
ses-20261008-2555,usr-0382,True,PWA,18754,"[""all"", ""smoothie"", ""ade"", ""coffee""]",False,,,ORD-2287,2026-10-09T04:42:52Z
ses-20261008-2556,usr-0087,True,PWA,110483,"[""all"", ""decaf"", ""ade"", ""coffee""]",False,,,ORD-2288,2026-09-15T17:53:39Z
ses-20261008-2557,usr-0244,True,PWA,86869,"[""all"", ""tea"", ""decaf"", ""smoothie""]",False,,,ORD-2289,2026-10-02T20:50:22Z
ses-20261008-2558,guest-0064,False,PWA,106221,"[""all"", ""ade"", ""smoothie""]",False,,,ORD-2290,2026-09-20T22:55:58Z
ses-20261008-2559,usr-0356,True,PWA,104450,"[""all"", ""smoothie""]",False,,,ORD-2291,2026-10-08T21:25:28Z
ses-20261008-2560,guest-0161,False,PWA,87276,"[""all"", ""decaf"", ""ade""]",False,,,ORD-2292,2026-10-04T16:22:29Z
ses-20261008-2561,usr-0081,True,PWA,75169,"[""all"", ""tea"", ""coffee"", ""smoothie""]",False,,,ORD-2293,2026-09-30T20:51:56Z
ses-20261008-2562,guest-0171,False,PWA,92417,"[""all"", ""decaf"", ""tea""]",False,,,ORD-2294,2026-09-29T16:09:57Z
ses-20261008-2563,usr-0280,True,PWA,73519,"[""all"", ""ade"", ""decaf"", ""coffee"", ""tea""]",False,,,ORD-2295,2026-09-25T16:17:07Z
ses-20261008-2564,usr-0225,True,PWA,102600,"[""all"", ""decaf"", ""tea""]",False,,,ORD-2296,2026-10-02T21:23:05Z
ses-20261008-2565,usr-0107,True,PWA,22098,"[""all"", ""ade""]",False,,,ORD-2297,2026-09-25T17:30:33Z
ses-20261008-2566,usr-0101,True,PWA,155370,"[""all"", ""decaf""]",False,,,ORD-2298,2026-10-03T20:01:12Z
ses-20261008-2567,usr-0196,True,PWA,119082,"[""all"", ""coffee""]",False,,,ORD-2299,2026-09-29T21:46:58Z
ses-20261008-2568,usr-0163,True,PWA,81183,"[""all"", ""coffee""]",False,,,ORD-2300,2026-09-18T16:08:04Z
ses-20261008-2569,guest-0170,False,PWA,106549,"[""all"", ""smoothie""]",False,,,ORD-2301,2026-10-01T20:58:40Z
ses-20261008-2570,usr-0085,True,PWA,93146,"[""all"", ""smoothie""]",False,,,ORD-2302,2026-09-20T20:47:08Z
ses-20261008-2571,guest-0051,False,PWA,134885,"[""all"", ""tea"", ""decaf"", ""smoothie""]",False,,,ORD-2303,2026-09-25T16:08:00Z
ses-20261008-2572,guest-0066,False,PWA,121713,"[""all"", ""smoothie""]",False,,,ORD-2304,2026-09-30T03:52:54Z
ses-20261008-2573,usr-0034,True,PWA,81640,"[""all"", ""ade"", ""tea""]",False,,,ORD-2305,2026-10-02T23:26:24Z
ses-20261008-2574,usr-0073,True,PWA,122852,"[""all"", ""ade"", ""decaf""]",False,,,ORD-2306,2026-09-30T16:29:03Z
ses-20261008-2575,guest-0107,False,PWA,57190,"[""all"", ""ade"", ""smoothie""]",False,,,ORD-2307,2026-09-20T03:18:25Z
ses-20261008-2576,usr-0300,True,PWA,34220,"[""all"", ""coffee""]",False,,,ORD-2308,2026-09-22T20:37:33Z
ses-20261008-2577,usr-0041,True,PWA,97102,"[""all"", ""coffee""]",False,,,ORD-2309,2026-09-21T21:02:20Z
ses-20261008-2578,guest-0053,False,PWA,91439,"[""all"", ""smoothie""]",False,,,ORD-2310,2026-09-20T17:01:30Z
ses-20261008-2579,usr-0032,True,PWA,96074,"[""all"", ""ade"", ""decaf""]",False,,,ORD-2311,2026-09-21T16:34:59Z
ses-20261008-2580,usr-0314,True,PWA,105169,"[""all"", ""tea""]",False,,,ORD-2312,2026-09-28T20:17:13Z
ses-20261008-2581,usr-0011,True,PWA,96167,"[""all"", ""ade"", ""smoothie"", ""coffee""]",False,,,ORD-2313,2026-09-30T21:07:08Z
ses-20261008-2582,guest-0065,False,PWA,106780,"[""all"", ""ade"", ""smoothie"", ""coffee""]",False,,,ORD-2314,2026-10-08T00:47:52Z
ses-20261008-2583,usr-0081,True,PWA,92573,"[""all"", ""tea"", ""ade"", ""decaf""]",False,,,ORD-2315,2026-09-28T00:38:46Z
ses-20261008-2584,usr-0098,True,PWA,27711,"[""all"", ""smoothie"", ""coffee"", ""ade""]",False,,,ORD-2316,2026-10-06T17:22:02Z
ses-20261008-2585,guest-0133,False,PWA,75693,"[""all"", ""ade"", ""smoothie"", ""coffee""]",False,,,ORD-2317,2026-10-02T16:27:26Z
ses-20261008-2586,guest-0062,False,PWA,104503,"[""all"", ""tea"", ""coffee""]",True,PAY_POPUP,PRICE_HIGH,,2026-09-26T20:37:21Z
ses-20261008-2587,guest-0131,False,PWA,104190,"[""all"", ""tea"", ""decaf""]",False,,,ORD-2318,2026-09-30T16:00:02Z
ses-20261008-2588,usr-0197,True,PWA,97037,"[""all"", ""coffee""]",False,,,ORD-2319,2026-09-17T22:53:54Z
ses-20261008-2589,usr-0201,True,PWA,117324,"[""all"", ""decaf"", ""ade""]",True,CART_SHEET,PRICE_HIGH,,2026-09-28T17:32:33Z
ses-20261008-2590,guest-0032,False,PWA,107123,"[""all"", ""ade"", ""coffee""]",False,,,ORD-2320,2026-09-28T17:03:09Z
ses-20261008-2591,usr-0219,True,PWA,102102,"[""all"", ""decaf""]",False,,,ORD-2321,2026-10-05T00:27:57Z
ses-20261008-2592,guest-0004,False,PWA,85701,"[""all"", ""ade""]",False,,,ORD-2322,2026-10-07T17:16:12Z
ses-20261008-2593,usr-0354,True,PWA,18990,"[""all"", ""tea"", ""decaf"", ""ade""]",False,,,ORD-2323,2026-09-22T17:49:49Z
ses-20261008-2594,usr-0022,True,PWA,25881,"[""all"", ""coffee""]",False,,,ORD-2324,2026-10-07T20:01:56Z
ses-20261008-2595,guest-0128,False,PWA,112367,"[""all"", ""decaf"", ""coffee"", ""tea"", ""smoothie""]",False,,,ORD-2325,2026-10-04T23:40:13Z
ses-20261008-2596,usr-0396,True,PWA,97895,"[""all"", ""tea""]",False,,,ORD-2326,2026-09-25T20:44:13Z
ses-20261008-2597,usr-0102,True,PWA,22239,"[""all"", ""ade"", ""coffee""]",False,,,ORD-2327,2026-10-05T20:32:23Z
ses-20261008-2598,usr-0241,True,PWA,94606,"[""all"", ""smoothie""]",False,,,ORD-2328,2026-09-29T17:42:02Z
ses-20261008-2599,usr-0332,True,PWA,73215,"[""all"", ""decaf"", ""coffee""]",True,OPTION_MODAL,PRICE_HIGH,,2026-10-05T21:26:54Z
ses-20261008-2600,guest-0099,False,PWA,122442,"[""all"", ""decaf"", ""tea""]",False,,,ORD-2329,2026-09-27T22:05:52Z
ses-20261008-2601,usr-0300,True,PWA,139773,"[""all"", ""ade""]",True,PAY_POPUP,TIMEOUT_60S,,2026-09-30T16:44:24Z
ses-20261008-2602,usr-0297,True,PWA,102719,"[""all"", ""smoothie"", ""decaf""]",False,,,ORD-2330,2026-09-18T21:07:42Z
ses-20261008-2603,guest-0147,False,PWA,99229,"[""all"", ""coffee""]",False,,,ORD-2331,2026-10-06T17:33:49Z
ses-20261008-2604,usr-0050,True,PWA,111069,"[""all"", ""tea""]",False,,,ORD-2332,2026-10-08T22:32:33Z
ses-20261008-2605,usr-0108,True,PWA,130499,"[""all"", ""decaf""]",False,,,ORD-2333,2026-09-24T16:08:32Z
ses-20261008-2606,usr-0164,True,PWA,23773,"[""all"", ""coffee"", ""ade""]",False,,,ORD-2334,2026-09-30T00:06:30Z
ses-20261008-2607,usr-0047,True,PWA,104097,"[""all"", ""decaf""]",False,,,ORD-2335,2026-09-22T16:46:07Z
ses-20261008-2608,usr-0372,True,PWA,107283,"[""all"", ""ade"", ""decaf"", ""coffee""]",False,,,ORD-2336,2026-09-17T21:49:31Z
ses-20261008-2609,usr-0051,True,PWA,77882,"[""all"", ""tea"", ""smoothie"", ""decaf""]",False,,,ORD-2337,2026-09-27T04:34:47Z
ses-20261008-2610,usr-0345,True,PWA,27145,"[""all"", ""smoothie"", ""ade"", ""tea""]",False,,,ORD-2338,2026-10-04T23:14:33Z
ses-20261008-2611,usr-0061,True,PWA,85024,"[""all"", ""smoothie"", ""coffee"", ""ade"", ""tea""]",False,,,ORD-2339,2026-09-27T23:46:45Z
ses-20261008-2612,usr-0238,True,PWA,122939,"[""all"", ""decaf"", ""coffee""]",False,,,ORD-2340,2026-09-30T20:44:42Z
ses-20261008-2613,usr-0396,True,PWA,121768,"[""all"", ""smoothie"", ""ade""]",False,,,ORD-2341,2026-09-24T20:27:31Z
ses-20261008-2614,usr-0112,True,PWA,97174,"[""all"", ""decaf"", ""coffee""]",False,,,ORD-2342,2026-09-15T21:43:35Z
ses-20261008-2615,guest-0102,False,PWA,84256,"[""all"", ""smoothie"", ""coffee""]",False,,,ORD-2343,2026-10-04T22:32:33Z
ses-20261008-2616,usr-0289,True,PWA,66643,"[""all"", ""ade"", ""smoothie""]",False,,,ORD-2344,2026-09-30T17:00:40Z
ses-20261008-2617,usr-0217,True,PWA,112978,"[""all"", ""tea""]",False,,,ORD-2345,2026-09-26T22:39:16Z
ses-20261008-2618,usr-0052,True,PWA,12000,"[""all"", ""decaf""]",False,,,ORD-2346,2026-09-27T01:27:28Z
ses-20261008-2619,usr-0367,True,PWA,87348,"[""all"", ""decaf"", ""coffee"", ""smoothie""]",False,,,ORD-2347,2026-09-16T20:58:33Z
ses-20261008-2620,guest-0023,False,PWA,116837,"[""all"", ""tea""]",False,,,ORD-2348,2026-09-23T21:23:19Z
ses-20261008-2621,usr-0211,True,PWA,100156,"[""all"", ""smoothie""]",False,,,ORD-2349,2026-09-27T16:24:12Z
ses-20261008-2622,usr-0119,True,PWA,111259,"[""all"", ""decaf"", ""smoothie""]",False,,,ORD-2350,2026-09-27T16:51:25Z
ses-20261008-2623,usr-0176,True,PWA,24066,"[""all"", ""decaf""]",False,,,ORD-2351,2026-09-19T17:35:59Z
ses-20261008-2624,guest-0189,False,PWA,108655,"[""all"", ""tea""]",False,,,ORD-2352,2026-09-18T00:02:56Z
ses-20261008-2625,usr-0026,True,PWA,15105,"[""all"", ""ade""]",False,,,ORD-2353,2026-09-16T16:55:11Z
ses-20261008-2626,usr-0295,True,PWA,99987,"[""all"", ""smoothie"", ""tea""]",False,,,ORD-2354,2026-09-20T21:03:59Z
ses-20261008-2627,guest-0031,False,PWA,130728,"[""all"", ""decaf""]",False,,,ORD-2355,2026-09-19T04:10:45Z
ses-20261008-2628,usr-0336,True,PWA,136267,"[""all"", ""coffee"", ""smoothie""]",False,,,ORD-2356,2026-10-04T17:07:26Z
ses-20261008-2629,guest-0039,False,PWA,90203,"[""all"", ""tea""]",True,PAY_POPUP,PRICE_HIGH,,2026-09-22T17:36:07Z
ses-20261008-2630,usr-0071,True,PWA,28603,"[""all"", ""ade"", ""coffee""]",False,,,ORD-2357,2026-10-07T17:44:53Z
ses-20261008-2631,usr-0220,True,PWA,24380,"[""all"", ""ade"", ""decaf""]",False,,,ORD-2358,2026-10-02T16:04:34Z
ses-20261008-2632,guest-0169,False,PWA,102959,"[""all"", ""tea""]",False,,,ORD-2359,2026-10-05T20:09:45Z
ses-20261008-2633,usr-0129,True,PWA,99518,"[""all"", ""decaf"", ""ade""]",False,,,ORD-2360,2026-09-18T16:59:33Z
ses-20261008-2634,usr-0375,True,PWA,150000,"[""all"", ""tea""]",True,CART_SHEET,WAIT_TIME_LONG,,2026-09-16T21:11:48Z
ses-20261008-2635,usr-0138,True,PWA,33278,"[""all"", ""decaf""]",False,,,ORD-2361,2026-10-06T20:17:46Z
ses-20261008-2636,usr-0136,True,PWA,84399,"[""all"", ""coffee"", ""smoothie""]",False,,,ORD-2362,2026-09-30T16:47:20Z
ses-20261008-2637,guest-0141,False,PWA,104484,"[""all"", ""ade""]",False,,,ORD-2363,2026-09-30T17:37:08Z
ses-20261008-2638,usr-0003,True,PWA,73512,"[""all"", ""tea"", ""ade""]",False,,,ORD-2364,2026-10-04T20:10:02Z
ses-20261008-2639,usr-0399,True,PWA,120110,"[""all"", ""coffee""]",False,,,ORD-2365,2026-10-03T16:10:20Z
ses-20261008-2640,usr-0314,True,PWA,132873,"[""all"", ""coffee""]",False,,,ORD-2366,2026-10-08T00:59:13Z
ses-20261008-2641,usr-0252,True,PWA,21498,"[""all"", ""tea"", ""ade""]",False,,,ORD-2367,2026-09-18T22:57:24Z
ses-20261008-2642,guest-0036,False,PWA,77196,"[""all"", ""coffee"", ""smoothie"", ""ade"", ""tea""]",False,,,ORD-2368,2026-10-06T01:58:24Z
ses-20261008-2643,usr-0251,True,PWA,115961,"[""all"", ""coffee"", ""decaf"", ""smoothie""]",False,,,ORD-2369,2026-09-22T21:39:43Z
ses-20261008-2644,usr-0172,True,PWA,143537,"[""all"", ""decaf"", ""ade"", ""smoothie""]",False,,,ORD-2370,2026-09-25T04:55:11Z
ses-20261008-2645,usr-0240,True,PWA,95680,"[""all"", ""coffee"", ""tea""]",False,,,ORD-2371,2026-09-17T20:47:41Z
ses-20261008-2646,guest-0140,False,PWA,95779,"[""all"", ""ade"", ""tea"", ""decaf""]",False,,,ORD-2372,2026-10-06T03:15:52Z
ses-20261008-2647,usr-0390,True,PWA,76793,"[""all"", ""coffee"", ""tea""]",False,,,ORD-2373,2026-10-01T21:39:16Z
ses-20261008-2648,usr-0112,True,PWA,127933,"[""all"", ""coffee""]",False,,,ORD-2374,2026-09-30T02:48:47Z
ses-20261008-2649,usr-0197,True,PWA,91847,"[""all"", ""decaf"", ""coffee""]",False,,,ORD-2375,2026-09-27T00:05:42Z
ses-20261008-2650,guest-0011,False,PWA,86284,"[""all"", ""decaf"", ""tea""]",False,,,ORD-2376,2026-10-06T03:23:38Z
ses-20261008-2651,usr-0111,True,PWA,25648,"[""all"", ""tea"", ""smoothie""]",False,,,ORD-2377,2026-09-22T02:05:25Z
ses-20261008-2652,usr-0173,True,PWA,79636,"[""all"", ""decaf""]",True,CART_SHEET,TIMEOUT_60S,,2026-10-03T22:41:27Z
ses-20261008-2653,usr-0193,True,PWA,90322,"[""all"", ""coffee"", ""smoothie"", ""tea""]",False,,,ORD-2378,2026-09-26T17:38:10Z
ses-20261008-2654,guest-0066,False,PWA,122355,"[""all"", ""coffee"", ""tea"", ""smoothie"", ""decaf""]",False,,,ORD-2379,2026-10-04T03:58:29Z
ses-20261008-2655,usr-0322,True,PWA,80676,"[""all"", ""tea"", ""ade"", ""decaf"", ""coffee""]",False,,,ORD-2380,2026-10-01T17:08:15Z
ses-20261008-2656,usr-0359,True,PWA,127207,"[""all"", ""smoothie"", ""ade""]",True,PAY_POPUP,TIMEOUT_60S,,2026-09-15T16:51:22Z
ses-20261008-2657,usr-0180,True,PWA,145977,"[""all"", ""ade"", ""coffee"", ""decaf"", ""tea""]",False,,,ORD-2381,2026-10-02T17:36:42Z
ses-20261008-2658,usr-0293,True,PWA,122816,"[""all"", ""ade""]",False,,,ORD-2382,2026-09-28T17:09:53Z
ses-20261008-2659,usr-0207,True,PWA,130639,"[""all"", ""ade""]",False,,,ORD-2383,2026-09-28T01:22:44Z
ses-20261008-2660,guest-0017,False,PWA,150000,"[""all"", ""smoothie""]",True,CART_SHEET,TIMEOUT_60S,,2026-09-19T03:23:48Z
ses-20261008-2661,guest-0108,False,PWA,133511,"[""all"", ""smoothie"", ""coffee"", ""tea"", ""ade""]",False,,,ORD-2384,2026-10-08T20:36:08Z
ses-20261008-2662,usr-0172,True,PWA,85024,"[""all"", ""coffee"", ""tea"", ""smoothie"", ""ade""]",False,,,ORD-2385,2026-10-01T16:08:50Z
ses-20261008-2663,usr-0068,True,PWA,99550,"[""all"", ""tea""]",False,,,ORD-2386,2026-10-05T20:03:10Z
ses-20261008-2664,guest-0088,False,PWA,77172,"[""all"", ""decaf""]",False,,,ORD-2387,2026-09-27T16:20:54Z
ses-20261008-2665,usr-0289,True,PWA,114916,"[""all"", ""decaf"", ""smoothie"", ""tea""]",True,CART_SHEET,PRICE_HIGH,,2026-09-19T16:52:45Z
ses-20261008-2666,guest-0054,False,PWA,115258,"[""all"", ""decaf"", ""coffee""]",False,,,ORD-2388,2026-09-19T17:48:35Z
ses-20261008-2667,usr-0345,True,PWA,131695,"[""all"", ""decaf""]",True,PAY_POPUP,WAIT_TIME_LONG,,2026-09-18T03:06:11Z
ses-20261008-2668,usr-0156,True,PWA,96459,"[""all"", ""smoothie""]",False,,,ORD-2389,2026-09-24T04:21:40Z
ses-20261008-2669,usr-0117,True,PWA,28203,"[""all"", ""smoothie""]",False,,,ORD-2390,2026-09-25T04:30:44Z
ses-20261008-2670,guest-0116,False,PWA,98027,"[""all"", ""tea"", ""ade"", ""coffee"", ""decaf""]",False,,,ORD-2391,2026-09-17T21:19:14Z
ses-20261008-2671,guest-0175,False,PWA,149691,"[""all"", ""ade"", ""tea""]",False,,,ORD-2392,2026-10-03T16:26:51Z
ses-20261008-2672,usr-0135,True,PWA,134465,"[""all"", ""ade"", ""decaf"", ""tea""]",False,,,ORD-2393,2026-09-27T17:11:41Z
ses-20261008-2673,usr-0325,True,PWA,50508,"[""all"", ""decaf"", ""coffee"", ""smoothie""]",False,,,ORD-2394,2026-09-20T16:52:36Z
ses-20261008-2674,usr-0160,True,PWA,88822,"[""all"", ""smoothie""]",False,,,ORD-2395,2026-09-21T20:35:36Z
ses-20261008-2675,usr-0373,True,PWA,110069,"[""all"", ""decaf"", ""tea"", ""coffee""]",False,,,ORD-2396,2026-10-01T17:34:43Z
ses-20261008-2676,usr-0377,True,PWA,85466,"[""all"", ""coffee""]",False,,,ORD-2397,2026-09-24T17:05:44Z
ses-20261008-2677,guest-0022,False,PWA,130826,"[""all"", ""smoothie"", ""coffee""]",False,,,ORD-2398,2026-09-23T16:28:25Z
ses-20261008-2678,usr-0058,True,PWA,31767,"[""all"", ""smoothie"", ""tea""]",False,,,ORD-2399,2026-09-21T20:52:26Z
ses-20261008-2679,usr-0287,True,PWA,90470,"[""all"", ""decaf"", ""coffee""]",False,,,ORD-2400,2026-09-27T17:21:13Z
ses-20261008-2680,usr-0121,True,PWA,113317,"[""all"", ""smoothie""]",True,PAY_POPUP,PRICE_HIGH,,2026-10-04T21:21:00Z
ses-20261008-2681,usr-0136,True,PWA,97609,"[""all"", ""smoothie"", ""tea"", ""coffee"", ""decaf""]",False,,,ORD-2401,2026-09-28T17:25:49Z
ses-20261008-2682,usr-0180,True,PWA,80843,"[""all"", ""tea"", ""coffee""]",False,,,ORD-2402,2026-09-18T00:37:38Z
ses-20261008-2683,guest-0176,False,PWA,152263,"[""all"", ""tea""]",False,,,ORD-2403,2026-10-01T21:35:06Z
ses-20261008-2684,usr-0365,True,PWA,91743,"[""all"", ""smoothie"", ""decaf"", ""ade""]",False,,,ORD-2404,2026-09-16T17:56:04Z
ses-20261008-2685,usr-0031,True,PWA,108260,"[""all"", ""smoothie"", ""decaf"", ""coffee""]",True,CART_SHEET,TIMEOUT_60S,,2026-10-07T04:00:38Z
ses-20261008-2686,usr-0307,True,PWA,32985,"[""all"", ""ade""]",False,,,ORD-2405,2026-09-26T20:09:05Z
ses-20261008-2687,usr-0102,True,PWA,32892,"[""all"", ""coffee""]",False,,,ORD-2406,2026-09-29T01:27:37Z
ses-20261008-2688,usr-0134,True,PWA,109106,"[""all"", ""ade""]",False,,,ORD-2407,2026-09-26T04:31:11Z
ses-20261008-2689,guest-0091,False,PWA,117690,"[""all"", ""ade"", ""coffee""]",False,,,ORD-2408,2026-09-25T17:52:59Z
ses-20261008-2690,guest-0163,False,PWA,108940,"[""all"", ""decaf"", ""coffee""]",False,,,ORD-2409,2026-10-03T01:56:24Z
ses-20261008-2691,usr-0218,True,PWA,25705,"[""all"", ""tea"", ""smoothie""]",False,,,ORD-2410,2026-09-19T02:27:53Z
ses-20261008-2692,guest-0090,False,PWA,138662,"[""all"", ""smoothie""]",True,PAY_POPUP,WAIT_TIME_LONG,,2026-09-16T17:51:50Z
ses-20261008-2693,usr-0227,True,PWA,104959,"[""all"", ""ade""]",False,,,ORD-2411,2026-09-30T22:03:59Z
ses-20261008-2694,usr-0054,True,PWA,98815,"[""all"", ""decaf"", ""smoothie""]",False,,,ORD-2412,2026-09-24T20:16:00Z
ses-20261008-2695,usr-0331,True,PWA,125436,"[""all"", ""decaf""]",False,,,ORD-2413,2026-09-21T20:40:04Z
ses-20261008-2696,usr-0161,True,PWA,73692,"[""all"", ""decaf"", ""ade"", ""coffee"", ""tea""]",False,,,ORD-2414,2026-10-06T04:11:49Z
ses-20261008-2697,guest-0196,False,PWA,119336,"[""all"", ""smoothie""]",True,CART_SHEET,WAIT_TIME_LONG,,2026-09-29T21:13:43Z
ses-20261008-2698,usr-0301,True,PWA,93791,"[""all"", ""coffee"", ""smoothie"", ""ade""]",False,,,ORD-2415,2026-09-27T02:19:04Z
ses-20261008-2699,usr-0286,True,PWA,113824,"[""all"", ""coffee"", ""ade""]",False,,,ORD-2416,2026-10-01T16:50:17Z
ses-20261008-2700,usr-0302,True,PWA,107025,"[""all"", ""coffee""]",False,,,ORD-2417,2026-09-24T02:49:32Z
ses-20261008-2701,guest-0115,False,PWA,120165,"[""all"", ""ade""]",False,,,ORD-2418,2026-09-24T01:44:18Z
ses-20261008-2702,usr-0397,True,PWA,134232,"[""all"", ""tea"", ""coffee""]",False,,,ORD-2419,2026-10-07T17:09:08Z
ses-20261008-2703,guest-0071,False,PWA,120351,"[""all"", ""decaf"", ""tea"", ""ade""]",False,,,ORD-2420,2026-09-26T17:23:55Z
ses-20261008-2704,usr-0001,True,PWA,106277,"[""all"", ""smoothie""]",False,,,ORD-2421,2026-09-19T20:26:44Z
ses-20261008-2705,guest-0154,False,PWA,129918,"[""all"", ""smoothie""]",False,,,ORD-2422,2026-09-16T17:20:05Z
ses-20261008-2706,usr-0350,True,PWA,148792,"[""all"", ""smoothie"", ""decaf""]",False,,,ORD-2423,2026-09-15T16:38:30Z
ses-20261008-2707,usr-0066,True,PWA,111987,"[""all"", ""ade""]",False,,,ORD-2424,2026-10-01T21:39:01Z
ses-20261008-2708,guest-0015,False,PWA,75427,"[""all"", ""decaf"", ""ade""]",True,CART_SHEET,WAIT_TIME_LONG,,2026-10-01T16:16:48Z
ses-20261008-2709,guest-0043,False,PWA,138087,"[""all"", ""ade"", ""smoothie""]",True,CART_SHEET,TIMEOUT_60S,,2026-09-21T20:08:11Z
ses-20261008-2710,usr-0024,True,PWA,103160,"[""all"", ""coffee"", ""tea"", ""ade""]",False,,,ORD-2425,2026-10-02T01:12:09Z
ses-20261008-2711,usr-0068,True,PWA,109405,"[""all"", ""decaf"", ""smoothie"", ""tea"", ""ade""]",False,,,ORD-2426,2026-09-19T20:55:16Z
ses-20261008-2712,usr-0376,True,PWA,120444,"[""all"", ""decaf""]",False,,,ORD-2427,2026-09-16T22:25:42Z
ses-20261008-2713,guest-0024,False,PWA,166426,"[""all"", ""tea""]",False,,,ORD-2428,2026-10-09T00:29:53Z
ses-20261008-2714,usr-0375,True,PWA,92430,"[""all"", ""decaf""]",False,,,ORD-2429,2026-09-24T21:24:48Z
ses-20261008-2715,usr-0082,True,PWA,136472,"[""all"", ""smoothie""]",True,OPTION_MODAL,WAIT_TIME_LONG,,2026-09-23T21:20:27Z
ses-20261008-2716,usr-0373,True,PWA,21026,"[""all"", ""ade""]",False,,,ORD-2430,2026-10-07T22:04:07Z
ses-20261008-2717,guest-0117,False,PWA,91691,"[""all"", ""decaf"", ""coffee""]",False,,,ORD-2431,2026-10-07T17:16:44Z
ses-20261008-2718,guest-0074,False,PWA,104911,"[""all"", ""coffee"", ""tea""]",False,,,ORD-2432,2026-10-03T23:43:43Z
ses-20261008-2719,guest-0059,False,PWA,147728,"[""all"", ""tea""]",False,,,ORD-2433,2026-10-02T02:12:48Z
ses-20261008-2720,guest-0188,False,PWA,139903,"[""all"", ""decaf"", ""smoothie""]",False,,,ORD-2434,2026-10-02T17:44:23Z
ses-20261008-2721,guest-0102,False,PWA,149113,"[""all"", ""coffee""]",False,,,ORD-2435,2026-09-21T22:40:02Z
ses-20261008-2722,usr-0021,True,PWA,18057,"[""all"", ""ade"", ""decaf"", ""smoothie""]",False,,,ORD-2436,2026-09-29T21:54:55Z
ses-20261008-2723,guest-0045,False,PWA,123129,"[""all"", ""decaf"", ""coffee""]",False,,,ORD-2437,2026-09-25T17:14:00Z
ses-20261008-2724,usr-0191,True,PWA,125827,"[""all"", ""tea"", ""decaf""]",False,,,ORD-2438,2026-09-20T17:53:10Z
ses-20261008-2725,usr-0068,True,PWA,78323,"[""all"", ""ade"", ""smoothie""]",False,,,ORD-2439,2026-09-29T20:41:36Z
ses-20261008-2726,usr-0321,True,PWA,150329,"[""all"", ""smoothie""]",False,,,ORD-2440,2026-10-04T20:27:44Z
ses-20261008-2727,guest-0001,False,PWA,114193,"[""all"", ""smoothie""]",True,CART_SHEET,PRICE_HIGH,,2026-10-03T02:50:00Z
ses-20261008-2728,guest-0133,False,PWA,107446,"[""all"", ""decaf""]",False,,,ORD-2441,2026-09-20T23:30:40Z
ses-20261008-2729,usr-0320,True,PWA,34526,"[""all"", ""ade"", ""decaf""]",False,,,ORD-2442,2026-10-06T17:55:16Z
ses-20261008-2730,guest-0182,False,PWA,95916,"[""all"", ""smoothie""]",False,,,ORD-2443,2026-10-05T00:18:51Z
ses-20261008-2731,usr-0003,True,PWA,17137,"[""all"", ""decaf""]",False,,,ORD-2444,2026-10-06T22:13:30Z
ses-20261008-2732,usr-0105,True,PWA,135966,"[""all"", ""tea"", ""coffee""]",False,,,ORD-2445,2026-09-15T21:36:01Z
ses-20261008-2733,guest-0100,False,PWA,111135,"[""all"", ""decaf"", ""tea""]",False,,,ORD-2446,2026-09-20T17:48:53Z
ses-20261008-2734,usr-0086,True,PWA,56045,"[""all"", ""tea""]",False,,,ORD-2447,2026-09-27T02:03:02Z
ses-20261008-2735,usr-0050,True,PWA,121885,"[""all"", ""smoothie"", ""ade""]",False,,,ORD-2448,2026-09-30T17:03:39Z
ses-20261008-2736,usr-0168,True,PWA,23301,"[""all"", ""decaf"", ""smoothie"", ""tea"", ""coffee""]",False,,,ORD-2449,2026-09-17T20:32:46Z
ses-20261008-2737,usr-0207,True,PWA,141691,"[""all"", ""tea"", ""ade"", ""coffee""]",False,,,ORD-2450,2026-10-02T17:40:51Z
ses-20261008-2738,guest-0087,False,PWA,150000,"[""all"", ""ade"", ""tea"", ""decaf""]",True,OPTION_MODAL,PRICE_HIGH,,2026-10-01T00:03:08Z
ses-20261008-2739,guest-0048,False,PWA,91264,"[""all"", ""decaf"", ""ade""]",False,,,ORD-2451,2026-09-30T17:56:18Z
ses-20261008-2740,usr-0227,True,PWA,21704,"[""all"", ""ade"", ""coffee"", ""tea"", ""smoothie""]",False,,,ORD-2452,2026-10-06T20:36:00Z
ses-20261008-2741,usr-0154,True,PWA,84744,"[""all"", ""tea"", ""decaf""]",False,,,ORD-2453,2026-09-15T20:29:13Z
ses-20261008-2742,usr-0314,True,PWA,104257,"[""all"", ""decaf""]",False,,,ORD-2454,2026-09-26T20:42:53Z
ses-20261008-2743,guest-0060,False,PWA,102114,"[""all"", ""decaf"", ""smoothie""]",False,,,ORD-2455,2026-09-27T02:42:31Z
ses-20261008-2744,usr-0192,True,PWA,81736,"[""all"", ""coffee"", ""decaf"", ""ade""]",False,,,ORD-2456,2026-10-04T17:10:27Z
ses-20261008-2745,usr-0172,True,PWA,73841,"[""all"", ""ade"", ""tea""]",False,,,ORD-2457,2026-09-16T21:23:21Z
ses-20261008-2746,usr-0282,True,PWA,84814,"[""all"", ""tea"", ""decaf""]",False,,,ORD-2458,2026-10-01T21:41:19Z
ses-20261008-2747,guest-0142,False,PWA,93417,"[""all"", ""smoothie"", ""ade""]",False,,,ORD-2459,2026-10-08T20:19:34Z
ses-20261008-2748,usr-0233,True,PWA,49384,"[""all"", ""smoothie"", ""tea"", ""decaf""]",False,,,ORD-2460,2026-09-17T04:22:52Z
ses-20261008-2749,usr-0167,True,PWA,89225,"[""all"", ""ade"", ""smoothie""]",False,,,ORD-2461,2026-09-23T20:27:46Z
ses-20261008-2750,usr-0298,True,PWA,97817,"[""all"", ""decaf"", ""tea""]",False,,,ORD-2462,2026-09-22T21:54:18Z
ses-20261008-2751,usr-0230,True,PWA,109033,"[""all"", ""decaf""]",False,,,ORD-2463,2026-10-07T22:36:01Z
ses-20261008-2752,guest-0079,False,PWA,104203,"[""all"", ""smoothie"", ""decaf"", ""tea"", ""coffee""]",False,,,ORD-2464,2026-10-07T20:25:09Z
ses-20261008-2753,usr-0168,True,PWA,22897,"[""all"", ""smoothie"", ""decaf"", ""ade"", ""tea""]",False,,,ORD-2465,2026-10-04T02:30:04Z
ses-20261008-2754,usr-0343,True,PWA,136395,"[""all"", ""smoothie""]",False,,,ORD-2466,2026-09-17T01:56:43Z
ses-20261008-2755,usr-0281,True,PWA,20202,"[""all"", ""ade""]",False,,,ORD-2467,2026-09-21T16:13:14Z
ses-20261008-2756,usr-0016,True,PWA,90472,"[""all"", ""ade""]",False,,,ORD-2468,2026-10-05T17:06:19Z
ses-20261008-2757,guest-0173,False,PWA,95769,"[""all"", ""tea""]",False,,,ORD-2469,2026-09-22T02:28:33Z
ses-20261008-2758,usr-0034,True,PWA,137144,"[""all"", ""decaf"", ""ade""]",False,,,ORD-2470,2026-10-06T20:16:59Z
ses-20261008-2759,guest-0075,False,PWA,103499,"[""all"", ""coffee""]",False,,,ORD-2471,2026-09-23T20:16:20Z
ses-20261008-2760,guest-0002,False,PWA,102994,"[""all"", ""coffee""]",False,,,ORD-2472,2026-09-16T17:38:30Z
ses-20261008-2761,guest-0047,False,PWA,150000,"[""all"", ""coffee""]",True,OPTION_MODAL,TIMEOUT_60S,,2026-09-20T21:51:17Z
ses-20261008-2762,usr-0375,True,PWA,111132,"[""all"", ""smoothie"", ""coffee"", ""tea""]",False,,,ORD-2473,2026-09-19T21:48:36Z
ses-20261008-2763,usr-0338,True,PWA,15907,"[""all"", ""smoothie""]",False,,,ORD-2474,2026-09-25T17:40:08Z
ses-20261008-2764,usr-0128,True,PWA,99241,"[""all"", ""ade"", ""tea""]",False,,,ORD-2475,2026-09-20T20:34:10Z
ses-20261008-2765,usr-0121,True,PWA,104253,"[""all"", ""coffee"", ""ade"", ""tea""]",False,,,ORD-2476,2026-10-08T20:57:14Z
ses-20261008-2766,usr-0254,True,PWA,112464,"[""all"", ""ade""]",False,,,ORD-2477,2026-09-18T22:44:59Z
ses-20261008-2767,usr-0210,True,PWA,94828,"[""all"", ""decaf"", ""smoothie""]",True,OPTION_MODAL,TIMEOUT_60S,,2026-10-07T17:56:25Z
ses-20261008-2768,usr-0240,True,PWA,142190,"[""all"", ""ade"", ""tea"", ""decaf""]",False,,,ORD-2478,2026-09-25T21:53:49Z
ses-20261008-2769,guest-0024,False,PWA,68870,"[""all"", ""coffee"", ""ade""]",False,,,ORD-2479,2026-09-28T21:11:12Z
ses-20261008-2770,usr-0130,True,PWA,27535,"[""all"", ""tea"", ""smoothie""]",False,,,ORD-2480,2026-09-16T16:33:24Z
ses-20261008-2771,usr-0324,True,PWA,62155,"[""all"", ""smoothie""]",False,,,ORD-2481,2026-09-25T03:41:27Z
ses-20261008-2772,usr-0347,True,PWA,116690,"[""all"", ""tea"", ""smoothie""]",False,,,ORD-2482,2026-10-06T04:31:14Z
ses-20261008-2773,guest-0146,False,PWA,128327,"[""all"", ""coffee"", ""decaf""]",False,,,ORD-2483,2026-10-01T23:26:34Z
ses-20261008-2774,usr-0280,True,PWA,25659,"[""all"", ""smoothie"", ""coffee""]",False,,,ORD-2484,2026-09-18T21:50:48Z
ses-20261008-2775,guest-0021,False,PWA,103618,"[""all"", ""ade"", ""smoothie""]",False,,,ORD-2485,2026-10-08T17:32:13Z
ses-20261008-2776,usr-0137,True,PWA,128695,"[""all"", ""tea"", ""coffee"", ""ade""]",True,PAY_POPUP,WAIT_TIME_LONG,,2026-09-22T16:54:25Z
ses-20261008-2777,usr-0298,True,PWA,90370,"[""all"", ""coffee""]",False,,,ORD-2486,2026-10-08T16:42:15Z
ses-20261008-2778,guest-0077,False,PWA,64125,"[""all"", ""tea"", ""coffee""]",False,,,ORD-2487,2026-10-01T20:20:26Z
ses-20261008-2779,usr-0198,True,PWA,94740,"[""all"", ""smoothie"", ""tea""]",False,,,ORD-2488,2026-10-08T20:41:04Z
ses-20261008-2780,usr-0053,True,PWA,150000,"[""all"", ""coffee""]",True,OPTION_MODAL,WAIT_TIME_LONG,,2026-09-22T20:59:21Z
ses-20261008-2781,guest-0124,False,PWA,98022,"[""all"", ""ade"", ""tea""]",False,,,ORD-2489,2026-09-18T21:44:08Z
ses-20261008-2782,usr-0129,True,PWA,125179,"[""all"", ""ade""]",False,,,ORD-2490,2026-10-09T04:33:17Z
ses-20261008-2783,usr-0091,True,PWA,83169,"[""all"", ""coffee""]",False,,,ORD-2491,2026-09-29T21:16:57Z
ses-20261008-2784,usr-0107,True,PWA,104790,"[""all"", ""coffee"", ""ade""]",True,PAY_POPUP,PRICE_HIGH,,2026-10-08T16:53:46Z
ses-20261008-2785,usr-0123,True,PWA,149614,"[""all"", ""ade"", ""smoothie""]",False,,,ORD-2492,2026-09-25T17:36:54Z
ses-20261008-2786,usr-0095,True,PWA,22461,"[""all"", ""decaf""]",False,,,ORD-2493,2026-09-20T21:16:41Z
ses-20261008-2787,guest-0176,False,PWA,131756,"[""all"", ""coffee""]",False,,,ORD-2494,2026-10-07T21:08:10Z
ses-20261008-2788,guest-0013,False,PWA,80919,"[""all"", ""ade"", ""tea""]",False,,,ORD-2495,2026-09-21T17:40:13Z
ses-20261008-2789,guest-0105,False,PWA,117100,"[""all"", ""smoothie"", ""ade""]",False,,,ORD-2496,2026-09-25T21:39:04Z
ses-20261008-2790,usr-0098,True,PWA,115460,"[""all"", ""tea""]",False,,,ORD-2497,2026-10-01T00:55:56Z
ses-20261008-2791,usr-0375,True,PWA,95904,"[""all"", ""smoothie"", ""coffee""]",False,,,ORD-2498,2026-09-18T20:18:38Z
ses-20261008-2792,usr-0253,True,PWA,87304,"[""all"", ""ade"", ""coffee""]",False,,,ORD-2499,2026-09-27T20:59:27Z
ses-20261008-2793,usr-0342,True,PWA,150000,"[""all"", ""tea"", ""decaf""]",True,PAY_POPUP,PRICE_HIGH,,2026-10-04T17:06:21Z
ses-20261008-2794,guest-0125,False,PWA,73158,"[""all"", ""ade"", ""smoothie"", ""coffee"", ""decaf""]",False,,,ORD-2500,2026-09-27T17:28:26Z
ses-20261008-2795,usr-0077,True,PWA,128128,"[""all"", ""tea"", ""smoothie""]",True,OPTION_MODAL,PRICE_HIGH,,2026-09-26T20:51:18Z
ses-20261008-2796,usr-0266,True,PWA,69512,"[""all"", ""decaf"", ""smoothie""]",False,,,ORD-2501,2026-09-22T16:44:25Z
ses-20261008-2797,usr-0050,True,PWA,113794,"[""all"", ""tea"", ""smoothie""]",False,,,ORD-2502,2026-09-27T21:53:07Z
ses-20261008-2798,usr-0011,True,PWA,101177,"[""all"", ""decaf"", ""ade""]",False,,,ORD-2503,2026-09-26T22:36:04Z
ses-20261008-2799,usr-0041,True,PWA,135797,"[""all"", ""coffee""]",True,CART_SHEET,PRICE_HIGH,,2026-09-24T17:19:01Z
ses-20261008-2800,guest-0129,False,PWA,78688,"[""all"", ""coffee""]",False,,,ORD-2504,2026-10-03T20:41:29Z
ses-20261008-2801,usr-0206,True,PWA,26647,"[""all"", ""decaf"", ""ade"", ""tea"", ""smoothie""]",False,,,ORD-2505,2026-09-16T22:56:55Z
ses-20261008-2802,usr-0223,True,PWA,96150,"[""all"", ""tea"", ""ade""]",False,,,ORD-2506,2026-09-28T20:17:59Z
ses-20261008-2803,usr-0335,True,PWA,95793,"[""all"", ""decaf"", ""smoothie""]",False,,,ORD-2507,2026-10-01T17:36:54Z
ses-20261008-2804,usr-0330,True,PWA,144692,"[""all"", ""tea""]",False,,,ORD-2508,2026-09-21T22:45:25Z
ses-20261008-2805,usr-0053,True,PWA,142978,"[""all"", ""ade""]",False,,,ORD-2509,2026-09-28T17:31:46Z
ses-20261008-2806,guest-0162,False,PWA,95249,"[""all"", ""decaf"", ""ade"", ""smoothie""]",False,,,ORD-2510,2026-09-26T20:07:27Z
ses-20261008-2807,usr-0173,True,PWA,89191,"[""all"", ""coffee""]",False,,,ORD-2511,2026-09-21T20:14:41Z
ses-20261008-2808,guest-0165,False,PWA,97061,"[""all"", ""tea""]",False,,,ORD-2512,2026-09-25T04:12:55Z
ses-20261008-2809,guest-0030,False,PWA,73621,"[""all"", ""ade""]",False,,,ORD-2513,2026-10-07T17:53:26Z
ses-20261008-2810,usr-0072,True,PWA,130997,"[""all"", ""tea"", ""coffee"", ""smoothie"", ""ade""]",False,,,ORD-2514,2026-09-20T16:57:18Z
ses-20261008-2811,usr-0367,True,PWA,21625,"[""all"", ""tea""]",False,,,ORD-2515,2026-10-08T16:58:48Z
ses-20261008-2812,usr-0363,True,PWA,61821,"[""all"", ""decaf"", ""tea""]",False,,,ORD-2516,2026-10-08T16:05:11Z
ses-20261008-2813,usr-0165,True,PWA,88604,"[""all"", ""coffee"", ""decaf""]",False,,,ORD-2517,2026-09-17T03:45:18Z
ses-20261008-2814,usr-0123,True,PWA,100346,"[""all"", ""tea""]",False,,,ORD-2518,2026-10-02T16:45:43Z
ses-20261008-2815,guest-0016,False,PWA,57775,"[""all"", ""ade""]",False,,,ORD-2519,2026-09-24T21:04:38Z
ses-20261008-2816,usr-0078,True,PWA,129492,"[""all"", ""decaf"", ""ade""]",False,,,ORD-2520,2026-10-03T16:04:47Z
ses-20261008-2817,usr-0266,True,PWA,150000,"[""all"", ""tea""]",True,PAY_POPUP,PRICE_HIGH,,2026-10-07T16:30:10Z
ses-20261008-2818,usr-0380,True,PWA,79655,"[""all"", ""ade"", ""decaf"", ""coffee""]",False,,,ORD-2521,2026-09-29T20:05:39Z
ses-20261008-2819,usr-0244,True,PWA,132169,"[""all"", ""tea""]",False,,,ORD-2522,2026-10-08T20:13:37Z
ses-20261008-2820,usr-0047,True,PWA,87126,"[""all"", ""coffee""]",False,,,ORD-2523,2026-09-15T20:54:19Z
ses-20261008-2821,guest-0120,False,PWA,80907,"[""all"", ""smoothie"", ""decaf""]",False,,,ORD-2524,2026-09-29T01:05:44Z
ses-20261008-2822,usr-0048,True,PWA,22476,"[""all"", ""decaf"", ""tea""]",False,,,ORD-2525,2026-10-08T03:04:03Z
ses-20261008-2823,usr-0167,True,PWA,99438,"[""all"", ""decaf"", ""coffee"", ""smoothie""]",False,,,ORD-2526,2026-09-18T16:57:50Z
ses-20261008-2824,guest-0067,False,PWA,135142,"[""all"", ""decaf"", ""smoothie"", ""ade""]",False,,,ORD-2527,2026-09-20T00:30:13Z
ses-20261008-2825,usr-0120,True,PWA,144313,"[""all"", ""tea""]",True,PAY_POPUP,TIMEOUT_60S,,2026-09-22T21:35:41Z
ses-20261008-2826,usr-0073,True,PWA,111788,"[""all"", ""coffee""]",False,,,ORD-2528,2026-09-23T00:34:08Z
ses-20261008-2827,guest-0010,False,PWA,135105,"[""all"", ""ade""]",False,,,ORD-2529,2026-09-23T16:19:14Z
ses-20261008-2828,usr-0321,True,PWA,31084,"[""all"", ""coffee""]",False,,,ORD-2530,2026-09-24T23:14:03Z
ses-20261008-2829,guest-0061,False,PWA,100856,"[""all"", ""decaf""]",False,,,ORD-2531,2026-09-25T17:08:38Z
ses-20261008-2830,guest-0061,False,PWA,71630,"[""all"", ""ade""]",False,,,ORD-2532,2026-09-21T16:44:33Z
ses-20261008-2831,usr-0279,True,PWA,33917,"[""all"", ""tea"", ""smoothie""]",False,,,ORD-2533,2026-10-07T17:52:43Z
ses-20261008-2832,usr-0097,True,PWA,57092,"[""all"", ""tea""]",False,,,ORD-2534,2026-10-06T20:16:27Z
ses-20261008-2833,usr-0052,True,PWA,90540,"[""all"", ""smoothie"", ""tea"", ""decaf""]",False,,,ORD-2535,2026-10-08T16:49:07Z
ses-20261008-2834,usr-0280,True,PWA,110584,"[""all"", ""coffee""]",False,,,ORD-2536,2026-09-27T16:59:42Z
ses-20261008-2835,usr-0328,True,PWA,79942,"[""all"", ""decaf""]",False,,,ORD-2537,2026-09-16T17:47:17Z
ses-20261008-2836,usr-0363,True,PWA,129397,"[""all"", ""decaf"", ""tea""]",False,,,ORD-2538,2026-09-21T00:11:07Z
ses-20261008-2837,usr-0333,True,PWA,112953,"[""all"", ""tea""]",False,,,ORD-2539,2026-10-04T03:41:39Z
ses-20261008-2838,usr-0182,True,PWA,93416,"[""all"", ""decaf""]",False,,,ORD-2540,2026-10-07T16:00:18Z
ses-20261008-2839,usr-0106,True,PWA,109132,"[""all"", ""coffee""]",False,,,ORD-2541,2026-09-19T04:59:00Z
ses-20261008-2840,usr-0214,True,PWA,87700,"[""all"", ""tea"", ""coffee"", ""decaf""]",False,,,ORD-2542,2026-09-21T17:47:47Z
ses-20261008-2841,usr-0202,True,PWA,115703,"[""all"", ""ade"", ""coffee""]",False,,,ORD-2543,2026-09-17T17:41:05Z
ses-20261008-2842,usr-0213,True,PWA,60812,"[""all"", ""tea""]",False,,,ORD-2544,2026-09-22T01:11:03Z
ses-20261008-2843,usr-0195,True,PWA,24010,"[""all"", ""decaf""]",False,,,ORD-2545,2026-09-26T17:39:11Z
ses-20261008-2844,usr-0144,True,PWA,86159,"[""all"", ""coffee"", ""ade""]",False,,,ORD-2546,2026-10-08T20:52:20Z
ses-20261008-2845,usr-0329,True,PWA,114856,"[""all"", ""tea""]",False,,,ORD-2547,2026-09-17T23:18:48Z
ses-20261008-2846,usr-0385,True,PWA,102138,"[""all"", ""ade""]",False,,,ORD-2548,2026-10-07T21:40:35Z
ses-20261008-2847,guest-0049,False,PWA,104477,"[""all"", ""ade"", ""coffee""]",False,,,ORD-2549,2026-10-05T01:23:08Z
ses-20261008-2848,usr-0298,True,PWA,104418,"[""all"", ""tea"", ""decaf""]",False,,,ORD-2550,2026-10-05T23:23:01Z
ses-20261008-2849,usr-0051,True,PWA,110633,"[""all"", ""coffee"", ""ade""]",False,,,ORD-2551,2026-09-24T20:31:03Z
ses-20261008-2850,usr-0353,True,PWA,20597,"[""all"", ""ade""]",False,,,ORD-2552,2026-09-26T03:18:30Z
ses-20261008-2851,usr-0205,True,PWA,107617,"[""all"", ""decaf"", ""smoothie"", ""tea""]",False,,,ORD-2553,2026-09-15T21:02:10Z
ses-20261008-2852,usr-0113,True,PWA,67368,"[""all"", ""coffee""]",False,,,ORD-2554,2026-10-05T00:55:24Z
ses-20261008-2853,guest-0041,False,PWA,132137,"[""all"", ""decaf""]",True,PAY_POPUP,PRICE_HIGH,,2026-09-28T22:05:13Z
ses-20261008-2854,usr-0395,True,PWA,92320,"[""all"", ""ade""]",False,,,ORD-2555,2026-09-30T04:17:51Z
ses-20261008-2855,guest-0151,False,PWA,124758,"[""all"", ""ade""]",True,OPTION_MODAL,TIMEOUT_60S,,2026-09-29T21:08:29Z
ses-20261008-2856,usr-0089,True,PWA,26400,"[""all"", ""tea"", ""ade""]",False,,,ORD-2556,2026-09-21T22:30:32Z
ses-20261008-2857,guest-0142,False,PWA,81863,"[""all"", ""decaf"", ""smoothie"", ""tea"", ""coffee""]",False,,,ORD-2557,2026-09-18T23:24:41Z
ses-20261008-2858,guest-0010,False,PWA,133653,"[""all"", ""decaf"", ""tea""]",False,,,ORD-2558,2026-10-04T17:29:48Z
ses-20261008-2859,guest-0157,False,PWA,150000,"[""all"", ""smoothie"", ""tea""]",True,CART_SHEET,PRICE_HIGH,,2026-09-16T20:36:25Z
ses-20261008-2860,guest-0060,False,PWA,77576,"[""all"", ""tea""]",False,,,ORD-2559,2026-10-04T20:55:23Z
ses-20261008-2861,usr-0034,True,PWA,132008,"[""all"", ""coffee"", ""smoothie""]",False,,,ORD-2560,2026-09-29T16:50:34Z
ses-20261008-2862,usr-0036,True,PWA,101623,"[""all"", ""coffee"", ""tea""]",False,,,ORD-2561,2026-09-28T20:56:10Z
ses-20261008-2863,usr-0185,True,PWA,99060,"[""all"", ""smoothie""]",False,,,ORD-2562,2026-10-02T21:11:54Z
ses-20261008-2864,usr-0365,True,PWA,120466,"[""all"", ""smoothie""]",False,,,ORD-2563,2026-09-18T17:56:38Z
ses-20261008-2865,guest-0015,False,PWA,85355,"[""all"", ""ade"", ""decaf"", ""tea""]",False,,,ORD-2564,2026-10-06T21:01:46Z
ses-20261008-2866,usr-0310,True,PWA,86433,"[""all"", ""coffee"", ""decaf""]",False,,,ORD-2565,2026-09-18T01:34:02Z
ses-20261008-2867,guest-0079,False,PWA,169038,"[""all"", ""tea""]",False,,,ORD-2566,2026-09-19T16:08:15Z
ses-20261008-2868,usr-0332,True,PWA,24053,"[""all"", ""smoothie""]",False,,,ORD-2567,2026-09-15T20:05:56Z
ses-20261008-2869,usr-0315,True,PWA,140905,"[""all"", ""coffee"", ""tea"", ""smoothie""]",False,,,ORD-2568,2026-10-02T17:54:38Z
ses-20261008-2870,usr-0091,True,PWA,156502,"[""all"", ""smoothie"", ""coffee""]",False,,,ORD-2569,2026-10-01T21:33:36Z
ses-20261008-2871,usr-0242,True,PWA,103456,"[""all"", ""coffee"", ""tea""]",False,,,ORD-2570,2026-09-17T17:37:03Z
ses-20261008-2872,guest-0049,False,PWA,134491,"[""all"", ""coffee"", ""ade""]",False,,,ORD-2571,2026-10-04T17:50:54Z
ses-20261008-2873,usr-0329,True,PWA,138345,"[""all"", ""tea"", ""decaf""]",True,OPTION_MODAL,PRICE_HIGH,,2026-09-16T17:46:48Z
ses-20261008-2874,usr-0100,True,PWA,104322,"[""all"", ""decaf"", ""ade""]",False,,,ORD-2572,2026-09-20T21:46:43Z
ses-20261008-2875,guest-0175,False,PWA,102521,"[""all"", ""tea""]",False,,,ORD-2573,2026-10-03T03:34:24Z
ses-20261008-2876,usr-0250,True,PWA,31478,"[""all"", ""coffee"", ""ade""]",False,,,ORD-2574,2026-09-22T17:05:45Z
ses-20261008-2877,usr-0060,True,PWA,106101,"[""all"", ""smoothie"", ""coffee"", ""tea""]",False,,,ORD-2575,2026-10-08T20:16:30Z
ses-20261008-2878,usr-0201,True,PWA,26336,"[""all"", ""tea""]",False,,,ORD-2576,2026-10-04T01:51:21Z
ses-20261008-2879,guest-0172,False,PWA,113818,"[""all"", ""decaf"", ""tea"", ""coffee""]",False,,,ORD-2577,2026-09-19T00:59:03Z
ses-20261008-2880,usr-0264,True,PWA,135212,"[""all"", ""coffee""]",False,,,ORD-2578,2026-09-29T03:10:39Z
ses-20261008-2881,guest-0086,False,PWA,117235,"[""all"", ""coffee"", ""tea"", ""smoothie""]",False,,,ORD-2579,2026-10-02T20:07:24Z
ses-20261008-2882,usr-0029,True,PWA,141288,"[""all"", ""tea"", ""coffee""]",False,,,ORD-2580,2026-09-28T21:59:20Z
ses-20261008-2883,usr-0054,True,PWA,91198,"[""all"", ""decaf"", ""coffee""]",False,,,ORD-2581,2026-09-21T16:53:08Z
ses-20261008-2884,usr-0277,True,PWA,90924,"[""all"", ""coffee"", ""smoothie"", ""ade""]",False,,,ORD-2582,2026-10-02T04:32:54Z
ses-20261008-2885,guest-0102,False,PWA,75126,"[""all"", ""decaf"", ""ade"", ""smoothie""]",False,,,ORD-2583,2026-09-16T17:37:48Z
ses-20261008-2886,usr-0011,True,PWA,91471,"[""all"", ""smoothie"", ""decaf"", ""coffee"", ""tea""]",False,,,ORD-2584,2026-09-21T02:13:12Z
ses-20261008-2887,guest-0037,False,PWA,101993,"[""all"", ""decaf""]",False,,,ORD-2585,2026-09-26T16:08:44Z
ses-20261008-2888,usr-0058,True,PWA,33130,"[""all"", ""decaf""]",False,,,ORD-2586,2026-09-18T00:19:41Z
ses-20261008-2889,usr-0010,True,PWA,104760,"[""all"", ""coffee""]",False,,,ORD-2587,2026-10-06T21:53:34Z
ses-20261008-2890,usr-0156,True,PWA,31451,"[""all"", ""smoothie""]",False,,,ORD-2588,2026-10-06T03:00:28Z
ses-20261008-2891,guest-0027,False,PWA,132540,"[""all"", ""tea"", ""ade"", ""coffee"", ""decaf""]",False,,,ORD-2589,2026-09-20T17:27:45Z
ses-20261008-2892,usr-0205,True,PWA,120909,"[""all"", ""tea""]",False,,,ORD-2590,2026-10-05T04:49:42Z
ses-20261008-2893,usr-0018,True,PWA,114057,"[""all"", ""coffee"", ""tea""]",False,,,ORD-2591,2026-09-18T01:07:59Z
ses-20261008-2894,usr-0396,True,PWA,22853,"[""all"", ""tea"", ""smoothie""]",False,,,ORD-2592,2026-09-15T20:15:09Z
ses-20261008-2895,guest-0115,False,PWA,93373,"[""all"", ""ade"", ""tea""]",False,,,ORD-2593,2026-10-06T23:09:15Z
ses-20261008-2896,usr-0302,True,PWA,21277,"[""all"", ""ade""]",False,,,ORD-2594,2026-09-20T03:59:23Z
ses-20261008-2897,usr-0220,True,PWA,120177,"[""all"", ""decaf"", ""coffee""]",False,,,ORD-2595,2026-10-08T20:17:14Z
ses-20261008-2898,usr-0162,True,PWA,31657,"[""all"", ""smoothie""]",False,,,ORD-2596,2026-09-27T16:55:25Z
ses-20261008-2899,usr-0183,True,PWA,75892,"[""all"", ""decaf"", ""tea""]",False,,,ORD-2597,2026-10-07T16:39:45Z
ses-20261008-2900,guest-0044,False,PWA,130837,"[""all"", ""smoothie"", ""decaf""]",False,,,ORD-2598,2026-09-30T20:11:54Z
ses-20261008-2901,usr-0314,True,KIOSK,47499,"[""all"", ""coffee"", ""ade"", ""smoothie""]",False,,,ORD-2599,2026-10-02T21:42:53Z
ses-20261008-2902,usr-0097,True,KIOSK,28849,"[""all"", ""coffee"", ""smoothie""]",False,,,ORD-2600,2026-09-19T17:32:17Z
ses-20261008-2903,guest-0050,False,KIOSK,64764,"[""all"", ""tea""]",False,,,ORD-2601,2026-10-06T01:57:20Z
ses-20261008-2904,guest-0036,False,KIOSK,64874,"[""all"", ""tea""]",False,,,ORD-2602,2026-09-16T02:42:15Z
ses-20261008-2905,guest-0036,False,KIOSK,49024,"[""all"", ""tea"", ""coffee"", ""decaf""]",False,,,ORD-2603,2026-09-21T16:23:41Z
ses-20261008-2906,usr-0030,True,KIOSK,56579,"[""all"", ""smoothie"", ""decaf"", ""tea""]",False,,,ORD-2604,2026-09-23T22:47:50Z
ses-20261008-2907,guest-0042,False,KIOSK,33329,"[""all"", ""smoothie""]",False,,,ORD-2605,2026-09-20T03:03:10Z
ses-20261008-2908,guest-0101,False,KIOSK,86484,"[""all"", ""smoothie"", ""coffee"", ""tea""]",False,,,ORD-2606,2026-09-27T04:37:42Z
ses-20261008-2909,guest-0057,False,KIOSK,64700,"[""all"", ""ade"", ""decaf"", ""smoothie""]",False,,,ORD-2607,2026-09-23T03:48:40Z
ses-20261008-2910,usr-0034,True,KIOSK,82760,"[""all"", ""smoothie"", ""coffee""]",False,,,ORD-2608,2026-09-19T00:25:35Z
ses-20261008-2911,usr-0039,True,KIOSK,21915,"[""all"", ""coffee""]",False,,,ORD-2609,2026-10-01T02:43:39Z
ses-20261008-2912,usr-0077,True,KIOSK,55134,"[""all"", ""coffee""]",False,,,ORD-2610,2026-09-29T20:57:31Z
ses-20261008-2913,guest-0122,False,KIOSK,75172,"[""all"", ""decaf"", ""ade""]",False,,,ORD-2611,2026-09-25T01:20:35Z
ses-20261008-2914,usr-0182,True,KIOSK,38313,"[""all"", ""decaf"", ""coffee""]",False,,,ORD-2612,2026-09-27T04:51:50Z
ses-20261008-2915,guest-0161,False,KIOSK,25000,"[""all"", ""coffee""]",False,,,ORD-2613,2026-09-23T01:55:25Z
ses-20261008-2916,usr-0256,True,KIOSK,62654,"[""all"", ""tea"", ""ade""]",False,,,ORD-2614,2026-09-18T20:43:59Z
ses-20261008-2917,usr-0145,True,KIOSK,73554,"[""all"", ""coffee""]",False,,,ORD-2615,2026-09-23T16:09:07Z
ses-20261008-2918,usr-0357,True,KIOSK,14078,"[""all"", ""smoothie""]",False,,,ORD-2616,2026-09-22T16:24:59Z
ses-20261008-2919,usr-0387,True,KIOSK,45059,"[""all"", ""decaf"", ""smoothie""]",False,,,ORD-2617,2026-09-20T02:27:30Z
ses-20261008-2920,usr-0384,True,KIOSK,20594,"[""all"", ""ade"", ""smoothie""]",False,,,ORD-2618,2026-09-23T21:05:56Z
ses-20261008-2921,guest-0085,False,KIOSK,68642,"[""all"", ""decaf"", ""smoothie""]",False,,,ORD-2619,2026-09-21T17:20:23Z
ses-20261008-2922,usr-0245,True,KIOSK,17148,"[""all"", ""coffee""]",False,,,ORD-2620,2026-10-05T20:19:17Z
ses-20261008-2923,usr-0282,True,KIOSK,76581,"[""all"", ""ade"", ""smoothie""]",False,,,ORD-2621,2026-09-29T23:04:59Z
ses-20261008-2924,guest-0088,False,KIOSK,51054,"[""all"", ""decaf"", ""coffee""]",False,,,ORD-2622,2026-10-01T17:51:23Z
ses-20261008-2925,guest-0105,False,KIOSK,59403,"[""all"", ""smoothie""]",False,,,ORD-2623,2026-10-07T16:55:53Z
ses-20261008-2926,guest-0141,False,KIOSK,55362,"[""all"", ""smoothie"", ""coffee""]",False,,,ORD-2624,2026-09-22T04:35:04Z
ses-20261008-2927,usr-0107,True,KIOSK,29041,"[""all"", ""smoothie"", ""decaf"", ""tea""]",False,,,ORD-2625,2026-09-24T16:42:29Z
ses-20261008-2928,usr-0301,True,KIOSK,61706,"[""all"", ""coffee""]",False,,,ORD-2626,2026-09-30T22:02:48Z
ses-20261008-2929,guest-0030,False,KIOSK,105863,"[""all"", ""coffee""]",True,PAY_POPUP,WAIT_TIME_LONG,,2026-10-04T16:59:43Z
ses-20261008-2930,guest-0063,False,KIOSK,45840,"[""all"", ""coffee""]",False,,,ORD-2627,2026-09-15T16:05:35Z
ses-20261008-2931,guest-0071,False,KIOSK,69838,"[""all"", ""tea"", ""ade""]",True,CART_SHEET,TIMEOUT_60S,,2026-09-18T17:59:21Z
ses-20261008-2932,guest-0068,False,KIOSK,53078,"[""all"", ""coffee"", ""smoothie"", ""tea""]",False,,,ORD-2628,2026-10-03T17:16:50Z
ses-20261008-2933,guest-0139,False,KIOSK,69835,"[""all"", ""ade""]",False,,,ORD-2629,2026-09-27T16:47:35Z
ses-20261008-2934,guest-0132,False,KIOSK,69287,"[""all"", ""smoothie""]",False,,,ORD-2630,2026-09-20T16:35:26Z
ses-20261008-2935,guest-0016,False,KIOSK,56081,"[""all"", ""ade""]",False,,,ORD-2631,2026-10-08T03:03:47Z
ses-20261008-2936,guest-0180,False,KIOSK,68995,"[""all"", ""coffee"", ""smoothie"", ""decaf""]",False,,,ORD-2632,2026-09-23T22:57:56Z
ses-20261008-2937,guest-0177,False,KIOSK,66769,"[""all"", ""ade""]",False,,,ORD-2633,2026-09-30T17:03:09Z
ses-20261008-2938,guest-0058,False,KIOSK,69784,"[""all"", ""ade"", ""coffee"", ""tea""]",False,,,ORD-2634,2026-10-05T16:34:51Z
ses-20261008-2939,guest-0037,False,KIOSK,72724,"[""all"", ""smoothie"", ""coffee""]",False,,,ORD-2635,2026-10-03T21:52:11Z
ses-20261008-2940,usr-0235,True,KIOSK,19303,"[""all"", ""coffee"", ""smoothie"", ""ade""]",False,,,ORD-2636,2026-10-04T20:45:29Z
ses-20261008-2941,usr-0097,True,KIOSK,16688,"[""all"", ""smoothie""]",False,,,ORD-2637,2026-10-01T17:04:14Z
ses-20261008-2942,guest-0065,False,KIOSK,57776,"[""all"", ""coffee""]",False,,,ORD-2638,2026-09-24T04:14:13Z
ses-20261008-2943,usr-0141,True,KIOSK,85716,"[""all"", ""decaf"", ""smoothie"", ""tea""]",True,OPTION_MODAL,PRICE_HIGH,,2026-10-02T16:21:38Z
ses-20261008-2944,usr-0174,True,KIOSK,63781,"[""all"", ""decaf""]",False,,,ORD-2639,2026-09-23T21:31:21Z
ses-20261008-2945,usr-0367,True,KIOSK,99263,"[""all"", ""decaf""]",True,CART_SHEET,WAIT_TIME_LONG,,2026-09-18T16:50:27Z
ses-20261008-2946,guest-0149,False,KIOSK,50677,"[""all"", ""ade"", ""coffee"", ""tea""]",False,,,ORD-2640,2026-09-21T16:51:55Z
ses-20261008-2947,guest-0192,False,KIOSK,60172,"[""all"", ""decaf"", ""coffee"", ""smoothie""]",False,,,ORD-2641,2026-09-15T21:04:54Z
ses-20261008-2948,guest-0183,False,KIOSK,79487,"[""all"", ""coffee"", ""smoothie""]",False,,,ORD-2642,2026-10-06T01:58:12Z
ses-20261008-2949,usr-0121,True,KIOSK,58190,"[""all"", ""ade""]",False,,,ORD-2643,2026-09-21T17:47:38Z
ses-20261008-2950,usr-0390,True,KIOSK,68373,"[""all"", ""decaf"", ""ade""]",False,,,ORD-2644,2026-09-16T17:54:07Z
ses-20261008-2951,guest-0042,False,KIOSK,73494,"[""all"", ""decaf""]",False,,,ORD-2645,2026-10-01T16:17:31Z
ses-20261008-2952,guest-0149,False,KIOSK,81884,"[""all"", ""decaf"", ""smoothie""]",True,OPTION_MODAL,PRICE_HIGH,,2026-09-22T16:04:06Z
ses-20261008-2953,usr-0085,True,KIOSK,42005,"[""all"", ""smoothie"", ""tea""]",False,,,ORD-2646,2026-09-16T21:27:40Z
ses-20261008-2954,usr-0387,True,KIOSK,22822,"[""all"", ""decaf"", ""coffee""]",False,,,ORD-2647,2026-09-28T20:44:26Z
ses-20261008-2955,guest-0127,False,KIOSK,63902,"[""all"", ""decaf""]",False,,,ORD-2648,2026-09-30T16:15:51Z
ses-20261008-2956,usr-0340,True,KIOSK,70911,"[""all"", ""coffee""]",False,,,ORD-2649,2026-09-16T02:14:21Z
ses-20261008-2957,guest-0008,False,KIOSK,100785,"[""all"", ""coffee""]",True,OPTION_MODAL,TIMEOUT_60S,,2026-10-07T16:09:29Z
ses-20261008-2958,guest-0086,False,KIOSK,62291,"[""all"", ""decaf""]",False,,,ORD-2650,2026-09-27T16:02:37Z
ses-20261008-2959,guest-0071,False,KIOSK,78161,"[""all"", ""smoothie"", ""tea"", ""coffee""]",False,,,ORD-2651,2026-09-25T21:16:25Z
ses-20261008-2960,usr-0024,True,KIOSK,63179,"[""all"", ""coffee"", ""ade""]",False,,,ORD-2652,2026-09-19T04:33:51Z
ses-20261008-2961,guest-0107,False,KIOSK,65670,"[""all"", ""tea"", ""smoothie""]",False,,,ORD-2653,2026-10-05T16:31:02Z
ses-20261008-2962,usr-0208,True,KIOSK,98466,"[""all"", ""decaf"", ""coffee"", ""ade""]",False,,,ORD-2654,2026-09-27T17:19:50Z
ses-20261008-2963,guest-0095,False,KIOSK,66688,"[""all"", ""decaf""]",False,,,ORD-2655,2026-10-05T00:03:03Z
ses-20261008-2964,usr-0290,True,KIOSK,50372,"[""all"", ""coffee"", ""tea"", ""decaf""]",False,,,ORD-2656,2026-09-30T03:23:27Z
ses-20261008-2965,guest-0152,False,KIOSK,63203,"[""all"", ""coffee""]",False,,,ORD-2657,2026-10-07T23:01:06Z
ses-20261008-2966,guest-0168,False,KIOSK,58393,"[""all"", ""tea""]",False,,,ORD-2658,2026-09-26T21:13:18Z
ses-20261008-2967,guest-0120,False,KIOSK,79970,"[""all"", ""ade"", ""tea"", ""smoothie""]",False,,,ORD-2659,2026-09-23T21:13:47Z
ses-20261008-2968,guest-0014,False,KIOSK,43481,"[""all"", ""coffee""]",False,,,ORD-2660,2026-09-24T17:08:56Z
ses-20261008-2969,usr-0154,True,KIOSK,74535,"[""all"", ""decaf"", ""tea""]",False,,,ORD-2661,2026-10-08T16:36:55Z
ses-20261008-2970,guest-0089,False,KIOSK,66307,"[""all"", ""tea""]",False,,,ORD-2662,2026-09-15T20:58:38Z
ses-20261008-2971,usr-0028,True,KIOSK,30616,"[""all"", ""tea"", ""smoothie"", ""decaf"", ""ade""]",False,,,ORD-2663,2026-09-26T16:17:19Z
ses-20261008-2972,guest-0140,False,KIOSK,50000,"[""all"", ""ade""]",False,,,ORD-2664,2026-09-22T16:56:06Z
ses-20261008-2973,guest-0079,False,KIOSK,68773,"[""all"", ""smoothie""]",False,,,ORD-2665,2026-10-05T20:39:27Z
ses-20261008-2974,guest-0087,False,KIOSK,80765,"[""all"", ""coffee""]",False,,,ORD-2666,2026-10-05T17:11:51Z
ses-20261008-2975,usr-0021,True,KIOSK,61056,"[""all"", ""decaf"", ""coffee""]",False,,,ORD-2667,2026-09-21T21:12:59Z
ses-20261008-2976,guest-0003,False,KIOSK,37738,"[""all"", ""ade"", ""tea""]",False,,,ORD-2668,2026-10-08T03:27:32Z
ses-20261008-2977,usr-0311,True,KIOSK,27911,"[""all"", ""decaf""]",False,,,ORD-2669,2026-10-08T17:03:23Z
ses-20261008-2978,guest-0095,False,KIOSK,72324,"[""all"", ""tea""]",True,CART_SHEET,TIMEOUT_60S,,2026-10-08T20:52:58Z
ses-20261008-2979,guest-0106,False,KIOSK,32458,"[""all"", ""coffee"", ""tea"", ""decaf""]",False,,,ORD-2670,2026-09-19T22:13:11Z
ses-20261008-2980,guest-0025,False,KIOSK,55601,"[""all"", ""coffee"", ""ade"", ""decaf""]",False,,,ORD-2671,2026-10-05T21:54:43Z
ses-20261008-2981,guest-0014,False,KIOSK,53534,"[""all"", ""decaf"", ""coffee"", ""smoothie""]",False,,,ORD-2672,2026-10-06T04:55:25Z
ses-20261008-2982,guest-0126,False,KIOSK,49058,"[""all"", ""tea""]",False,,,ORD-2673,2026-10-04T02:23:49Z
ses-20261008-2983,guest-0156,False,KIOSK,49415,"[""all"", ""coffee"", ""decaf"", ""smoothie""]",False,,,ORD-2674,2026-09-17T20:48:53Z
ses-20261008-2984,guest-0077,False,KIOSK,66820,"[""all"", ""smoothie""]",False,,,ORD-2675,2026-09-18T17:32:18Z
ses-20261008-2985,guest-0190,False,KIOSK,29284,"[""all"", ""coffee"", ""tea""]",False,,,ORD-2676,2026-09-25T03:35:46Z
ses-20261008-2986,guest-0061,False,KIOSK,81432,"[""all"", ""coffee"", ""ade""]",False,,,ORD-2677,2026-10-07T20:28:56Z
ses-20261008-2987,guest-0012,False,KIOSK,55307,"[""all"", ""decaf"", ""ade"", ""smoothie""]",False,,,ORD-2678,2026-09-22T23:45:17Z
ses-20261008-2988,guest-0087,False,KIOSK,55125,"[""all"", ""ade""]",False,,,ORD-2679,2026-10-03T16:05:00Z
ses-20261008-2989,usr-0373,True,KIOSK,58453,"[""all"", ""tea"", ""decaf""]",False,,,ORD-2680,2026-10-02T21:02:32Z
ses-20261008-2990,guest-0169,False,KIOSK,70007,"[""all"", ""tea""]",False,,,ORD-2681,2026-09-18T16:48:41Z
ses-20261008-2991,usr-0389,True,KIOSK,70017,"[""all"", ""tea"", ""coffee"", ""smoothie""]",True,CART_SHEET,PRICE_HIGH,,2026-09-26T22:28:48Z
ses-20261008-2992,usr-0191,True,KIOSK,66255,"[""all"", ""ade"", ""decaf"", ""smoothie"", ""coffee""]",False,,,ORD-2682,2026-10-08T21:25:59Z
ses-20261008-2993,guest-0124,False,KIOSK,56753,"[""all"", ""ade""]",False,,,ORD-2683,2026-09-20T23:52:43Z
ses-20261008-2994,guest-0084,False,KIOSK,75253,"[""all"", ""tea"", ""coffee""]",False,,,ORD-2684,2026-10-08T16:42:42Z
ses-20261008-2995,guest-0139,False,KIOSK,53563,"[""all"", ""smoothie""]",False,,,ORD-2685,2026-10-03T20:14:06Z
ses-20261008-2996,usr-0035,True,KIOSK,47701,"[""all"", ""decaf"", ""smoothie""]",False,,,ORD-2686,2026-09-29T03:30:03Z
ses-20261008-2997,usr-0075,True,KIOSK,74272,"[""all"", ""coffee"", ""ade"", ""tea""]",False,,,ORD-2687,2026-10-05T21:39:19Z
ses-20261008-2998,usr-0394,True,KIOSK,27578,"[""all"", ""coffee""]",False,,,ORD-2688,2026-10-01T04:31:12Z
ses-20261008-2999,guest-0106,False,KIOSK,60398,"[""all"", ""ade"", ""coffee""]",False,,,ORD-2689,2026-09-29T20:44:24Z
ses-20261008-3000,usr-0326,True,KIOSK,28401,"[""all"", ""smoothie""]",False,,,ORD-2690,2026-10-05T21:29:01Z
ses-20261008-3001,usr-0323,True,KIOSK,41832,"[""all"", ""tea"", ""coffee""]",False,,,ORD-2691,2026-09-16T17:51:59Z
ses-20261008-3002,guest-0090,False,KIOSK,79065,"[""all"", ""coffee""]",False,,,ORD-2692,2026-10-04T00:12:28Z
ses-20261008-3003,usr-0021,True,KIOSK,72753,"[""all"", ""coffee"", ""ade""]",False,,,ORD-2693,2026-09-28T21:17:56Z
ses-20261008-3004,usr-0265,True,KIOSK,87195,"[""all"", ""ade""]",True,OPTION_MODAL,TIMEOUT_60S,,2026-09-21T17:35:52Z
ses-20261008-3005,usr-0027,True,KIOSK,105316,"[""all"", ""ade""]",True,CART_SHEET,TIMEOUT_60S,,2026-09-24T04:26:31Z
ses-20261008-3006,usr-0232,True,KIOSK,56699,"[""all"", ""smoothie"", ""tea""]",False,,,ORD-2694,2026-10-07T20:02:17Z
ses-20261008-3007,usr-0162,True,KIOSK,15318,"[""all"", ""ade"", ""tea"", ""coffee"", ""decaf""]",False,,,ORD-2695,2026-10-06T17:43:11Z
ses-20261008-3008,guest-0068,False,KIOSK,78195,"[""all"", ""ade"", ""tea"", ""smoothie""]",True,CART_SHEET,WAIT_TIME_LONG,,2026-09-16T16:46:21Z
ses-20261008-3009,usr-0280,True,KIOSK,86711,"[""all"", ""coffee"", ""ade"", ""smoothie""]",False,,,ORD-2696,2026-09-16T17:12:01Z
ses-20261008-3010,guest-0154,False,KIOSK,40127,"[""all"", ""coffee"", ""smoothie"", ""tea"", ""ade""]",False,,,ORD-2697,2026-10-03T01:33:23Z
ses-20261008-3011,guest-0119,False,KIOSK,33330,"[""all"", ""tea"", ""smoothie""]",False,,,ORD-2698,2026-09-18T04:44:50Z
ses-20261008-3012,guest-0172,False,KIOSK,66280,"[""all"", ""coffee""]",True,OPTION_MODAL,PRICE_HIGH,,2026-09-16T23:51:40Z
ses-20261008-3013,usr-0028,True,KIOSK,18747,"[""all"", ""smoothie"", ""tea"", ""decaf""]",False,,,ORD-2699,2026-09-29T20:01:37Z
ses-20261008-3014,guest-0080,False,KIOSK,56525,"[""all"", ""decaf""]",False,,,ORD-2700,2026-09-17T23:17:16Z
ses-20261008-3015,guest-0126,False,KIOSK,88173,"[""all"", ""smoothie""]",False,,,ORD-2701,2026-09-21T01:58:50Z
ses-20261008-3016,guest-0074,False,KIOSK,74245,"[""all"", ""smoothie""]",False,,,ORD-2702,2026-10-08T20:36:39Z
ses-20261008-3017,usr-0396,True,KIOSK,21508,"[""all"", ""decaf"", ""tea"", ""ade""]",False,,,ORD-2703,2026-09-18T01:42:24Z
ses-20261008-3018,usr-0074,True,KIOSK,23406,"[""all"", ""decaf""]",False,,,ORD-2704,2026-09-24T21:42:57Z
ses-20261008-3019,usr-0216,True,KIOSK,58823,"[""all"", ""decaf""]",False,,,ORD-2705,2026-10-09T02:50:01Z
ses-20261008-3020,guest-0102,False,KIOSK,49596,"[""all"", ""coffee""]",False,,,ORD-2706,2026-09-21T20:52:32Z
ses-20261008-3021,guest-0104,False,KIOSK,60282,"[""all"", ""smoothie""]",False,,,ORD-2707,2026-09-29T21:24:42Z
ses-20261008-3022,guest-0043,False,KIOSK,52745,"[""all"", ""ade"", ""decaf"", ""coffee"", ""smoothie""]",False,,,ORD-2708,2026-09-24T23:07:27Z
ses-20261008-3023,guest-0081,False,KIOSK,80376,"[""all"", ""decaf"", ""tea""]",False,,,ORD-2709,2026-10-04T16:21:53Z
ses-20261008-3024,guest-0138,False,KIOSK,97896,"[""all"", ""ade""]",True,CART_SHEET,PRICE_HIGH,,2026-09-21T22:01:34Z
ses-20261008-3025,guest-0083,False,KIOSK,53176,"[""all"", ""ade"", ""coffee"", ""smoothie""]",False,,,ORD-2710,2026-09-24T03:07:13Z
ses-20261008-3026,guest-0026,False,KIOSK,55019,"[""all"", ""ade"", ""decaf"", ""smoothie""]",False,,,ORD-2711,2026-09-19T22:23:21Z
ses-20261008-3027,guest-0140,False,KIOSK,65367,"[""all"", ""decaf""]",False,,,ORD-2712,2026-09-17T17:49:00Z
ses-20261008-3028,guest-0080,False,KIOSK,71536,"[""all"", ""ade"", ""smoothie"", ""decaf""]",False,,,ORD-2713,2026-10-02T16:06:55Z
ses-20261008-3029,guest-0053,False,KIOSK,68032,"[""all"", ""tea""]",False,,,ORD-2714,2026-09-26T17:59:29Z
ses-20261008-3030,guest-0179,False,KIOSK,70300,"[""all"", ""smoothie"", ""tea""]",False,,,ORD-2715,2026-09-27T16:12:59Z
ses-20261008-3031,guest-0142,False,KIOSK,30627,"[""all"", ""tea"", ""decaf""]",False,,,ORD-2716,2026-09-23T21:16:59Z
ses-20261008-3032,guest-0114,False,KIOSK,75900,"[""all"", ""ade""]",True,CART_SHEET,PRICE_HIGH,,2026-09-26T16:43:00Z
ses-20261008-3033,guest-0062,False,KIOSK,61576,"[""all"", ""ade""]",False,,,ORD-2717,2026-10-01T21:05:09Z
ses-20261008-3034,usr-0345,True,KIOSK,62578,"[""all"", ""tea""]",False,,,ORD-2718,2026-10-01T16:24:27Z
ses-20261008-3035,guest-0074,False,KIOSK,70658,"[""all"", ""tea"", ""decaf""]",False,,,ORD-2719,2026-09-22T00:38:52Z
ses-20261008-3036,guest-0191,False,KIOSK,75570,"[""all"", ""decaf""]",False,,,ORD-2720,2026-10-05T01:00:18Z
ses-20261008-3037,usr-0082,True,KIOSK,64730,"[""all"", ""tea"", ""decaf""]",False,,,ORD-2721,2026-10-04T23:17:55Z
ses-20261008-3038,usr-0200,True,KIOSK,67585,"[""all"", ""tea""]",True,OPTION_MODAL,TIMEOUT_60S,,2026-09-15T20:55:27Z
ses-20261008-3039,usr-0258,True,KIOSK,46418,"[""all"", ""ade""]",False,,,ORD-2722,2026-10-06T21:22:50Z
ses-20261008-3040,usr-0059,True,KIOSK,40645,"[""all"", ""ade"", ""tea"", ""smoothie"", ""decaf""]",False,,,ORD-2723,2026-10-05T17:18:20Z
ses-20261008-3041,usr-0242,True,KIOSK,41755,"[""all"", ""ade"", ""coffee"", ""decaf"", ""smoothie""]",False,,,ORD-2724,2026-09-20T20:34:32Z
ses-20261008-3042,guest-0140,False,KIOSK,69648,"[""all"", ""tea"", ""smoothie"", ""coffee""]",False,,,ORD-2725,2026-09-19T21:44:16Z
ses-20261008-3043,guest-0096,False,KIOSK,85337,"[""all"", ""ade"", ""smoothie""]",False,,,ORD-2726,2026-09-18T17:57:19Z
ses-20261008-3044,guest-0182,False,KIOSK,56313,"[""all"", ""tea"", ""ade""]",False,,,ORD-2727,2026-09-20T17:48:07Z
ses-20261008-3045,guest-0062,False,KIOSK,102641,"[""all"", ""decaf""]",True,OPTION_MODAL,TIMEOUT_60S,,2026-10-04T21:39:42Z
ses-20261008-3046,guest-0068,False,KIOSK,61917,"[""all"", ""smoothie"", ""tea""]",False,,,ORD-2728,2026-09-26T16:23:23Z
ses-20261008-3047,guest-0092,False,KIOSK,73836,"[""all"", ""coffee"", ""tea""]",False,,,ORD-2729,2026-09-20T23:39:28Z
ses-20261008-3048,usr-0296,True,KIOSK,33217,"[""all"", ""ade""]",False,,,ORD-2730,2026-09-18T17:28:15Z
ses-20261008-3049,guest-0156,False,KIOSK,57841,"[""all"", ""smoothie"", ""tea""]",False,,,ORD-2731,2026-10-08T21:56:53Z
ses-20261008-3050,guest-0126,False,KIOSK,65295,"[""all"", ""decaf""]",False,,,ORD-2732,2026-09-16T16:13:26Z
ses-20261008-3051,guest-0196,False,KIOSK,53408,"[""all"", ""tea""]",False,,,ORD-2733,2026-09-17T21:21:34Z
ses-20261008-3052,guest-0144,False,KIOSK,51689,"[""all"", ""coffee""]",False,,,ORD-2734,2026-10-02T17:01:53Z
ses-20261008-3053,guest-0013,False,KIOSK,64058,"[""all"", ""smoothie"", ""coffee"", ""ade"", ""decaf""]",False,,,ORD-2735,2026-09-28T17:03:51Z
ses-20261008-3054,usr-0225,True,KIOSK,29536,"[""all"", ""coffee""]",False,,,ORD-2736,2026-10-02T23:03:07Z
ses-20261008-3055,guest-0163,False,KIOSK,65882,"[""all"", ""tea""]",False,,,ORD-2737,2026-10-06T22:22:51Z
ses-20261008-3056,guest-0197,False,KIOSK,35913,"[""all"", ""coffee"", ""smoothie"", ""decaf""]",False,,,ORD-2738,2026-09-27T21:00:42Z
ses-20261008-3057,guest-0076,False,KIOSK,82461,"[""all"", ""decaf""]",False,,,ORD-2739,2026-10-08T17:39:01Z
ses-20261008-3058,usr-0081,True,KIOSK,45554,"[""all"", ""coffee"", ""ade"", ""smoothie""]",False,,,ORD-2740,2026-09-19T16:04:15Z
ses-20261008-3059,usr-0090,True,KIOSK,48570,"[""all"", ""decaf"", ""smoothie""]",False,,,ORD-2741,2026-09-30T16:54:46Z
ses-20261008-3060,guest-0156,False,KIOSK,71949,"[""all"", ""smoothie"", ""ade""]",True,CART_SHEET,WAIT_TIME_LONG,,2026-09-22T00:31:36Z
ses-20261008-3061,guest-0153,False,KIOSK,72992,"[""all"", ""decaf"", ""ade"", ""smoothie"", ""coffee""]",False,,,ORD-2742,2026-10-08T17:52:51Z
ses-20261008-3062,usr-0159,True,KIOSK,19455,"[""all"", ""tea""]",False,,,ORD-2743,2026-10-05T21:58:43Z
ses-20261008-3063,guest-0105,False,KIOSK,63076,"[""all"", ""decaf"", ""coffee""]",False,,,ORD-2744,2026-10-05T02:32:04Z
ses-20261008-3064,guest-0059,False,KIOSK,46443,"[""all"", ""coffee""]",False,,,ORD-2745,2026-10-06T17:30:08Z
ses-20261008-3065,usr-0206,True,KIOSK,25419,"[""all"", ""smoothie""]",False,,,ORD-2746,2026-09-27T04:40:59Z
ses-20261008-3066,guest-0192,False,KIOSK,61037,"[""all"", ""coffee""]",False,,,ORD-2747,2026-10-01T21:41:26Z
ses-20261008-3067,usr-0289,True,KIOSK,85066,"[""all"", ""smoothie"", ""tea""]",False,,,ORD-2748,2026-09-22T20:46:02Z
ses-20261008-3068,usr-0233,True,KIOSK,59781,"[""all"", ""ade"", ""coffee"", ""decaf""]",False,,,ORD-2749,2026-10-06T16:13:21Z
ses-20261008-3069,usr-0069,True,KIOSK,65537,"[""all"", ""tea"", ""coffee"", ""ade"", ""smoothie""]",False,,,ORD-2750,2026-09-22T20:06:33Z
ses-20261008-3070,usr-0395,True,KIOSK,41230,"[""all"", ""smoothie""]",False,,,ORD-2751,2026-09-16T17:14:44Z
ses-20261008-3071,guest-0141,False,KIOSK,76483,"[""all"", ""coffee""]",False,,,ORD-2752,2026-10-05T21:53:08Z
ses-20261008-3072,guest-0044,False,KIOSK,43846,"[""all"", ""smoothie""]",False,,,ORD-2753,2026-10-01T20:41:51Z
ses-20261008-3073,guest-0148,False,KIOSK,66435,"[""all"", ""tea"", ""coffee"", ""ade""]",False,,,ORD-2754,2026-09-26T04:38:50Z
ses-20261008-3074,usr-0273,True,KIOSK,53033,"[""all"", ""smoothie""]",False,,,ORD-2755,2026-09-26T21:47:00Z
ses-20261008-3075,usr-0369,True,KIOSK,38851,"[""all"", ""coffee"", ""decaf""]",False,,,ORD-2756,2026-09-28T00:53:06Z
ses-20261008-3076,guest-0178,False,KIOSK,71746,"[""all"", ""tea""]",False,,,ORD-2757,2026-10-03T01:37:59Z
ses-20261008-3077,guest-0039,False,KIOSK,90992,"[""all"", ""smoothie"", ""decaf""]",False,,,ORD-2758,2026-09-16T20:01:48Z
ses-20261008-3078,guest-0010,False,KIOSK,46230,"[""all"", ""ade"", ""smoothie""]",False,,,ORD-2759,2026-09-16T21:48:17Z
ses-20261008-3079,guest-0124,False,KIOSK,56684,"[""all"", ""decaf"", ""tea""]",False,,,ORD-2760,2026-09-18T21:03:42Z
ses-20261008-3080,guest-0057,False,KIOSK,37690,"[""all"", ""tea"", ""ade""]",False,,,ORD-2761,2026-09-19T20:44:37Z
ses-20261008-3081,guest-0101,False,KIOSK,76981,"[""all"", ""decaf"", ""tea""]",True,OPTION_MODAL,PRICE_HIGH,,2026-10-03T17:15:47Z
ses-20261008-3082,guest-0110,False,KIOSK,62531,"[""all"", ""coffee"", ""ade"", ""smoothie"", ""decaf""]",False,,,ORD-2762,2026-09-27T16:02:27Z
ses-20261008-3083,guest-0029,False,KIOSK,87774,"[""all"", ""decaf"", ""ade""]",False,,,ORD-2763,2026-09-24T20:35:04Z
ses-20261008-3084,usr-0199,True,KIOSK,80408,"[""all"", ""ade""]",True,CART_SHEET,TIMEOUT_60S,,2026-09-19T04:38:43Z
ses-20261008-3085,guest-0021,False,KIOSK,63293,"[""all"", ""smoothie""]",False,,,ORD-2764,2026-10-05T23:50:51Z
ses-20261008-3086,usr-0237,True,KIOSK,28206,"[""all"", ""decaf""]",False,,,ORD-2765,2026-09-26T21:41:06Z
ses-20261008-3087,usr-0312,True,KIOSK,66137,"[""all"", ""ade""]",False,,,ORD-2766,2026-09-23T23:31:24Z
ses-20261008-3088,usr-0166,True,KIOSK,28794,"[""all"", ""tea"", ""ade"", ""coffee""]",False,,,ORD-2767,2026-09-25T04:45:16Z
ses-20261008-3089,guest-0028,False,KIOSK,86752,"[""all"", ""ade""]",False,,,ORD-2768,2026-09-22T16:59:41Z
ses-20261008-3090,usr-0318,True,KIOSK,43941,"[""all"", ""tea"", ""decaf"", ""coffee""]",False,,,ORD-2769,2026-09-16T20:13:47Z
ses-20261008-3091,guest-0057,False,KIOSK,25000,"[""all"", ""decaf"", ""coffee"", ""ade""]",False,,,ORD-2770,2026-09-21T16:12:33Z
ses-20261008-3092,guest-0169,False,KIOSK,45660,"[""all"", ""tea""]",False,,,ORD-2771,2026-10-06T22:34:07Z
ses-20261008-3093,guest-0144,False,KIOSK,45227,"[""all"", ""decaf"", ""smoothie"", ""ade"", ""coffee""]",False,,,ORD-2772,2026-09-15T21:31:42Z
ses-20261008-3094,usr-0370,True,KIOSK,56099,"[""all"", ""decaf"", ""tea""]",False,,,ORD-2773,2026-09-27T17:01:44Z
ses-20261008-3095,usr-0328,True,KIOSK,70289,"[""all"", ""decaf"", ""tea""]",False,,,ORD-2774,2026-09-23T20:05:19Z
ses-20261008-3096,usr-0055,True,KIOSK,82255,"[""all"", ""ade"", ""decaf""]",False,,,ORD-2775,2026-09-23T16:53:17Z
ses-20261008-3097,guest-0056,False,KIOSK,72764,"[""all"", ""coffee"", ""smoothie""]",False,,,ORD-2776,2026-09-23T17:03:32Z
ses-20261008-3098,usr-0031,True,KIOSK,53226,"[""all"", ""coffee""]",False,,,ORD-2777,2026-10-01T21:30:07Z
ses-20261008-3099,usr-0089,True,KIOSK,37140,"[""all"", ""coffee"", ""ade"", ""tea"", ""decaf""]",False,,,ORD-2778,2026-09-21T04:50:51Z
ses-20261008-3100,guest-0081,False,KIOSK,56984,"[""all"", ""smoothie""]",False,,,ORD-2779,2026-09-29T20:27:41Z
ses-20261008-3101,guest-0109,False,KIOSK,62024,"[""all"", ""smoothie""]",False,,,ORD-2780,2026-09-27T04:55:48Z
ses-20261008-3102,usr-0106,True,KIOSK,64048,"[""all"", ""coffee"", ""smoothie"", ""ade"", ""decaf""]",False,,,ORD-2781,2026-09-22T00:55:56Z
ses-20261008-3103,usr-0201,True,KIOSK,21795,"[""all"", ""ade"", ""tea""]",False,,,ORD-2782,2026-09-18T22:07:21Z
ses-20261008-3104,guest-0122,False,KIOSK,38485,"[""all"", ""ade"", ""decaf"", ""coffee"", ""smoothie""]",False,,,ORD-2783,2026-10-01T21:26:09Z
ses-20261008-3105,guest-0131,False,KIOSK,41172,"[""all"", ""ade""]",False,,,ORD-2784,2026-10-02T17:51:45Z
ses-20261008-3106,guest-0196,False,KIOSK,34378,"[""all"", ""ade"", ""smoothie""]",False,,,ORD-2785,2026-09-19T20:17:13Z
ses-20261008-3107,guest-0120,False,KIOSK,71100,"[""all"", ""smoothie"", ""tea""]",False,,,ORD-2786,2026-09-24T16:19:53Z
ses-20261008-3108,guest-0038,False,KIOSK,114232,"[""all"", ""tea"", ""decaf""]",True,PAY_POPUP,WAIT_TIME_LONG,,2026-10-08T17:17:59Z
ses-20261008-3109,guest-0174,False,KIOSK,46498,"[""all"", ""smoothie"", ""coffee""]",False,,,ORD-2787,2026-09-18T17:58:34Z
ses-20261008-3110,guest-0010,False,KIOSK,80001,"[""all"", ""decaf"", ""smoothie"", ""ade"", ""tea""]",False,,,ORD-2788,2026-09-15T16:51:00Z
ses-20261008-3111,guest-0053,False,KIOSK,86642,"[""all"", ""tea"", ""smoothie""]",False,,,ORD-2789,2026-10-03T20:31:59Z
ses-20261008-3112,guest-0005,False,KIOSK,67427,"[""all"", ""coffee"", ""decaf""]",False,,,ORD-2790,2026-09-30T20:44:15Z
ses-20261008-3113,usr-0362,True,KIOSK,58650,"[""all"", ""ade"", ""smoothie"", ""decaf""]",False,,,ORD-2791,2026-09-27T17:30:18Z
ses-20261008-3114,guest-0170,False,KIOSK,35604,"[""all"", ""decaf"", ""ade"", ""tea""]",False,,,ORD-2792,2026-09-24T20:48:53Z
ses-20261008-3115,guest-0025,False,KIOSK,63081,"[""all"", ""decaf"", ""coffee""]",False,,,ORD-2793,2026-09-25T00:12:43Z
ses-20261008-3116,guest-0198,False,KIOSK,85165,"[""all"", ""tea"", ""smoothie"", ""decaf""]",False,,,ORD-2794,2026-09-28T16:33:43Z
ses-20261008-3117,guest-0013,False,KIOSK,64930,"[""all"", ""smoothie""]",False,,,ORD-2795,2026-09-25T20:58:11Z
ses-20261008-3118,guest-0003,False,KIOSK,82676,"[""all"", ""decaf"", ""ade"", ""tea""]",False,,,ORD-2796,2026-10-04T21:09:36Z
ses-20261008-3119,usr-0304,True,KIOSK,59070,"[""all"", ""ade""]",False,,,ORD-2797,2026-09-18T17:53:06Z
ses-20261008-3120,guest-0035,False,KIOSK,80854,"[""all"", ""tea"", ""ade""]",False,,,ORD-2798,2026-09-20T16:14:42Z
ses-20261008-3121,usr-0277,True,KIOSK,26051,"[""all"", ""tea""]",False,,,ORD-2799,2026-09-26T04:57:07Z
ses-20261008-3122,guest-0101,False,KIOSK,68248,"[""all"", ""ade"", ""tea"", ""decaf""]",False,,,ORD-2800,2026-09-17T16:38:52Z
ses-20261008-3123,usr-0335,True,KIOSK,57517,"[""all"", ""ade"", ""coffee""]",True,PAY_POPUP,WAIT_TIME_LONG,,2026-09-22T20:45:41Z
ses-20261008-3124,usr-0249,True,KIOSK,47791,"[""all"", ""coffee"", ""decaf""]",False,,,ORD-2801,2026-09-28T16:38:52Z
ses-20261008-3125,usr-0155,True,KIOSK,65838,"[""all"", ""smoothie"", ""ade"", ""decaf""]",False,,,ORD-2802,2026-10-07T04:33:08Z
ses-20261008-3126,guest-0096,False,KIOSK,70693,"[""all"", ""ade"", ""smoothie"", ""tea"", ""decaf""]",False,,,ORD-2803,2026-10-05T23:03:47Z
ses-20261008-3127,guest-0158,False,KIOSK,58373,"[""all"", ""decaf""]",False,,,ORD-2804,2026-09-24T22:06:14Z
ses-20261008-3128,guest-0143,False,KIOSK,71104,"[""all"", ""coffee""]",False,,,ORD-2805,2026-09-29T01:35:53Z
ses-20261008-3129,guest-0104,False,KIOSK,43721,"[""all"", ""ade"", ""coffee""]",False,,,ORD-2806,2026-09-17T21:50:33Z
ses-20261008-3130,guest-0157,False,KIOSK,71079,"[""all"", ""smoothie""]",False,,,ORD-2807,2026-10-02T17:35:04Z
ses-20261008-3131,guest-0044,False,KIOSK,56620,"[""all"", ""ade""]",False,,,ORD-2808,2026-09-27T20:20:52Z
ses-20261008-3132,guest-0183,False,KIOSK,69667,"[""all"", ""coffee"", ""ade""]",False,,,ORD-2809,2026-09-21T02:32:21Z
ses-20261008-3133,usr-0383,True,KIOSK,21264,"[""all"", ""ade"", ""decaf"", ""smoothie"", ""coffee""]",False,,,ORD-2810,2026-09-23T21:02:16Z
ses-20261008-3134,guest-0135,False,KIOSK,91757,"[""all"", ""decaf"", ""ade"", ""smoothie""]",True,OPTION_MODAL,TIMEOUT_60S,,2026-09-21T16:51:28Z
ses-20261008-3135,guest-0163,False,KIOSK,54046,"[""all"", ""decaf""]",False,,,ORD-2811,2026-10-03T17:55:18Z
ses-20261008-3136,usr-0364,True,KIOSK,67839,"[""all"", ""tea"", ""coffee""]",False,,,ORD-2812,2026-09-24T17:12:34Z
ses-20261008-3137,guest-0027,False,KIOSK,64460,"[""all"", ""ade"", ""smoothie"", ""coffee""]",True,CART_SHEET,WAIT_TIME_LONG,,2026-09-17T21:23:53Z
ses-20261008-3138,usr-0348,True,KIOSK,67019,"[""all"", ""ade""]",False,,,ORD-2813,2026-09-21T16:05:22Z
ses-20261008-3139,guest-0038,False,KIOSK,62003,"[""all"", ""smoothie""]",False,,,ORD-2814,2026-10-07T21:51:09Z
ses-20261008-3140,guest-0119,False,KIOSK,69049,"[""all"", ""ade""]",False,,,ORD-2815,2026-09-27T17:13:15Z
ses-20261008-3141,usr-0095,True,KIOSK,22717,"[""all"", ""ade""]",False,,,ORD-2816,2026-09-24T04:26:59Z
ses-20261008-3142,guest-0073,False,KIOSK,70037,"[""all"", ""tea"", ""decaf""]",False,,,ORD-2817,2026-09-29T21:04:31Z
ses-20261008-3143,usr-0172,True,KIOSK,77598,"[""all"", ""ade"", ""decaf""]",False,,,ORD-2818,2026-09-16T16:27:43Z
ses-20261008-3144,guest-0134,False,KIOSK,49443,"[""all"", ""coffee""]",False,,,ORD-2819,2026-10-07T03:57:25Z
ses-20261008-3145,guest-0058,False,KIOSK,76178,"[""all"", ""decaf"", ""coffee""]",False,,,ORD-2820,2026-09-28T21:27:26Z
ses-20261008-3146,usr-0236,True,KIOSK,52976,"[""all"", ""smoothie"", ""coffee""]",False,,,ORD-2821,2026-10-07T21:44:51Z
ses-20261008-3147,usr-0174,True,KIOSK,68475,"[""all"", ""coffee"", ""smoothie""]",True,CART_SHEET,TIMEOUT_60S,,2026-10-08T21:44:16Z
ses-20261008-3148,guest-0088,False,KIOSK,89194,"[""all"", ""coffee""]",True,PAY_POPUP,PRICE_HIGH,,2026-10-05T20:35:15Z
ses-20261008-3149,guest-0192,False,KIOSK,64571,"[""all"", ""tea""]",False,,,ORD-2822,2026-09-18T21:30:00Z
ses-20261008-3150,usr-0158,True,KIOSK,58994,"[""all"", ""coffee"", ""decaf""]",False,,,ORD-2823,2026-10-04T21:26:47Z
ses-20261008-3151,usr-0133,True,KIOSK,72009,"[""all"", ""smoothie""]",False,,,ORD-2824,2026-09-17T00:06:59Z
ses-20261008-3152,guest-0132,False,KIOSK,62713,"[""all"", ""ade"", ""smoothie""]",False,,,ORD-2825,2026-09-15T20:20:54Z
ses-20261008-3153,guest-0146,False,KIOSK,76752,"[""all"", ""ade"", ""decaf"", ""smoothie""]",False,,,ORD-2826,2026-10-07T17:48:55Z
ses-20261008-3154,guest-0034,False,KIOSK,48915,"[""all"", ""smoothie"", ""tea""]",False,,,ORD-2827,2026-09-27T17:44:22Z
ses-20261008-3155,usr-0211,True,KIOSK,80679,"[""all"", ""smoothie""]",False,,,ORD-2828,2026-09-22T01:14:56Z
ses-20261008-3156,usr-0031,True,KIOSK,24513,"[""all"", ""tea""]",False,,,ORD-2829,2026-09-18T16:53:45Z
ses-20261008-3157,guest-0048,False,KIOSK,76360,"[""all"", ""smoothie""]",False,,,ORD-2830,2026-09-19T00:52:12Z
ses-20261008-3158,guest-0136,False,KIOSK,88887,"[""all"", ""smoothie"", ""coffee""]",False,,,ORD-2831,2026-10-04T20:50:42Z
ses-20261008-3159,guest-0180,False,KIOSK,60720,"[""all"", ""coffee"", ""smoothie""]",False,,,ORD-2832,2026-09-16T20:49:43Z
ses-20261008-3160,guest-0180,False,KIOSK,82841,"[""all"", ""smoothie"", ""tea""]",False,,,ORD-2833,2026-10-06T17:56:41Z
ses-20261008-3161,guest-0103,False,KIOSK,79491,"[""all"", ""coffee"", ""decaf"", ""tea"", ""smoothie""]",True,PAY_POPUP,PRICE_HIGH,,2026-09-30T17:28:14Z
ses-20261008-3162,guest-0157,False,KIOSK,69860,"[""all"", ""decaf""]",False,,,ORD-2834,2026-09-25T22:17:08Z
ses-20261008-3163,guest-0097,False,KIOSK,58950,"[""all"", ""ade"", ""smoothie"", ""tea"", ""decaf""]",False,,,ORD-2835,2026-09-30T21:14:12Z
ses-20261008-3164,guest-0069,False,KIOSK,59340,"[""all"", ""tea"", ""ade""]",False,,,ORD-2836,2026-09-22T21:01:33Z
ses-20261008-3165,guest-0123,False,KIOSK,57598,"[""all"", ""decaf""]",False,,,ORD-2837,2026-10-05T16:03:37Z
ses-20261008-3166,usr-0026,True,KIOSK,111480,"[""all"", ""tea"", ""decaf""]",True,PAY_POPUP,WAIT_TIME_LONG,,2026-10-02T17:23:50Z
ses-20261008-3167,guest-0093,False,KIOSK,90086,"[""all"", ""ade"", ""tea"", ""smoothie"", ""coffee""]",True,CART_SHEET,PRICE_HIGH,,2026-09-27T21:50:00Z
ses-20261008-3168,guest-0189,False,KIOSK,102224,"[""all"", ""tea"", ""coffee""]",False,,,ORD-2838,2026-10-02T00:40:12Z
ses-20261008-3169,usr-0199,True,KIOSK,66865,"[""all"", ""smoothie"", ""coffee""]",False,,,ORD-2839,2026-09-30T21:49:52Z
ses-20261008-3170,guest-0045,False,KIOSK,44160,"[""all"", ""ade"", ""smoothie""]",False,,,ORD-2840,2026-09-18T20:06:49Z
ses-20261008-3171,guest-0067,False,KIOSK,70781,"[""all"", ""coffee"", ""decaf"", ""tea"", ""ade""]",False,,,ORD-2841,2026-09-18T21:48:19Z
ses-20261008-3172,guest-0060,False,KIOSK,50127,"[""all"", ""tea"", ""smoothie""]",False,,,ORD-2842,2026-09-25T21:26:25Z
ses-20261008-3173,guest-0071,False,KIOSK,56564,"[""all"", ""coffee"", ""ade""]",False,,,ORD-2843,2026-09-30T21:57:16Z
ses-20261008-3174,guest-0057,False,KIOSK,47362,"[""all"", ""tea""]",False,,,ORD-2844,2026-09-30T17:37:26Z
ses-20261008-3175,usr-0251,True,KIOSK,61054,"[""all"", ""smoothie""]",False,,,ORD-2845,2026-09-26T04:45:45Z
ses-20261008-3176,guest-0177,False,KIOSK,25000,"[""all"", ""smoothie"", ""tea""]",False,,,ORD-2846,2026-09-25T20:33:03Z
ses-20261008-3177,guest-0060,False,KIOSK,70179,"[""all"", ""coffee""]",False,,,ORD-2847,2026-10-07T00:02:53Z
ses-20261008-3178,guest-0016,False,KIOSK,78462,"[""all"", ""decaf""]",True,CART_SHEET,TIMEOUT_60S,,2026-10-02T00:10:54Z
ses-20261008-3179,usr-0092,True,KIOSK,57570,"[""all"", ""ade""]",False,,,ORD-2848,2026-10-01T21:42:21Z
ses-20261008-3180,usr-0104,True,KIOSK,74533,"[""all"", ""coffee""]",False,,,ORD-2849,2026-09-30T16:25:42Z
ses-20261008-3181,guest-0036,False,KIOSK,36348,"[""all"", ""smoothie""]",False,,,ORD-2850,2026-09-29T16:36:08Z
ses-20261008-3182,usr-0161,True,KIOSK,61375,"[""all"", ""coffee""]",False,,,ORD-2851,2026-09-19T21:01:02Z
ses-20261008-3183,guest-0119,False,KIOSK,60430,"[""all"", ""smoothie""]",False,,,ORD-2852,2026-09-28T23:46:58Z
ses-20261008-3184,guest-0014,False,KIOSK,94137,"[""all"", ""ade""]",False,,,ORD-2853,2026-10-04T03:45:56Z
ses-20261008-3185,usr-0347,True,KIOSK,36572,"[""all"", ""smoothie"", ""coffee""]",False,,,ORD-2854,2026-10-08T00:54:59Z
ses-20261008-3186,guest-0162,False,KIOSK,67036,"[""all"", ""decaf""]",False,,,ORD-2855,2026-09-28T16:29:33Z
ses-20261008-3187,usr-0010,True,KIOSK,63811,"[""all"", ""ade"", ""coffee""]",False,,,ORD-2856,2026-09-24T04:50:04Z
ses-20261008-3188,usr-0217,True,KIOSK,58746,"[""all"", ""ade"", ""tea"", ""coffee""]",False,,,ORD-2857,2026-09-21T20:09:50Z
ses-20261008-3189,usr-0075,True,KIOSK,68470,"[""all"", ""tea"", ""decaf"", ""smoothie""]",False,,,ORD-2858,2026-09-27T21:56:26Z
ses-20261008-3190,guest-0101,False,KIOSK,64531,"[""all"", ""coffee""]",False,,,ORD-2859,2026-09-20T02:05:35Z
ses-20261008-3191,guest-0110,False,KIOSK,55552,"[""all"", ""decaf"", ""tea"", ""smoothie""]",False,,,ORD-2860,2026-09-22T21:28:33Z
ses-20261008-3192,guest-0047,False,KIOSK,82016,"[""all"", ""tea""]",True,OPTION_MODAL,WAIT_TIME_LONG,,2026-10-07T21:20:19Z
ses-20261008-3193,guest-0082,False,KIOSK,86712,"[""all"", ""ade""]",True,OPTION_MODAL,TIMEOUT_60S,,2026-09-24T22:51:59Z
ses-20261008-3194,usr-0216,True,KIOSK,69738,"[""all"", ""ade"", ""coffee"", ""tea""]",False,,,ORD-2861,2026-10-04T17:02:50Z
ses-20261008-3195,usr-0353,True,KIOSK,63722,"[""all"", ""ade"", ""decaf""]",False,,,ORD-2862,2026-09-28T02:17:53Z
ses-20261008-3196,guest-0122,False,KIOSK,72294,"[""all"", ""decaf""]",False,,,ORD-2863,2026-10-09T02:58:10Z
ses-20261008-3197,guest-0089,False,KIOSK,53240,"[""all"", ""coffee""]",False,,,ORD-2864,2026-10-08T00:15:55Z
ses-20261008-3198,usr-0138,True,KIOSK,22847,"[""all"", ""tea""]",False,,,ORD-2865,2026-10-02T21:35:51Z
ses-20261008-3199,guest-0185,False,KIOSK,101052,"[""all"", ""ade"", ""decaf"", ""tea""]",True,CART_SHEET,PRICE_HIGH,,2026-10-03T20:07:34Z
ses-20261008-3200,usr-0168,True,KIOSK,61432,"[""all"", ""coffee""]",False,,,ORD-2866,2026-09-18T17:38:00Z
ses-20261008-3201,guest-0027,False,KIOSK,62461,"[""all"", ""coffee"", ""smoothie""]",False,,,ORD-2867,2026-10-04T20:28:09Z
ses-20261008-3202,usr-0186,True,KIOSK,60931,"[""all"", ""tea""]",False,,,ORD-2868,2026-10-09T00:47:04Z
ses-20261008-3203,guest-0027,False,KIOSK,80011,"[""all"", ""smoothie"", ""ade""]",False,,,ORD-2869,2026-10-02T20:49:35Z
ses-20261008-3204,usr-0178,True,KIOSK,29726,"[""all"", ""ade""]",False,,,ORD-2870,2026-10-01T01:52:41Z
ses-20261008-3205,guest-0188,False,KIOSK,50012,"[""all"", ""smoothie""]",False,,,ORD-2871,2026-10-04T16:10:01Z
ses-20261008-3206,guest-0171,False,KIOSK,51337,"[""all"", ""decaf"", ""coffee""]",False,,,ORD-2872,2026-10-08T04:25:12Z
ses-20261008-3207,guest-0135,False,KIOSK,65878,"[""all"", ""tea"", ""ade""]",False,,,ORD-2873,2026-09-18T01:29:11Z
ses-20261008-3208,guest-0011,False,KIOSK,72305,"[""all"", ""tea"", ""coffee"", ""decaf""]",False,,,ORD-2874,2026-09-17T20:56:11Z
ses-20261008-3209,guest-0033,False,KIOSK,75062,"[""all"", ""ade"", ""tea""]",False,,,ORD-2875,2026-09-18T16:28:51Z
ses-20261008-3210,guest-0096,False,KIOSK,66330,"[""all"", ""ade"", ""coffee"", ""decaf""]",False,,,ORD-2876,2026-10-05T16:53:56Z
ses-20261008-3211,usr-0170,True,KIOSK,48228,"[""all"", ""tea"", ""coffee"", ""ade""]",False,,,ORD-2877,2026-09-17T02:25:29Z
ses-20261008-3212,guest-0095,False,KIOSK,74072,"[""all"", ""coffee"", ""smoothie""]",True,CART_SHEET,TIMEOUT_60S,,2026-09-18T17:24:45Z
ses-20261008-3213,guest-0076,False,KIOSK,88172,"[""all"", ""tea""]",False,,,ORD-2878,2026-10-03T00:59:38Z
ses-20261008-3214,usr-0350,True,KIOSK,37113,"[""all"", ""coffee"", ""decaf""]",False,,,ORD-2879,2026-09-22T04:46:19Z
ses-20261008-3215,guest-0162,False,KIOSK,77749,"[""all"", ""decaf""]",False,,,ORD-2880,2026-10-06T21:32:35Z
ses-20261008-3216,guest-0182,False,KIOSK,60743,"[""all"", ""coffee"", ""tea""]",False,,,ORD-2881,2026-09-27T16:18:11Z
ses-20261008-3217,guest-0120,False,KIOSK,57951,"[""all"", ""smoothie"", ""coffee"", ""decaf""]",False,,,ORD-2882,2026-10-06T01:56:07Z
ses-20261008-3218,guest-0196,False,KIOSK,72553,"[""all"", ""smoothie""]",False,,,ORD-2883,2026-10-03T17:47:38Z
ses-20261008-3219,usr-0097,True,KIOSK,50782,"[""all"", ""ade"", ""decaf"", ""coffee""]",False,,,ORD-2884,2026-09-24T04:41:19Z
ses-20261008-3220,guest-0101,False,KIOSK,51878,"[""all"", ""smoothie""]",False,,,ORD-2885,2026-09-15T16:06:07Z
ses-20261008-3221,usr-0030,True,KIOSK,17587,"[""all"", ""decaf"", ""ade"", ""coffee""]",False,,,ORD-2886,2026-10-03T17:30:09Z
ses-20261008-3222,guest-0198,False,KIOSK,40815,"[""all"", ""coffee""]",False,,,ORD-2887,2026-09-23T21:42:25Z
ses-20261008-3223,guest-0144,False,KIOSK,47629,"[""all"", ""coffee""]",False,,,ORD-2888,2026-09-23T16:16:56Z
ses-20261008-3224,guest-0004,False,KIOSK,31345,"[""all"", ""decaf""]",False,,,ORD-2889,2026-09-26T02:48:03Z
ses-20261008-3225,usr-0396,True,KIOSK,26101,"[""all"", ""ade""]",False,,,ORD-2890,2026-10-08T17:53:31Z
ses-20261008-3226,usr-0006,True,KIOSK,31238,"[""all"", ""decaf""]",False,,,ORD-2891,2026-09-30T16:57:32Z
ses-20261008-3227,usr-0208,True,KIOSK,25049,"[""all"", ""smoothie"", ""ade""]",False,,,ORD-2892,2026-09-20T17:43:30Z
ses-20261008-3228,guest-0007,False,KIOSK,47379,"[""all"", ""decaf""]",False,,,ORD-2893,2026-09-29T01:15:27Z
ses-20261008-3229,guest-0127,False,KIOSK,88959,"[""all"", ""decaf"", ""coffee""]",True,PAY_POPUP,TIMEOUT_60S,,2026-10-01T16:21:54Z
ses-20261008-3230,guest-0105,False,KIOSK,85543,"[""all"", ""tea"", ""smoothie""]",False,,,ORD-2894,2026-09-26T20:33:50Z
ses-20261008-3231,guest-0051,False,KIOSK,73342,"[""all"", ""smoothie"", ""ade"", ""coffee""]",False,,,ORD-2895,2026-10-04T17:34:10Z
ses-20261008-3232,usr-0304,True,KIOSK,23561,"[""all"", ""smoothie"", ""ade""]",False,,,ORD-2896,2026-10-05T02:32:29Z
ses-20261008-3233,guest-0050,False,KIOSK,73253,"[""all"", ""coffee""]",True,OPTION_MODAL,TIMEOUT_60S,,2026-10-08T21:48:33Z
ses-20261008-3234,guest-0028,False,KIOSK,50862,"[""all"", ""decaf"", ""smoothie""]",False,,,ORD-2897,2026-09-18T17:51:38Z
ses-20261008-3235,guest-0098,False,KIOSK,95029,"[""all"", ""smoothie"", ""tea""]",True,CART_SHEET,TIMEOUT_60S,,2026-09-16T16:01:45Z
ses-20261008-3236,usr-0396,True,KIOSK,50254,"[""all"", ""coffee""]",False,,,ORD-2898,2026-09-27T16:55:29Z
ses-20261008-3237,usr-0043,True,KIOSK,69926,"[""all"", ""tea"", ""smoothie"", ""decaf""]",False,,,ORD-2899,2026-10-05T17:17:37Z
ses-20261008-3238,usr-0381,True,KIOSK,66503,"[""all"", ""decaf"", ""coffee""]",False,,,ORD-2900,2026-10-06T16:59:04Z
ses-20261008-3239,guest-0022,False,KIOSK,60649,"[""all"", ""tea"", ""decaf""]",False,,,ORD-2901,2026-10-05T17:01:52Z
ses-20261008-3240,guest-0147,False,KIOSK,70099,"[""all"", ""smoothie"", ""ade""]",False,,,ORD-2902,2026-09-26T03:17:36Z
ses-20261008-3241,guest-0125,False,KIOSK,70143,"[""all"", ""decaf""]",False,,,ORD-2903,2026-09-17T21:17:19Z
ses-20261008-3242,usr-0241,True,KIOSK,30796,"[""all"", ""coffee"", ""smoothie"", ""ade"", ""decaf""]",False,,,ORD-2904,2026-09-18T16:28:14Z
ses-20261008-3243,guest-0163,False,KIOSK,41549,"[""all"", ""ade"", ""tea""]",False,,,ORD-2905,2026-10-04T21:25:44Z
ses-20261008-3244,usr-0159,True,KIOSK,55549,"[""all"", ""coffee"", ""decaf""]",False,,,ORD-2906,2026-10-01T17:52:18Z
ses-20261008-3245,usr-0252,True,KIOSK,57461,"[""all"", ""smoothie""]",False,,,ORD-2907,2026-09-22T20:48:44Z
ses-20261008-3246,guest-0157,False,KIOSK,64523,"[""all"", ""ade""]",False,,,ORD-2908,2026-10-02T04:01:48Z
ses-20261008-3247,guest-0030,False,KIOSK,74170,"[""all"", ""ade""]",False,,,ORD-2909,2026-09-24T17:31:01Z
ses-20261008-3248,guest-0142,False,KIOSK,75764,"[""all"", ""tea"", ""decaf""]",False,,,ORD-2910,2026-09-30T16:03:50Z
ses-20261008-3249,guest-0038,False,KIOSK,62671,"[""all"", ""smoothie""]",False,,,ORD-2911,2026-09-24T23:54:08Z
ses-20261008-3250,guest-0115,False,KIOSK,73143,"[""all"", ""ade"", ""tea"", ""smoothie""]",False,,,ORD-2912,2026-09-25T21:41:56Z
ses-20261008-3251,usr-0264,True,KIOSK,69789,"[""all"", ""tea"", ""ade"", ""coffee""]",False,,,ORD-2913,2026-09-17T23:18:46Z
ses-20261008-3252,guest-0151,False,KIOSK,75870,"[""all"", ""decaf"", ""tea"", ""ade""]",False,,,ORD-2914,2026-09-30T22:52:01Z
ses-20261008-3253,usr-0308,True,KIOSK,26331,"[""all"", ""tea""]",False,,,ORD-2915,2026-10-05T20:31:09Z
ses-20261008-3254,guest-0057,False,KIOSK,78427,"[""all"", ""coffee""]",False,,,ORD-2916,2026-09-30T20:14:38Z
ses-20261008-3255,guest-0123,False,KIOSK,64985,"[""all"", ""coffee"", ""tea""]",False,,,ORD-2917,2026-09-19T01:05:23Z
ses-20261008-3256,usr-0157,True,KIOSK,52630,"[""all"", ""ade""]",False,,,ORD-2918,2026-09-18T22:45:46Z
ses-20261008-3257,guest-0139,False,KIOSK,51970,"[""all"", ""smoothie"", ""decaf"", ""ade"", ""tea""]",False,,,ORD-2919,2026-09-21T01:49:02Z
ses-20261008-3258,usr-0288,True,KIOSK,20633,"[""all"", ""coffee"", ""decaf"", ""smoothie"", ""tea""]",False,,,ORD-2920,2026-09-18T21:36:50Z
ses-20261008-3259,usr-0126,True,KIOSK,70328,"[""all"", ""smoothie"", ""ade""]",False,,,ORD-2921,2026-09-20T03:12:08Z
ses-20261008-3260,usr-0104,True,KIOSK,82685,"[""all"", ""coffee"", ""decaf"", ""ade"", ""tea""]",False,,,ORD-2922,2026-09-20T17:58:53Z
ses-20261008-3261,guest-0086,False,KIOSK,59978,"[""all"", ""decaf"", ""smoothie""]",False,,,ORD-2923,2026-10-04T23:39:26Z
ses-20261008-3262,usr-0259,True,KIOSK,25264,"[""all"", ""ade""]",False,,,ORD-2924,2026-10-02T16:58:36Z
ses-20261008-3263,guest-0133,False,KIOSK,81306,"[""all"", ""coffee""]",False,,,ORD-2925,2026-10-01T20:06:48Z
ses-20261008-3264,usr-0287,True,KIOSK,44209,"[""all"", ""tea""]",False,,,ORD-2926,2026-10-04T20:45:34Z
ses-20261008-3265,guest-0132,False,KIOSK,88134,"[""all"", ""coffee"", ""smoothie""]",False,,,ORD-2927,2026-09-24T20:18:43Z
ses-20261008-3266,guest-0052,False,KIOSK,54388,"[""all"", ""smoothie"", ""ade"", ""decaf""]",False,,,ORD-2928,2026-09-17T21:08:08Z
ses-20261008-3267,usr-0079,True,KIOSK,75718,"[""all"", ""ade"", ""coffee"", ""decaf""]",False,,,ORD-2929,2026-09-21T16:49:29Z
ses-20261008-3268,guest-0055,False,KIOSK,33410,"[""all"", ""decaf""]",False,,,ORD-2930,2026-09-28T16:25:05Z
ses-20261008-3269,guest-0169,False,KIOSK,88345,"[""all"", ""decaf""]",False,,,ORD-2931,2026-09-25T21:33:15Z
ses-20261008-3270,guest-0045,False,KIOSK,67877,"[""all"", ""ade"", ""smoothie"", ""coffee""]",False,,,ORD-2932,2026-10-06T16:43:54Z
ses-20261008-3271,guest-0071,False,KIOSK,53853,"[""all"", ""ade"", ""smoothie"", ""tea""]",False,,,ORD-2933,2026-09-19T16:23:24Z
ses-20261008-3272,guest-0145,False,KIOSK,52329,"[""all"", ""decaf""]",False,,,ORD-2934,2026-09-21T20:15:45Z
ses-20261008-3273,guest-0162,False,KIOSK,66558,"[""all"", ""coffee"", ""tea""]",False,,,ORD-2935,2026-10-05T17:42:45Z
ses-20261008-3274,guest-0111,False,KIOSK,49328,"[""all"", ""smoothie"", ""decaf"", ""ade"", ""tea""]",False,,,ORD-2936,2026-09-26T20:11:35Z
ses-20261008-3275,usr-0343,True,KIOSK,27564,"[""all"", ""smoothie""]",False,,,ORD-2937,2026-10-03T02:03:06Z
ses-20261008-3276,guest-0173,False,KIOSK,87197,"[""all"", ""tea"", ""ade""]",True,PAY_POPUP,PRICE_HIGH,,2026-09-23T16:18:26Z
ses-20261008-3277,usr-0244,True,KIOSK,61399,"[""all"", ""coffee"", ""decaf""]",False,,,ORD-2938,2026-09-19T21:29:36Z
ses-20261008-3278,usr-0093,True,KIOSK,71942,"[""all"", ""ade"", ""decaf""]",False,,,ORD-2939,2026-09-22T21:03:54Z
ses-20261008-3279,guest-0140,False,KIOSK,84679,"[""all"", ""smoothie""]",False,,,ORD-2940,2026-09-16T21:57:46Z
ses-20261008-3280,guest-0051,False,KIOSK,59156,"[""all"", ""ade""]",False,,,ORD-2941,2026-09-30T16:50:41Z
ses-20261008-3281,guest-0089,False,KIOSK,41877,"[""all"", ""smoothie"", ""tea""]",False,,,ORD-2942,2026-09-16T20:51:21Z
ses-20261008-3282,guest-0101,False,KIOSK,60556,"[""all"", ""coffee""]",False,,,ORD-2943,2026-09-19T17:26:03Z
ses-20261008-3283,guest-0114,False,KIOSK,84527,"[""all"", ""smoothie""]",True,CART_SHEET,WAIT_TIME_LONG,,2026-09-28T16:17:57Z
ses-20261008-3284,guest-0049,False,KIOSK,67679,"[""all"", ""ade""]",False,,,ORD-2944,2026-09-23T16:41:41Z
ses-20261008-3285,guest-0078,False,KIOSK,57195,"[""all"", ""coffee"", ""decaf"", ""tea"", ""ade""]",False,,,ORD-2945,2026-09-18T21:46:22Z
ses-20261008-3286,guest-0052,False,KIOSK,59492,"[""all"", ""tea""]",False,,,ORD-2946,2026-09-24T16:34:01Z
ses-20261008-3287,guest-0041,False,KIOSK,60921,"[""all"", ""ade"", ""smoothie""]",False,,,ORD-2947,2026-10-05T20:20:59Z
ses-20261008-3288,usr-0217,True,KIOSK,23893,"[""all"", ""coffee""]",False,,,ORD-2948,2026-09-15T20:08:22Z
ses-20261008-3289,guest-0014,False,KIOSK,57602,"[""all"", ""coffee""]",False,,,ORD-2949,2026-09-28T21:52:21Z
ses-20261008-3290,guest-0167,False,KIOSK,54929,"[""all"", ""ade""]",False,,,ORD-2950,2026-09-24T21:42:01Z
ses-20261008-3291,usr-0016,True,KIOSK,80925,"[""all"", ""ade"", ""tea"", ""coffee""]",False,,,ORD-2951,2026-09-20T20:50:51Z
ses-20261008-3292,guest-0199,False,KIOSK,81775,"[""all"", ""ade""]",True,OPTION_MODAL,WAIT_TIME_LONG,,2026-10-02T17:17:46Z
ses-20261008-3293,usr-0382,True,KIOSK,40093,"[""all"", ""smoothie"", ""coffee""]",False,,,ORD-2952,2026-10-05T21:52:08Z
ses-20261008-3294,guest-0051,False,KIOSK,88310,"[""all"", ""tea"", ""coffee"", ""smoothie""]",True,PAY_POPUP,PRICE_HIGH,,2026-09-27T20:24:40Z
ses-20261008-3295,guest-0008,False,KIOSK,49991,"[""all"", ""tea"", ""coffee"", ""ade""]",False,,,ORD-2953,2026-09-29T20:39:21Z
ses-20261008-3296,guest-0080,False,KIOSK,58941,"[""all"", ""coffee"", ""ade"", ""smoothie""]",False,,,ORD-2954,2026-10-01T01:40:46Z
ses-20261008-3297,usr-0090,True,KIOSK,53707,"[""all"", ""ade""]",False,,,ORD-2955,2026-09-15T20:20:52Z
ses-20261008-3298,guest-0134,False,KIOSK,84724,"[""all"", ""coffee""]",False,,,ORD-2956,2026-10-01T16:00:28Z
ses-20261008-3299,usr-0032,True,KIOSK,86333,"[""all"", ""ade"", ""coffee""]",True,CART_SHEET,PRICE_HIGH,,2026-09-28T20:09:48Z
ses-20261008-3300,usr-0238,True,KIOSK,59941,"[""all"", ""ade"", ""coffee""]",False,,,ORD-2957,2026-09-23T04:06:52Z
ses-20261008-3301,guest-0086,False,KIOSK,47878,"[""all"", ""coffee"", ""decaf"", ""smoothie"", ""tea""]",False,,,ORD-2958,2026-09-28T21:14:17Z
ses-20261008-3302,guest-0024,False,KIOSK,63134,"[""all"", ""smoothie""]",False,,,ORD-2959,2026-10-07T21:06:53Z
ses-20261008-3303,usr-0027,True,KIOSK,52330,"[""all"", ""decaf""]",False,,,ORD-2960,2026-09-16T00:38:09Z
ses-20261008-3304,guest-0147,False,KIOSK,74506,"[""all"", ""smoothie"", ""decaf""]",True,PAY_POPUP,WAIT_TIME_LONG,,2026-09-20T17:14:28Z
ses-20261008-3305,usr-0170,True,KIOSK,64582,"[""all"", ""tea""]",False,,,ORD-2961,2026-09-30T16:12:16Z
ses-20261008-3306,usr-0333,True,KIOSK,57428,"[""all"", ""coffee"", ""smoothie"", ""decaf""]",False,,,ORD-2962,2026-09-30T17:10:22Z
ses-20261008-3307,guest-0151,False,KIOSK,78171,"[""all"", ""coffee"", ""tea"", ""ade"", ""decaf""]",False,,,ORD-2963,2026-10-01T17:33:59Z
ses-20261008-3308,usr-0298,True,KIOSK,65109,"[""all"", ""tea"", ""ade"", ""decaf""]",False,,,ORD-2964,2026-09-22T21:38:58Z
ses-20261008-3309,guest-0049,False,KIOSK,51813,"[""all"", ""ade"", ""smoothie"", ""coffee""]",False,,,ORD-2965,2026-09-29T16:29:49Z
ses-20261008-3310,guest-0048,False,KIOSK,81590,"[""all"", ""ade"", ""decaf"", ""tea""]",False,,,ORD-2966,2026-09-28T17:25:16Z
ses-20261008-3311,guest-0019,False,KIOSK,49631,"[""all"", ""decaf""]",False,,,ORD-2967,2026-09-23T20:11:23Z
ses-20261008-3312,usr-0270,True,KIOSK,20508,"[""all"", ""ade""]",False,,,ORD-2968,2026-09-25T02:28:51Z
ses-20261008-3313,usr-0077,True,KIOSK,62187,"[""all"", ""decaf"", ""coffee"", ""smoothie"", ""ade""]",False,,,ORD-2969,2026-09-23T16:12:02Z
ses-20261008-3314,usr-0127,True,KIOSK,50943,"[""all"", ""decaf"", ""coffee""]",False,,,ORD-2970,2026-10-03T17:42:08Z
ses-20261008-3315,guest-0036,False,KIOSK,67760,"[""all"", ""smoothie"", ""decaf""]",False,,,ORD-2971,2026-09-24T20:07:00Z
ses-20261008-3316,guest-0107,False,KIOSK,73174,"[""all"", ""smoothie"", ""tea"", ""coffee""]",False,,,ORD-2972,2026-09-19T21:17:47Z
ses-20261008-3317,guest-0174,False,KIOSK,75996,"[""all"", ""decaf""]",False,,,ORD-2973,2026-09-19T20:45:51Z
ses-20261008-3318,usr-0099,True,KIOSK,58081,"[""all"", ""tea"", ""ade""]",False,,,ORD-2974,2026-09-18T16:23:18Z
ses-20261008-3319,guest-0191,False,KIOSK,59381,"[""all"", ""tea"", ""decaf""]",False,,,ORD-2975,2026-09-27T02:12:26Z
ses-20261008-3320,usr-0018,True,KIOSK,42920,"[""all"", ""smoothie""]",False,,,ORD-2976,2026-09-30T16:48:45Z
ses-20261008-3321,usr-0082,True,KIOSK,98574,"[""all"", ""tea"", ""smoothie""]",False,,,ORD-2977,2026-09-30T20:04:22Z
ses-20261008-3322,guest-0042,False,KIOSK,52745,"[""all"", ""decaf"", ""smoothie"", ""ade"", ""coffee""]",False,,,ORD-2978,2026-09-20T16:41:32Z
ses-20261008-3323,guest-0104,False,KIOSK,62749,"[""all"", ""smoothie"", ""decaf"", ""ade"", ""coffee""]",False,,,ORD-2979,2026-09-30T04:28:37Z
ses-20261008-3324,usr-0057,True,KIOSK,57336,"[""all"", ""decaf""]",False,,,ORD-2980,2026-09-19T20:05:51Z
ses-20261008-3325,guest-0142,False,KIOSK,58142,"[""all"", ""smoothie"", ""ade""]",False,,,ORD-2981,2026-09-23T17:33:26Z
ses-20261008-3326,guest-0159,False,KIOSK,56477,"[""all"", ""ade"", ""tea"", ""smoothie""]",False,,,ORD-2982,2026-10-07T01:30:06Z
ses-20261008-3327,guest-0126,False,KIOSK,59510,"[""all"", ""ade""]",False,,,ORD-2983,2026-10-08T20:26:32Z
ses-20261008-3328,guest-0097,False,KIOSK,40449,"[""all"", ""tea"", ""smoothie""]",False,,,ORD-2984,2026-10-07T02:38:36Z
ses-20261008-3329,usr-0227,True,KIOSK,68416,"[""all"", ""ade"", ""tea"", ""smoothie""]",True,CART_SHEET,TIMEOUT_60S,,2026-09-21T17:59:08Z
ses-20261008-3330,usr-0038,True,KIOSK,63736,"[""all"", ""smoothie"", ""decaf""]",True,CART_SHEET,TIMEOUT_60S,,2026-10-08T01:09:49Z
ses-20261008-3331,guest-0065,False,KIOSK,41108,"[""all"", ""coffee""]",False,,,ORD-2985,2026-09-18T16:25:25Z
ses-20261008-3332,guest-0067,False,KIOSK,44131,"[""all"", ""ade""]",False,,,ORD-2986,2026-10-01T16:03:56Z
ses-20261008-3333,guest-0059,False,KIOSK,62121,"[""all"", ""tea"", ""decaf""]",False,,,ORD-2987,2026-09-30T17:47:53Z
ses-20261008-3334,usr-0105,True,KIOSK,60515,"[""all"", ""coffee"", ""tea""]",False,,,ORD-2988,2026-09-30T00:45:22Z
ses-20261008-3335,guest-0127,False,KIOSK,61554,"[""all"", ""decaf""]",False,,,ORD-2989,2026-10-04T16:18:46Z
ses-20261008-3336,usr-0133,True,KIOSK,68934,"[""all"", ""coffee"", ""ade""]",False,,,ORD-2990,2026-09-24T20:55:49Z
ses-20261008-3337,guest-0191,False,KIOSK,84021,"[""all"", ""coffee""]",True,OPTION_MODAL,PRICE_HIGH,,2026-09-25T16:45:54Z
ses-20261008-3338,usr-0365,True,KIOSK,54628,"[""all"", ""tea""]",False,,,ORD-2991,2026-09-28T20:26:24Z
ses-20261008-3339,usr-0022,True,KIOSK,81302,"[""all"", ""decaf"", ""smoothie""]",False,,,ORD-2992,2026-10-02T21:23:46Z
ses-20261008-3340,guest-0131,False,KIOSK,51482,"[""all"", ""smoothie""]",False,,,ORD-2993,2026-09-30T20:43:16Z
ses-20261008-3341,guest-0105,False,KIOSK,79468,"[""all"", ""smoothie"", ""coffee""]",False,,,ORD-2994,2026-09-19T23:20:46Z
ses-20261008-3342,usr-0110,True,KIOSK,53714,"[""all"", ""smoothie"", ""decaf"", ""ade""]",False,,,ORD-2995,2026-10-05T17:07:10Z
ses-20261008-3343,guest-0141,False,KIOSK,75667,"[""all"", ""coffee""]",False,,,ORD-2996,2026-09-25T22:04:53Z
ses-20261008-3344,usr-0354,True,KIOSK,64910,"[""all"", ""coffee""]",False,,,ORD-2997,2026-09-29T20:41:17Z
ses-20261008-3345,usr-0130,True,KIOSK,88388,"[""all"", ""coffee""]",False,,,ORD-2998,2026-10-04T20:24:01Z
ses-20261008-3346,guest-0033,False,KIOSK,55613,"[""all"", ""tea"", ""smoothie""]",False,,,ORD-2999,2026-09-20T17:16:35Z
ses-20261008-3347,usr-0306,True,KIOSK,50886,"[""all"", ""smoothie""]",False,,,ORD-3000,2026-09-29T16:54:26Z
ses-20261008-3348,guest-0183,False,KIOSK,60751,"[""all"", ""ade""]",False,,,ORD-3001,2026-10-05T02:39:43Z
ses-20261008-3349,guest-0127,False,KIOSK,91638,"[""all"", ""coffee""]",False,,,ORD-3002,2026-09-23T20:07:51Z
ses-20261008-3350,guest-0093,False,KIOSK,75157,"[""all"", ""smoothie""]",True,CART_SHEET,PRICE_HIGH,,2026-09-25T20:36:43Z
ses-20261008-3351,guest-0096,False,KIOSK,74598,"[""all"", ""decaf""]",False,,,ORD-3003,2026-10-04T22:37:21Z
ses-20261008-3352,usr-0208,True,KIOSK,64724,"[""all"", ""coffee""]",False,,,ORD-3004,2026-09-20T00:46:06Z
ses-20261008-3353,guest-0168,False,KIOSK,37764,"[""all"", ""ade""]",False,,,ORD-3005,2026-10-03T03:46:00Z
ses-20261008-3354,guest-0090,False,KIOSK,38439,"[""all"", ""ade""]",False,,,ORD-3006,2026-09-18T17:02:12Z
ses-20261008-3355,guest-0137,False,KIOSK,50482,"[""all"", ""tea"", ""smoothie"", ""decaf"", ""ade""]",False,,,ORD-3007,2026-09-22T21:53:37Z
ses-20261008-3356,guest-0176,False,KIOSK,57871,"[""all"", ""ade""]",False,,,ORD-3008,2026-09-22T16:04:51Z
ses-20261008-3357,guest-0193,False,KIOSK,47858,"[""all"", ""tea""]",False,,,ORD-3009,2026-10-08T21:23:06Z
ses-20261008-3358,usr-0076,True,KIOSK,56912,"[""all"", ""ade"", ""decaf""]",False,,,ORD-3010,2026-10-06T16:05:30Z
ses-20261008-3359,guest-0034,False,KIOSK,69719,"[""all"", ""tea"", ""smoothie""]",False,,,ORD-3011,2026-09-18T23:52:27Z
ses-20261008-3360,usr-0267,True,KIOSK,98374,"[""all"", ""smoothie""]",True,OPTION_MODAL,PRICE_HIGH,,2026-09-28T17:06:09Z
ses-20261008-3361,guest-0081,False,KIOSK,52550,"[""all"", ""tea""]",False,,,ORD-3012,2026-09-22T21:02:38Z
ses-20261008-3362,guest-0085,False,KIOSK,73946,"[""all"", ""ade""]",False,,,ORD-3013,2026-09-23T16:30:45Z
ses-20261008-3363,guest-0071,False,KIOSK,58909,"[""all"", ""decaf""]",False,,,ORD-3014,2026-09-17T21:43:33Z
ses-20261008-3364,usr-0322,True,KIOSK,45966,"[""all"", ""coffee"", ""tea""]",False,,,ORD-3015,2026-09-28T20:54:17Z
ses-20261008-3365,guest-0120,False,KIOSK,83395,"[""all"", ""tea""]",False,,,ORD-3016,2026-09-24T16:03:03Z
ses-20261008-3366,guest-0176,False,KIOSK,59108,"[""all"", ""tea"", ""ade""]",False,,,ORD-3017,2026-10-05T20:56:14Z
ses-20261008-3367,guest-0166,False,KIOSK,87893,"[""all"", ""coffee"", ""smoothie""]",True,OPTION_MODAL,TIMEOUT_60S,,2026-09-24T23:40:26Z
ses-20261008-3368,usr-0069,True,KIOSK,71785,"[""all"", ""ade"", ""decaf"", ""smoothie"", ""tea""]",False,,,ORD-3018,2026-09-27T17:14:32Z
ses-20261008-3369,guest-0118,False,KIOSK,80223,"[""all"", ""decaf"", ""ade""]",False,,,ORD-3019,2026-10-07T03:47:39Z
ses-20261008-3370,usr-0395,True,KIOSK,42053,"[""all"", ""coffee""]",False,,,ORD-3020,2026-09-28T17:26:08Z
ses-20261008-3371,guest-0064,False,KIOSK,72001,"[""all"", ""tea"", ""coffee"", ""smoothie""]",False,,,ORD-3021,2026-09-22T02:27:20Z
ses-20261008-3372,guest-0075,False,KIOSK,55856,"[""all"", ""coffee"", ""decaf"", ""ade""]",False,,,ORD-3022,2026-09-16T16:55:59Z
ses-20261008-3373,guest-0062,False,KIOSK,41565,"[""all"", ""decaf"", ""ade""]",False,,,ORD-3023,2026-09-23T02:24:17Z
ses-20261008-3374,usr-0077,True,KIOSK,87903,"[""all"", ""decaf"", ""coffee""]",False,,,ORD-3024,2026-09-26T20:26:11Z
ses-20261008-3375,usr-0214,True,KIOSK,89562,"[""all"", ""coffee""]",False,,,ORD-3025,2026-09-19T20:21:50Z
ses-20261008-3376,guest-0152,False,KIOSK,68952,"[""all"", ""decaf"", ""smoothie"", ""ade""]",False,,,ORD-3026,2026-10-04T16:31:32Z
ses-20261008-3377,guest-0004,False,KIOSK,58727,"[""all"", ""smoothie"", ""decaf"", ""tea""]",False,,,ORD-3027,2026-10-06T17:56:40Z
ses-20261008-3378,usr-0017,True,KIOSK,61129,"[""all"", ""tea""]",False,,,ORD-3028,2026-09-17T17:30:33Z
ses-20261008-3379,guest-0060,False,KIOSK,48995,"[""all"", ""smoothie"", ""decaf"", ""ade""]",False,,,ORD-3029,2026-09-27T16:17:34Z
ses-20261008-3380,guest-0195,False,KIOSK,59370,"[""all"", ""decaf""]",False,,,ORD-3030,2026-09-21T17:38:24Z
ses-20261008-3381,usr-0321,True,KIOSK,48092,"[""all"", ""coffee"", ""decaf"", ""smoothie""]",False,,,ORD-3031,2026-09-21T00:20:08Z
ses-20261008-3382,usr-0059,True,KIOSK,64726,"[""all"", ""tea""]",False,,,ORD-3032,2026-10-05T16:40:25Z
ses-20261008-3383,usr-0197,True,KIOSK,34204,"[""all"", ""decaf""]",False,,,ORD-3033,2026-09-15T16:15:25Z
ses-20261008-3384,usr-0353,True,KIOSK,61369,"[""all"", ""decaf"", ""coffee"", ""ade""]",False,,,ORD-3034,2026-10-03T17:04:34Z
ses-20261008-3385,guest-0105,False,KIOSK,61384,"[""all"", ""decaf""]",False,,,ORD-3035,2026-09-30T02:28:16Z
ses-20261008-3386,guest-0116,False,KIOSK,44873,"[""all"", ""ade"", ""decaf""]",False,,,ORD-3036,2026-09-30T00:39:07Z
ses-20261008-3387,guest-0026,False,KIOSK,64895,"[""all"", ""ade"", ""smoothie""]",False,,,ORD-3037,2026-09-25T02:33:59Z
ses-20261008-3388,guest-0175,False,KIOSK,93062,"[""all"", ""ade"", ""coffee""]",False,,,ORD-3038,2026-09-24T20:47:42Z
ses-20261008-3389,guest-0051,False,KIOSK,76613,"[""all"", ""smoothie"", ""coffee"", ""ade"", ""decaf""]",False,,,ORD-3039,2026-09-26T20:40:01Z
ses-20261008-3390,guest-0165,False,KIOSK,77805,"[""all"", ""smoothie""]",False,,,ORD-3040,2026-09-28T23:46:38Z
ses-20261008-3391,usr-0351,True,KIOSK,37904,"[""all"", ""decaf"", ""tea""]",False,,,ORD-3041,2026-09-29T02:03:34Z
ses-20261008-3392,guest-0004,False,KIOSK,79743,"[""all"", ""smoothie""]",False,,,ORD-3042,2026-09-24T17:53:26Z
ses-20261008-3393,guest-0038,False,KIOSK,65534,"[""all"", ""decaf"", ""coffee""]",False,,,ORD-3043,2026-10-08T16:47:30Z
ses-20261008-3394,guest-0066,False,KIOSK,81152,"[""all"", ""ade""]",True,CART_SHEET,WAIT_TIME_LONG,,2026-09-18T21:03:43Z
ses-20261008-3395,guest-0018,False,KIOSK,53675,"[""all"", ""decaf""]",False,,,ORD-3044,2026-09-17T01:18:20Z
ses-20261008-3396,guest-0056,False,KIOSK,39152,"[""all"", ""tea"", ""decaf""]",False,,,ORD-3045,2026-10-08T21:38:51Z
ses-20261008-3397,usr-0105,True,KIOSK,58127,"[""all"", ""coffee""]",False,,,ORD-3046,2026-09-25T03:44:49Z
ses-20261008-3398,guest-0001,False,KIOSK,46347,"[""all"", ""coffee""]",False,,,ORD-3047,2026-10-01T20:00:48Z
ses-20261008-3399,guest-0034,False,KIOSK,64927,"[""all"", ""tea""]",False,,,ORD-3048,2026-09-27T16:27:44Z
ses-20261008-3400,guest-0060,False,KIOSK,48594,"[""all"", ""tea""]",False,,,ORD-3049,2026-10-08T20:44:53Z
ses-20261008-3401,guest-0134,False,KIOSK,53678,"[""all"", ""ade""]",False,,,ORD-3050,2026-10-03T21:15:09Z
ses-20261008-3402,guest-0181,False,KIOSK,57113,"[""all"", ""decaf""]",False,,,ORD-3051,2026-10-05T21:12:16Z
ses-20261008-3403,guest-0169,False,KIOSK,71976,"[""all"", ""tea""]",False,,,ORD-3052,2026-10-02T01:15:47Z
ses-20261008-3404,guest-0049,False,KIOSK,77946,"[""all"", ""coffee"", ""ade"", ""smoothie""]",False,,,ORD-3053,2026-09-19T01:49:11Z
ses-20261008-3405,guest-0161,False,KIOSK,84905,"[""all"", ""decaf"", ""smoothie"", ""ade"", ""tea""]",False,,,ORD-3054,2026-09-30T00:25:39Z
ses-20261008-3406,usr-0370,True,KIOSK,60233,"[""all"", ""tea"", ""coffee"", ""smoothie""]",False,,,ORD-3055,2026-09-26T21:56:41Z
ses-20261008-3407,guest-0057,False,KIOSK,46966,"[""all"", ""coffee""]",False,,,ORD-3056,2026-09-26T02:53:34Z
ses-20261008-3408,guest-0001,False,KIOSK,63568,"[""all"", ""tea"", ""smoothie"", ""decaf""]",False,,,ORD-3057,2026-10-04T17:46:03Z
ses-20261008-3409,guest-0004,False,KIOSK,48144,"[""all"", ""ade""]",False,,,ORD-3058,2026-09-29T16:14:37Z
ses-20261008-3410,usr-0004,True,KIOSK,78883,"[""all"", ""ade"", ""tea""]",False,,,ORD-3059,2026-09-17T01:53:20Z
ses-20261008-3411,guest-0003,False,KIOSK,67010,"[""all"", ""ade""]",False,,,ORD-3060,2026-09-30T21:38:45Z
ses-20261008-3412,usr-0033,True,KIOSK,51752,"[""all"", ""coffee"", ""smoothie""]",False,,,ORD-3061,2026-09-16T21:33:04Z
ses-20261008-3413,guest-0071,False,KIOSK,65859,"[""all"", ""decaf""]",False,,,ORD-3062,2026-10-05T17:44:44Z
ses-20261008-3414,usr-0291,True,KIOSK,79057,"[""all"", ""tea""]",False,,,ORD-3063,2026-09-22T01:14:08Z
ses-20261008-3415,usr-0291,True,KIOSK,52980,"[""all"", ""decaf"", ""tea""]",False,,,ORD-3064,2026-10-08T23:55:35Z
ses-20261008-3416,usr-0300,True,KIOSK,24277,"[""all"", ""ade"", ""coffee""]",False,,,ORD-3065,2026-10-01T21:36:47Z
ses-20261008-3417,guest-0047,False,KIOSK,57565,"[""all"", ""smoothie""]",False,,,ORD-3066,2026-09-29T16:26:15Z
ses-20261008-3418,guest-0075,False,KIOSK,83197,"[""all"", ""smoothie"", ""decaf""]",True,OPTION_MODAL,TIMEOUT_60S,,2026-10-05T17:13:12Z
ses-20261008-3419,guest-0005,False,KIOSK,78952,"[""all"", ""tea"", ""smoothie"", ""decaf""]",False,,,ORD-3067,2026-09-23T22:07:15Z
ses-20261008-3420,usr-0346,True,KIOSK,52962,"[""all"", ""smoothie"", ""coffee""]",False,,,ORD-3068,2026-09-29T16:32:03Z
ses-20261008-3421,guest-0035,False,KIOSK,64275,"[""all"", ""coffee"", ""smoothie"", ""tea""]",False,,,ORD-3069,2026-09-17T17:39:41Z
ses-20261008-3422,guest-0106,False,KIOSK,60845,"[""all"", ""smoothie"", ""coffee""]",False,,,ORD-3070,2026-10-02T17:22:44Z
ses-20261008-3423,guest-0164,False,KIOSK,65871,"[""all"", ""decaf"", ""tea""]",False,,,ORD-3071,2026-09-21T16:49:03Z
ses-20261008-3424,guest-0058,False,KIOSK,83266,"[""all"", ""coffee"", ""smoothie""]",False,,,ORD-3072,2026-10-04T21:46:36Z
ses-20261008-3425,usr-0083,True,KIOSK,84515,"[""all"", ""decaf"", ""smoothie""]",False,,,ORD-3073,2026-10-08T17:12:57Z
ses-20261008-3426,guest-0165,False,KIOSK,71744,"[""all"", ""ade"", ""decaf""]",False,,,ORD-3074,2026-09-25T17:29:41Z
ses-20261008-3427,guest-0068,False,KIOSK,69881,"[""all"", ""decaf"", ""ade""]",True,CART_SHEET,PRICE_HIGH,,2026-09-24T17:29:37Z
ses-20261008-3428,usr-0157,True,KIOSK,43291,"[""all"", ""tea"", ""coffee""]",False,,,ORD-3075,2026-09-28T20:25:23Z
ses-20261008-3429,usr-0329,True,KIOSK,50119,"[""all"", ""ade"", ""tea"", ""decaf""]",False,,,ORD-3076,2026-09-24T17:29:57Z
ses-20261008-3430,guest-0082,False,KIOSK,62416,"[""all"", ""decaf""]",False,,,ORD-3077,2026-10-08T21:20:09Z
ses-20261008-3431,guest-0112,False,KIOSK,45100,"[""all"", ""smoothie"", ""decaf""]",False,,,ORD-3078,2026-10-05T16:40:22Z
ses-20261008-3432,guest-0091,False,KIOSK,53374,"[""all"", ""ade"", ""coffee""]",False,,,ORD-3079,2026-09-16T17:22:17Z
ses-20261008-3433,guest-0156,False,KIOSK,79449,"[""all"", ""tea""]",False,,,ORD-3080,2026-10-08T20:07:11Z
ses-20261008-3434,usr-0148,True,KIOSK,58344,"[""all"", ""smoothie""]",False,,,ORD-3081,2026-09-16T21:56:00Z
ses-20261008-3435,guest-0198,False,KIOSK,69755,"[""all"", ""decaf""]",False,,,ORD-3082,2026-09-28T17:26:10Z
ses-20261008-3436,usr-0216,True,KIOSK,52803,"[""all"", ""coffee""]",False,,,ORD-3083,2026-10-01T17:08:52Z
ses-20261008-3437,usr-0271,True,KIOSK,35881,"[""all"", ""ade"", ""coffee""]",False,,,ORD-3084,2026-09-22T21:58:22Z
ses-20261008-3438,guest-0037,False,KIOSK,90337,"[""all"", ""tea""]",True,OPTION_MODAL,WAIT_TIME_LONG,,2026-09-22T21:57:42Z
ses-20261008-3439,guest-0129,False,KIOSK,66497,"[""all"", ""smoothie"", ""coffee""]",False,,,ORD-3085,2026-10-02T21:50:03Z
ses-20261008-3440,usr-0254,True,KIOSK,56744,"[""all"", ""tea"", ""smoothie"", ""coffee""]",False,,,ORD-3086,2026-09-30T21:21:12Z
ses-20261008-3441,usr-0339,True,KIOSK,19801,"[""all"", ""coffee"", ""ade""]",False,,,ORD-3087,2026-09-30T16:32:46Z
ses-20261008-3442,guest-0014,False,KIOSK,53369,"[""all"", ""decaf"", ""coffee""]",False,,,ORD-3088,2026-10-05T20:37:05Z
ses-20261008-3443,guest-0029,False,KIOSK,61195,"[""all"", ""tea""]",False,,,ORD-3089,2026-09-16T16:14:54Z
ses-20261008-3444,usr-0037,True,KIOSK,68101,"[""all"", ""tea"", ""smoothie""]",False,,,ORD-3090,2026-10-06T17:41:16Z
ses-20261008-3445,guest-0022,False,KIOSK,58777,"[""all"", ""smoothie""]",False,,,ORD-3091,2026-10-02T17:17:00Z
ses-20261008-3446,guest-0006,False,KIOSK,78455,"[""all"", ""tea""]",False,,,ORD-3092,2026-09-30T20:09:33Z
ses-20261008-3447,guest-0119,False,KIOSK,63809,"[""all"", ""coffee"", ""ade""]",False,,,ORD-3093,2026-09-20T21:52:58Z
ses-20261008-3448,guest-0174,False,KIOSK,53840,"[""all"", ""ade""]",False,,,ORD-3094,2026-10-02T20:08:16Z
ses-20261008-3449,guest-0057,False,KIOSK,75377,"[""all"", ""coffee""]",False,,,ORD-3095,2026-09-24T16:00:16Z
ses-20261008-3450,usr-0163,True,KIOSK,62196,"[""all"", ""smoothie"", ""tea"", ""decaf"", ""ade""]",False,,,ORD-3096,2026-10-06T01:47:34Z
ses-20261008-3451,guest-0010,False,KIOSK,51945,"[""all"", ""ade""]",False,,,ORD-3097,2026-09-20T21:08:08Z
ses-20261008-3452,guest-0021,False,KIOSK,39740,"[""all"", ""smoothie"", ""decaf""]",False,,,ORD-3098,2026-10-07T16:49:18Z
ses-20261008-3453,guest-0110,False,KIOSK,55807,"[""all"", ""decaf"", ""smoothie"", ""tea"", ""ade""]",False,,,ORD-3099,2026-09-18T16:53:16Z
ses-20261008-3454,guest-0022,False,KIOSK,51612,"[""all"", ""ade""]",True,CART_SHEET,PRICE_HIGH,,2026-10-09T04:59:07Z
ses-20261008-3455,guest-0037,False,KIOSK,84703,"[""all"", ""ade""]",False,,,ORD-3100,2026-09-29T20:40:12Z
ses-20261008-3456,usr-0078,True,KIOSK,64004,"[""all"", ""smoothie"", ""tea"", ""ade"", ""coffee""]",False,,,ORD-3101,2026-10-06T04:24:42Z
ses-20261008-3457,usr-0035,True,KIOSK,93495,"[""all"", ""tea"", ""smoothie"", ""ade""]",False,,,ORD-3102,2026-09-17T22:24:31Z
ses-20261008-3458,guest-0049,False,KIOSK,52636,"[""all"", ""coffee""]",False,,,ORD-3103,2026-10-01T22:00:33Z
ses-20261008-3459,guest-0098,False,KIOSK,71686,"[""all"", ""tea"", ""coffee""]",False,,,ORD-3104,2026-09-24T20:33:12Z
ses-20261008-3460,guest-0043,False,KIOSK,63962,"[""all"", ""decaf"", ""coffee"", ""smoothie""]",False,,,ORD-3105,2026-10-01T00:30:52Z
ses-20261008-3461,guest-0117,False,KIOSK,56108,"[""all"", ""coffee"", ""ade""]",False,,,ORD-3106,2026-09-26T17:31:55Z
ses-20261008-3462,usr-0062,True,KIOSK,48101,"[""all"", ""decaf""]",False,,,ORD-3107,2026-09-27T17:04:02Z
ses-20261008-3463,usr-0210,True,KIOSK,41075,"[""all"", ""ade"", ""coffee""]",False,,,ORD-3108,2026-09-16T21:12:50Z
ses-20261008-3464,guest-0170,False,KIOSK,81488,"[""all"", ""decaf"", ""ade""]",False,,,ORD-3109,2026-10-08T16:36:20Z
ses-20261008-3465,guest-0140,False,KIOSK,48885,"[""all"", ""decaf""]",False,,,ORD-3110,2026-10-05T20:29:33Z
ses-20261008-3466,guest-0009,False,KIOSK,70855,"[""all"", ""smoothie"", ""decaf""]",False,,,ORD-3111,2026-10-09T03:47:44Z
ses-20261008-3467,usr-0267,True,KIOSK,24620,"[""all"", ""decaf"", ""ade""]",False,,,ORD-3112,2026-09-15T17:59:07Z
ses-20261008-3468,usr-0026,True,KIOSK,19178,"[""all"", ""smoothie"", ""coffee"", ""ade"", ""decaf""]",False,,,ORD-3113,2026-09-26T21:37:53Z
ses-20261008-3469,guest-0114,False,KIOSK,55502,"[""all"", ""coffee"", ""smoothie""]",True,PAY_POPUP,PRICE_HIGH,,2026-09-28T02:27:45Z
ses-20261008-3470,guest-0026,False,KIOSK,91942,"[""all"", ""smoothie""]",True,OPTION_MODAL,TIMEOUT_60S,,2026-09-18T20:38:50Z
ses-20261008-3471,guest-0157,False,KIOSK,63847,"[""all"", ""smoothie""]",False,,,ORD-3114,2026-09-22T23:08:47Z
ses-20261008-3472,guest-0023,False,KIOSK,84372,"[""all"", ""coffee""]",False,,,ORD-3115,2026-09-20T16:55:29Z
ses-20261008-3473,guest-0072,False,KIOSK,43641,"[""all"", ""ade""]",False,,,ORD-3116,2026-09-15T21:34:25Z
ses-20261008-3474,usr-0303,True,KIOSK,79477,"[""all"", ""smoothie"", ""tea""]",False,,,ORD-3117,2026-09-16T01:17:08Z
ses-20261008-3475,usr-0348,True,KIOSK,28576,"[""all"", ""tea"", ""coffee"", ""decaf"", ""smoothie""]",False,,,ORD-3118,2026-10-08T22:39:51Z
ses-20261008-3476,guest-0024,False,KIOSK,51842,"[""all"", ""decaf"", ""smoothie""]",False,,,ORD-3119,2026-10-02T21:40:17Z
ses-20261008-3477,usr-0234,True,KIOSK,80633,"[""all"", ""tea"", ""smoothie""]",False,,,ORD-3120,2026-10-07T16:08:55Z
ses-20261008-3478,guest-0148,False,KIOSK,57984,"[""all"", ""smoothie"", ""ade"", ""coffee""]",False,,,ORD-3121,2026-09-25T20:44:08Z
ses-20261008-3479,guest-0154,False,KIOSK,45711,"[""all"", ""decaf""]",False,,,ORD-3122,2026-09-16T16:48:03Z
ses-20261008-3480,usr-0253,True,KIOSK,38611,"[""all"", ""coffee""]",False,,,ORD-3123,2026-09-24T21:31:11Z
ses-20261008-3481,guest-0141,False,KIOSK,85379,"[""all"", ""ade"", ""tea"", ""coffee""]",False,,,ORD-3124,2026-10-04T20:28:13Z
ses-20261008-3482,usr-0103,True,KIOSK,24514,"[""all"", ""coffee""]",False,,,ORD-3125,2026-10-08T21:15:45Z
ses-20261008-3483,guest-0100,False,KIOSK,60975,"[""all"", ""decaf"", ""coffee""]",False,,,ORD-3126,2026-09-27T04:57:54Z
ses-20261008-3484,guest-0145,False,KIOSK,63648,"[""all"", ""decaf"", ""smoothie"", ""coffee""]",False,,,ORD-3127,2026-10-07T20:02:39Z
ses-20261008-3485,guest-0196,False,KIOSK,64067,"[""all"", ""smoothie""]",False,,,ORD-3128,2026-10-09T00:53:16Z
ses-20261008-3486,usr-0315,True,KIOSK,31558,"[""all"", ""ade"", ""smoothie""]",False,,,ORD-3129,2026-10-01T01:20:05Z
ses-20261008-3487,usr-0016,True,KIOSK,65759,"[""all"", ""smoothie"", ""ade"", ""coffee"", ""tea""]",False,,,ORD-3130,2026-09-21T17:42:34Z
ses-20261008-3488,guest-0170,False,KIOSK,84464,"[""all"", ""tea""]",False,,,ORD-3131,2026-10-07T16:22:09Z
ses-20261008-3489,guest-0139,False,KIOSK,90626,"[""all"", ""coffee""]",False,,,ORD-3132,2026-09-30T21:15:16Z
ses-20261008-3490,guest-0032,False,KIOSK,54271,"[""all"", ""decaf"", ""coffee"", ""tea""]",False,,,ORD-3133,2026-09-30T04:42:46Z
ses-20261008-3491,guest-0059,False,KIOSK,57964,"[""all"", ""coffee""]",False,,,ORD-3134,2026-10-02T03:19:19Z
ses-20261008-3492,guest-0158,False,KIOSK,27007,"[""all"", ""tea""]",False,,,ORD-3135,2026-09-23T21:41:40Z
ses-20261008-3493,usr-0270,True,KIOSK,31052,"[""all"", ""decaf""]",False,,,ORD-3136,2026-09-18T21:51:02Z
ses-20261008-3494,guest-0175,False,KIOSK,79407,"[""all"", ""smoothie"", ""ade"", ""coffee""]",True,OPTION_MODAL,PRICE_HIGH,,2026-09-26T17:47:56Z
ses-20261008-3495,guest-0191,False,KIOSK,64031,"[""all"", ""tea"", ""decaf""]",False,,,ORD-3137,2026-10-07T17:22:06Z
ses-20261008-3496,usr-0306,True,KIOSK,54848,"[""all"", ""tea""]",False,,,ORD-3138,2026-09-30T17:33:47Z
ses-20261008-3497,guest-0198,False,KIOSK,76474,"[""all"", ""tea""]",False,,,ORD-3139,2026-09-21T17:50:35Z
ses-20261008-3498,usr-0070,True,KIOSK,28342,"[""all"", ""smoothie"", ""coffee""]",False,,,ORD-3140,2026-10-04T20:19:41Z
ses-20261008-3499,usr-0038,True,KIOSK,79659,"[""all"", ""smoothie""]",False,,,ORD-3141,2026-09-21T17:26:12Z
ses-20261008-3500,guest-0091,False,KIOSK,75626,"[""all"", ""smoothie"", ""ade""]",False,,,ORD-3142,2026-09-25T21:38:37Z
ses-20261008-3501,usr-0160,True,KIOSK,24361,"[""all"", ""smoothie"", ""decaf""]",False,,,ORD-3143,2026-09-23T21:43:47Z
ses-20261008-3502,usr-0202,True,KIOSK,82476,"[""all"", ""decaf""]",False,,,ORD-3144,2026-09-17T17:29:52Z
ses-20261008-3503,guest-0119,False,KIOSK,74198,"[""all"", ""ade"", ""smoothie""]",False,,,ORD-3145,2026-09-27T21:12:44Z
ses-20261008-3504,guest-0182,False,KIOSK,35543,"[""all"", ""decaf"", ""coffee""]",False,,,ORD-3146,2026-10-04T16:10:28Z
ses-20261008-3505,guest-0061,False,KIOSK,64046,"[""all"", ""tea""]",False,,,ORD-3147,2026-10-07T16:51:36Z
ses-20261008-3506,usr-0282,True,KIOSK,30541,"[""all"", ""decaf""]",False,,,ORD-3148,2026-09-21T03:15:07Z
ses-20261008-3507,usr-0276,True,KIOSK,67275,"[""all"", ""decaf"", ""tea"", ""coffee""]",False,,,ORD-3149,2026-10-01T22:56:57Z
ses-20261008-3508,usr-0393,True,KIOSK,85877,"[""all"", ""ade""]",False,,,ORD-3150,2026-09-23T17:10:17Z
ses-20261008-3509,guest-0095,False,KIOSK,33345,"[""all"", ""ade""]",False,,,ORD-3151,2026-09-21T17:28:03Z
ses-20261008-3510,guest-0089,False,KIOSK,51955,"[""all"", ""decaf"", ""coffee"", ""ade""]",False,,,ORD-3152,2026-09-27T23:09:08Z
ses-20261008-3511,guest-0052,False,KIOSK,51526,"[""all"", ""decaf"", ""tea"", ""coffee"", ""smoothie""]",False,,,ORD-3153,2026-09-23T21:29:22Z
ses-20261008-3512,usr-0385,True,KIOSK,58864,"[""all"", ""decaf"", ""smoothie""]",False,,,ORD-3154,2026-09-22T20:55:45Z
ses-20261008-3513,guest-0097,False,KIOSK,58826,"[""all"", ""smoothie""]",False,,,ORD-3155,2026-09-27T16:57:32Z
ses-20261008-3514,guest-0139,False,KIOSK,62830,"[""all"", ""smoothie"", ""tea""]",False,,,ORD-3156,2026-09-17T21:55:27Z
ses-20261008-3515,guest-0047,False,KIOSK,62040,"[""all"", ""coffee""]",False,,,ORD-3157,2026-10-03T04:26:43Z
ses-20261008-3516,usr-0348,True,KIOSK,69686,"[""all"", ""tea""]",False,,,ORD-3158,2026-09-18T17:44:32Z
ses-20261008-3517,guest-0157,False,KIOSK,41916,"[""all"", ""ade"", ""tea"", ""smoothie""]",False,,,ORD-3159,2026-09-19T16:35:46Z
ses-20261008-3518,guest-0087,False,KIOSK,48564,"[""all"", ""ade""]",False,,,ORD-3160,2026-10-02T17:26:12Z
ses-20261008-3519,guest-0154,False,KIOSK,55639,"[""all"", ""smoothie""]",False,,,ORD-3161,2026-10-02T03:43:10Z
ses-20261008-3520,guest-0169,False,KIOSK,59475,"[""all"", ""smoothie""]",False,,,ORD-3162,2026-09-29T17:19:15Z
ses-20261008-3521,guest-0172,False,KIOSK,98243,"[""all"", ""ade"", ""tea"", ""smoothie""]",False,,,ORD-3163,2026-10-05T21:37:38Z
ses-20261008-3522,guest-0008,False,KIOSK,67812,"[""all"", ""smoothie""]",False,,,ORD-3164,2026-10-06T16:11:43Z
ses-20261008-3523,guest-0074,False,KIOSK,56206,"[""all"", ""decaf""]",False,,,ORD-3165,2026-10-08T04:33:11Z
ses-20261008-3524,guest-0105,False,KIOSK,76944,"[""all"", ""decaf""]",False,,,ORD-3166,2026-09-30T21:54:32Z
ses-20261008-3525,usr-0065,True,KIOSK,87986,"[""all"", ""decaf""]",True,CART_SHEET,PRICE_HIGH,,2026-09-28T23:59:13Z
ses-20261008-3526,guest-0194,False,KIOSK,68367,"[""all"", ""smoothie""]",False,,,ORD-3167,2026-10-08T21:10:29Z
ses-20261008-3527,usr-0346,True,KIOSK,73000,"[""all"", ""coffee"", ""ade""]",False,,,ORD-3168,2026-09-22T20:25:52Z
ses-20261008-3528,guest-0023,False,KIOSK,52473,"[""all"", ""tea""]",False,,,ORD-3169,2026-09-19T20:27:57Z
ses-20261008-3529,usr-0022,True,KIOSK,106964,"[""all"", ""smoothie"", ""decaf"", ""tea""]",False,,,ORD-3170,2026-10-03T20:34:46Z
ses-20261008-3530,usr-0122,True,KIOSK,23698,"[""all"", ""tea""]",False,,,ORD-3171,2026-10-05T04:20:52Z
ses-20261008-3531,usr-0151,True,KIOSK,44848,"[""all"", ""coffee""]",False,,,ORD-3172,2026-09-29T03:58:07Z
ses-20261008-3532,usr-0314,True,KIOSK,57985,"[""all"", ""ade""]",False,,,ORD-3173,2026-09-17T16:19:56Z
ses-20261008-3533,usr-0141,True,KIOSK,65902,"[""all"", ""ade""]",False,,,ORD-3174,2026-10-07T20:31:28Z
ses-20261008-3534,guest-0124,False,KIOSK,70498,"[""all"", ""coffee""]",False,,,ORD-3175,2026-10-04T20:15:30Z
ses-20261008-3535,guest-0029,False,KIOSK,72009,"[""all"", ""tea""]",False,,,ORD-3176,2026-09-29T17:25:04Z
ses-20261008-3536,guest-0164,False,KIOSK,54087,"[""all"", ""decaf"", ""smoothie"", ""ade""]",False,,,ORD-3177,2026-09-29T16:50:39Z
ses-20261008-3537,guest-0124,False,KIOSK,74809,"[""all"", ""decaf"", ""smoothie""]",False,,,ORD-3178,2026-10-05T02:23:43Z
ses-20261008-3538,guest-0025,False,KIOSK,60258,"[""all"", ""decaf""]",False,,,ORD-3179,2026-09-17T16:15:20Z
ses-20261008-3539,guest-0176,False,KIOSK,73491,"[""all"", ""smoothie""]",False,,,ORD-3180,2026-09-30T20:40:06Z
ses-20261008-3540,usr-0125,True,KIOSK,19136,"[""all"", ""smoothie"", ""decaf""]",False,,,ORD-3181,2026-09-28T20:00:38Z
ses-20261008-3541,guest-0029,False,KIOSK,65280,"[""all"", ""smoothie""]",False,,,ORD-3182,2026-09-28T17:34:02Z
ses-20261008-3542,guest-0187,False,KIOSK,60189,"[""all"", ""coffee"", ""smoothie""]",False,,,ORD-3183,2026-09-27T04:23:00Z
ses-20261008-3543,guest-0034,False,KIOSK,92642,"[""all"", ""tea""]",True,OPTION_MODAL,PRICE_HIGH,,2026-09-26T17:56:51Z
ses-20261008-3544,guest-0002,False,KIOSK,31058,"[""all"", ""smoothie""]",False,,,ORD-3184,2026-09-19T16:15:44Z
ses-20261008-3545,usr-0336,True,KIOSK,62080,"[""all"", ""decaf"", ""coffee""]",False,,,ORD-3185,2026-09-23T16:00:38Z
ses-20261008-3546,usr-0149,True,KIOSK,60211,"[""all"", ""decaf"", ""ade""]",False,,,ORD-3186,2026-10-05T20:22:43Z
ses-20261008-3547,guest-0108,False,KIOSK,71891,"[""all"", ""coffee"", ""decaf"", ""tea""]",False,,,ORD-3187,2026-09-15T16:15:46Z
ses-20261008-3548,usr-0007,True,KIOSK,21953,"[""all"", ""coffee"", ""tea""]",False,,,ORD-3188,2026-09-22T16:51:27Z
ses-20261008-3549,usr-0070,True,KIOSK,88822,"[""all"", ""coffee"", ""decaf""]",False,,,ORD-3189,2026-10-05T20:08:11Z
ses-20261008-3550,guest-0091,False,KIOSK,77251,"[""all"", ""ade""]",False,,,ORD-3190,2026-09-28T21:40:24Z
ses-20261008-3551,usr-0075,True,KIOSK,66263,"[""all"", ""decaf""]",False,,,ORD-3191,2026-10-02T16:46:10Z
ses-20261008-3552,guest-0193,False,KIOSK,33597,"[""all"", ""smoothie"", ""tea"", ""coffee""]",False,,,ORD-3192,2026-09-19T20:37:21Z
ses-20261008-3553,guest-0111,False,KIOSK,51848,"[""all"", ""coffee"", ""ade""]",False,,,ORD-3193,2026-09-15T20:14:52Z
ses-20261008-3554,usr-0251,True,KIOSK,62938,"[""all"", ""tea"", ""smoothie""]",False,,,ORD-3194,2026-09-27T23:20:08Z
ses-20261008-3555,guest-0128,False,KIOSK,72711,"[""all"", ""coffee""]",False,,,ORD-3195,2026-09-27T00:04:50Z
ses-20261008-3556,guest-0119,False,KIOSK,78817,"[""all"", ""ade""]",True,OPTION_MODAL,PRICE_HIGH,,2026-09-18T21:56:48Z
ses-20261008-3557,guest-0169,False,KIOSK,35270,"[""all"", ""coffee"", ""ade""]",False,,,ORD-3196,2026-10-02T23:04:09Z
ses-20261008-3558,usr-0017,True,KIOSK,105776,"[""all"", ""coffee"", ""tea""]",True,PAY_POPUP,PRICE_HIGH,,2026-09-21T23:59:07Z
ses-20261008-3559,usr-0281,True,KIOSK,24576,"[""all"", ""ade""]",False,,,ORD-3197,2026-10-02T21:10:50Z
ses-20261008-3560,usr-0283,True,KIOSK,70826,"[""all"", ""smoothie"", ""tea""]",True,CART_SHEET,PRICE_HIGH,,2026-09-17T17:13:43Z
ses-20261008-3561,guest-0094,False,KIOSK,70276,"[""all"", ""tea""]",False,,,ORD-3198,2026-09-28T17:42:28Z
ses-20261008-3562,guest-0072,False,KIOSK,71003,"[""all"", ""smoothie""]",False,,,ORD-3199,2026-09-27T16:20:14Z
ses-20261008-3563,guest-0041,False,KIOSK,74224,"[""all"", ""smoothie""]",False,,,ORD-3200,2026-09-27T17:58:40Z
ses-20261008-3564,guest-0161,False,KIOSK,71907,"[""all"", ""coffee"", ""ade""]",False,,,ORD-3201,2026-10-02T02:49:34Z
ses-20261008-3565,guest-0184,False,KIOSK,39171,"[""all"", ""decaf""]",False,,,ORD-3202,2026-09-21T04:26:03Z
ses-20261008-3566,guest-0037,False,KIOSK,75024,"[""all"", ""smoothie""]",True,CART_SHEET,TIMEOUT_60S,,2026-09-22T01:30:20Z
ses-20261008-3567,guest-0143,False,KIOSK,50664,"[""all"", ""coffee"", ""decaf""]",False,,,ORD-3203,2026-10-01T00:21:37Z
ses-20261008-3568,guest-0117,False,KIOSK,51331,"[""all"", ""smoothie"", ""tea""]",False,,,ORD-3204,2026-09-24T02:45:26Z
ses-20261008-3569,usr-0323,True,KIOSK,37128,"[""all"", ""smoothie"", ""ade""]",False,,,ORD-3205,2026-09-21T04:09:52Z
ses-20261008-3570,guest-0154,False,KIOSK,47008,"[""all"", ""ade"", ""coffee"", ""tea""]",False,,,ORD-3206,2026-10-08T16:15:43Z
ses-20261008-3571,usr-0129,True,KIOSK,63234,"[""all"", ""smoothie""]",False,,,ORD-3207,2026-09-22T16:22:03Z
ses-20261008-3572,usr-0071,True,KIOSK,55137,"[""all"", ""decaf""]",False,,,ORD-3208,2026-10-08T02:18:37Z
ses-20261008-3573,guest-0037,False,KIOSK,97380,"[""all"", ""coffee"", ""tea"", ""decaf""]",False,,,ORD-3209,2026-09-22T20:31:56Z
ses-20261008-3574,guest-0094,False,KIOSK,60182,"[""all"", ""tea""]",False,,,ORD-3210,2026-09-20T17:00:39Z
ses-20261008-3575,guest-0148,False,KIOSK,50357,"[""all"", ""decaf""]",False,,,ORD-3211,2026-09-23T16:22:10Z
ses-20261008-3576,usr-0189,True,KIOSK,67054,"[""all"", ""ade""]",True,OPTION_MODAL,PRICE_HIGH,,2026-09-28T17:17:42Z
ses-20261008-3577,guest-0148,False,KIOSK,63383,"[""all"", ""tea"", ""smoothie""]",False,,,ORD-3212,2026-09-27T17:59:10Z
ses-20261008-3578,guest-0196,False,KIOSK,41668,"[""all"", ""ade""]",False,,,ORD-3213,2026-09-17T23:58:45Z
ses-20261008-3579,guest-0074,False,KIOSK,71382,"[""all"", ""decaf"", ""coffee""]",False,,,ORD-3214,2026-09-25T16:57:51Z
ses-20261008-3580,usr-0083,True,KIOSK,68092,"[""all"", ""ade""]",False,,,ORD-3215,2026-10-04T21:03:49Z
ses-20261008-3581,guest-0004,False,KIOSK,58542,"[""all"", ""ade""]",False,,,ORD-3216,2026-09-27T20:25:01Z
ses-20261008-3582,usr-0280,True,KIOSK,62786,"[""all"", ""ade"", ""decaf""]",False,,,ORD-3217,2026-09-19T16:46:15Z
ses-20261008-3583,usr-0274,True,KIOSK,63966,"[""all"", ""coffee""]",False,,,ORD-3218,2026-10-07T16:00:25Z
ses-20261008-3584,usr-0116,True,KIOSK,21870,"[""all"", ""coffee""]",False,,,ORD-3219,2026-10-02T16:03:38Z
ses-20261008-3585,guest-0176,False,KIOSK,67705,"[""all"", ""decaf"", ""ade"", ""tea"", ""coffee""]",False,,,ORD-3220,2026-09-27T20:36:57Z
ses-20261008-3586,guest-0110,False,KIOSK,53957,"[""all"", ""tea""]",False,,,ORD-3221,2026-09-16T16:33:46Z
ses-20261008-3587,guest-0178,False,KIOSK,74611,"[""all"", ""coffee""]",False,,,ORD-3222,2026-09-16T16:48:40Z
ses-20261008-3588,guest-0125,False,KIOSK,46559,"[""all"", ""smoothie"", ""coffee""]",False,,,ORD-3223,2026-10-09T01:34:58Z
ses-20261008-3589,guest-0110,False,KIOSK,76678,"[""all"", ""decaf""]",False,,,ORD-3224,2026-10-01T21:22:28Z
ses-20261008-3590,guest-0135,False,KIOSK,60167,"[""all"", ""decaf""]",False,,,ORD-3225,2026-09-18T00:41:03Z
ses-20261008-3591,guest-0049,False,KIOSK,105030,"[""all"", ""tea"", ""ade""]",False,,,ORD-3226,2026-09-24T21:41:57Z
ses-20261008-3592,usr-0382,True,KIOSK,36447,"[""all"", ""coffee"", ""smoothie""]",False,,,ORD-3227,2026-09-21T17:30:43Z
ses-20261008-3593,usr-0027,True,KIOSK,84013,"[""all"", ""coffee"", ""ade"", ""smoothie""]",True,CART_SHEET,WAIT_TIME_LONG,,2026-09-23T23:20:36Z
ses-20261008-3594,guest-0147,False,KIOSK,60976,"[""all"", ""ade"", ""tea""]",False,,,ORD-3228,2026-09-25T22:45:47Z
ses-20261008-3595,guest-0091,False,KIOSK,55539,"[""all"", ""ade"", ""tea""]",False,,,ORD-3229,2026-10-05T16:35:25Z
ses-20261008-3596,guest-0089,False,KIOSK,34408,"[""all"", ""ade"", ""coffee""]",False,,,ORD-3230,2026-09-19T16:02:45Z
ses-20261008-3597,guest-0194,False,KIOSK,35172,"[""all"", ""ade""]",False,,,ORD-3231,2026-09-21T22:11:56Z
ses-20261008-3598,guest-0140,False,KIOSK,52075,"[""all"", ""ade""]",False,,,ORD-3232,2026-09-26T20:42:25Z
ses-20261008-3599,guest-0147,False,KIOSK,62877,"[""all"", ""smoothie"", ""tea"", ""coffee""]",False,,,ORD-3233,2026-09-27T03:26:38Z
ses-20261008-3600,usr-0050,True,KIOSK,33827,"[""all"", ""tea"", ""smoothie""]",False,,,ORD-3234,2026-09-27T02:30:58Z
ses-20261008-3601,usr-0183,True,KIOSK,12000,"[""all"", ""coffee"", ""tea""]",False,,,ORD-3235,2026-09-19T21:18:03Z
ses-20261008-3602,guest-0008,False,KIOSK,71325,"[""all"", ""coffee""]",False,,,ORD-3236,2026-09-22T20:59:40Z
ses-20261008-3603,usr-0351,True,KIOSK,16727,"[""all"", ""smoothie"", ""coffee"", ""ade""]",False,,,ORD-3237,2026-09-29T21:42:03Z
ses-20261008-3604,guest-0006,False,KIOSK,62563,"[""all"", ""ade""]",False,,,ORD-3238,2026-09-19T22:52:46Z
ses-20261008-3605,usr-0016,True,KIOSK,98810,"[""all"", ""decaf"", ""smoothie""]",False,,,ORD-3239,2026-09-17T20:28:30Z
ses-20261008-3606,guest-0116,False,KIOSK,67289,"[""all"", ""decaf""]",False,,,ORD-3240,2026-09-30T16:29:43Z
ses-20261008-3607,guest-0072,False,KIOSK,53379,"[""all"", ""ade""]",False,,,ORD-3241,2026-09-30T16:26:27Z
ses-20261008-3608,guest-0188,False,KIOSK,86419,"[""all"", ""decaf"", ""smoothie"", ""coffee""]",True,OPTION_MODAL,PRICE_HIGH,,2026-09-25T20:08:58Z
ses-20261008-3609,guest-0156,False,KIOSK,48933,"[""all"", ""decaf""]",False,,,ORD-3242,2026-09-28T17:00:15Z
ses-20261008-3610,guest-0156,False,KIOSK,51885,"[""all"", ""ade""]",False,,,ORD-3243,2026-10-07T22:43:47Z
ses-20261008-3611,guest-0115,False,KIOSK,63664,"[""all"", ""tea"", ""coffee"", ""smoothie"", ""ade""]",False,,,ORD-3244,2026-09-20T20:12:40Z
ses-20261008-3612,guest-0120,False,KIOSK,53472,"[""all"", ""tea"", ""decaf"", ""smoothie""]",False,,,ORD-3245,2026-10-01T17:59:20Z
ses-20261008-3613,usr-0034,True,KIOSK,65368,"[""all"", ""tea"", ""smoothie""]",False,,,ORD-3246,2026-09-22T17:52:11Z
ses-20261008-3614,guest-0027,False,KIOSK,62799,"[""all"", ""ade"", ""coffee""]",False,,,ORD-3247,2026-10-04T03:22:52Z
ses-20261008-3615,guest-0191,False,KIOSK,35782,"[""all"", ""decaf"", ""smoothie""]",False,,,ORD-3248,2026-09-19T21:03:41Z
ses-20261008-3616,guest-0195,False,KIOSK,81107,"[""all"", ""coffee""]",False,,,ORD-3249,2026-10-02T20:00:26Z
ses-20261008-3617,guest-0041,False,KIOSK,74583,"[""all"", ""coffee""]",False,,,ORD-3250,2026-10-05T17:19:49Z
ses-20261008-3618,guest-0120,False,KIOSK,61226,"[""all"", ""ade""]",False,,,ORD-3251,2026-10-01T04:57:42Z
ses-20261008-3619,guest-0003,False,KIOSK,71560,"[""all"", ""tea""]",False,,,ORD-3252,2026-09-18T16:59:15Z
ses-20261008-3620,guest-0050,False,KIOSK,69915,"[""all"", ""smoothie""]",False,,,ORD-3253,2026-09-15T22:44:32Z
ses-20261008-3621,usr-0379,True,KIOSK,64136,"[""all"", ""coffee""]",False,,,ORD-3254,2026-09-17T03:44:30Z
ses-20261008-3622,usr-0184,True,KIOSK,67701,"[""all"", ""smoothie""]",False,,,ORD-3255,2026-10-02T16:01:50Z
ses-20261008-3623,usr-0081,True,KIOSK,52120,"[""all"", ""smoothie""]",False,,,ORD-3256,2026-09-27T17:00:46Z
ses-20261008-3624,guest-0161,False,KIOSK,45634,"[""all"", ""coffee"", ""smoothie""]",False,,,ORD-3257,2026-09-15T20:51:58Z
ses-20261008-3625,guest-0104,False,KIOSK,60040,"[""all"", ""tea""]",False,,,ORD-3258,2026-09-30T21:52:25Z
ses-20261008-3626,guest-0086,False,KIOSK,25000,"[""all"", ""decaf""]",False,,,ORD-3259,2026-10-04T21:34:04Z
ses-20261008-3627,guest-0115,False,KIOSK,68358,"[""all"", ""coffee"", ""ade"", ""smoothie""]",False,,,ORD-3260,2026-09-21T17:16:02Z
ses-20261008-3628,guest-0055,False,KIOSK,65905,"[""all"", ""smoothie"", ""ade"", ""coffee""]",False,,,ORD-3261,2026-09-17T20:15:33Z
ses-20261008-3629,guest-0018,False,KIOSK,39189,"[""all"", ""tea""]",False,,,ORD-3262,2026-09-21T22:43:51Z
ses-20261008-3630,guest-0062,False,KIOSK,54436,"[""all"", ""tea"", ""smoothie""]",False,,,ORD-3263,2026-09-18T20:05:44Z
ses-20261008-3631,guest-0103,False,KIOSK,77157,"[""all"", ""coffee"", ""smoothie""]",True,OPTION_MODAL,PRICE_HIGH,,2026-09-19T21:41:17Z
ses-20261008-3632,guest-0168,False,KIOSK,64042,"[""all"", ""smoothie""]",False,,,ORD-3264,2026-09-27T20:37:09Z
ses-20261008-3633,usr-0083,True,KIOSK,78023,"[""all"", ""smoothie"", ""coffee"", ""decaf""]",False,,,ORD-3265,2026-10-06T20:14:39Z
ses-20261008-3634,guest-0096,False,KIOSK,56978,"[""all"", ""smoothie""]",False,,,ORD-3266,2026-09-19T17:46:00Z
ses-20261008-3635,guest-0132,False,KIOSK,62322,"[""all"", ""smoothie"", ""decaf""]",False,,,ORD-3267,2026-09-18T03:30:07Z
ses-20261008-3636,usr-0383,True,KIOSK,20338,"[""all"", ""ade"", ""tea"", ""smoothie""]",False,,,ORD-3268,2026-10-01T21:50:40Z
ses-20261008-3637,usr-0150,True,KIOSK,57684,"[""all"", ""smoothie""]",False,,,ORD-3269,2026-09-25T17:21:56Z
ses-20261008-3638,guest-0028,False,KIOSK,69773,"[""all"", ""tea"", ""ade"", ""decaf"", ""smoothie""]",False,,,ORD-3270,2026-10-02T21:01:54Z
ses-20261008-3639,usr-0121,True,KIOSK,31660,"[""all"", ""tea""]",False,,,ORD-3271,2026-09-24T17:11:13Z
ses-20261008-3640,usr-0207,True,KIOSK,67478,"[""all"", ""decaf""]",False,,,ORD-3272,2026-09-18T20:04:40Z
ses-20261008-3641,guest-0033,False,KIOSK,59207,"[""all"", ""coffee"", ""decaf""]",True,OPTION_MODAL,TIMEOUT_60S,,2026-09-30T20:15:57Z
ses-20261008-3642,usr-0241,True,KIOSK,16190,"[""all"", ""tea"", ""decaf"", ""ade""]",False,,,ORD-3273,2026-09-25T04:00:10Z
ses-20261008-3643,guest-0096,False,KIOSK,57786,"[""all"", ""smoothie"", ""coffee""]",False,,,ORD-3274,2026-10-04T20:42:41Z
ses-20261008-3644,guest-0193,False,KIOSK,59783,"[""all"", ""coffee""]",False,,,ORD-3275,2026-10-07T17:30:41Z
ses-20261008-3645,guest-0087,False,KIOSK,63323,"[""all"", ""tea"", ""ade""]",False,,,ORD-3276,2026-09-30T17:35:50Z
ses-20261008-3646,guest-0036,False,KIOSK,59621,"[""all"", ""coffee""]",False,,,ORD-3277,2026-10-01T04:04:19Z
ses-20261008-3647,guest-0111,False,KIOSK,66201,"[""all"", ""ade""]",False,,,ORD-3278,2026-09-18T21:28:47Z
ses-20261008-3648,usr-0336,True,KIOSK,68441,"[""all"", ""coffee"", ""tea""]",False,,,ORD-3279,2026-10-04T17:08:05Z
ses-20261008-3649,usr-0243,True,KIOSK,77516,"[""all"", ""decaf"", ""coffee"", ""smoothie"", ""tea""]",False,,,ORD-3280,2026-10-03T21:09:28Z
ses-20261008-3650,guest-0189,False,KIOSK,49597,"[""all"", ""ade"", ""tea"", ""smoothie""]",False,,,ORD-3281,2026-10-04T21:47:21Z
ses-20261008-3651,guest-0032,False,KIOSK,73040,"[""all"", ""coffee"", ""ade"", ""tea""]",False,,,ORD-3282,2026-09-21T04:50:53Z
ses-20261008-3652,usr-0224,True,KIOSK,64307,"[""all"", ""decaf"", ""tea"", ""smoothie""]",False,,,ORD-3283,2026-10-01T21:17:16Z
ses-20261008-3653,guest-0004,False,KIOSK,41495,"[""all"", ""coffee""]",False,,,ORD-3284,2026-10-06T21:17:24Z
ses-20261008-3654,usr-0119,True,KIOSK,62805,"[""all"", ""tea""]",False,,,ORD-3285,2026-09-25T02:57:53Z
ses-20261008-3655,usr-0034,True,KIOSK,63399,"[""all"", ""decaf""]",False,,,ORD-3286,2026-09-27T20:12:39Z
ses-20261008-3656,usr-0235,True,KIOSK,69863,"[""all"", ""ade""]",False,,,ORD-3287,2026-09-19T23:21:07Z
ses-20261008-3657,guest-0161,False,KIOSK,52453,"[""all"", ""smoothie""]",False,,,ORD-3288,2026-10-01T17:22:17Z
ses-20261008-3658,usr-0233,True,KIOSK,52419,"[""all"", ""coffee"", ""decaf""]",False,,,ORD-3289,2026-09-21T04:08:02Z
ses-20261008-3659,guest-0057,False,KIOSK,53470,"[""all"", ""ade"", ""decaf""]",False,,,ORD-3290,2026-10-06T16:20:39Z
ses-20261008-3660,guest-0030,False,KIOSK,98017,"[""all"", ""smoothie"", ""coffee"", ""tea""]",True,PAY_POPUP,WAIT_TIME_LONG,,2026-10-03T21:45:59Z
ses-20261008-3661,guest-0096,False,KIOSK,66320,"[""all"", ""tea"", ""ade""]",False,,,ORD-3291,2026-09-18T02:02:22Z
ses-20261008-3662,usr-0282,True,KIOSK,88483,"[""all"", ""ade"", ""decaf"", ""coffee"", ""smoothie""]",False,,,ORD-3292,2026-09-17T21:19:35Z
ses-20261008-3663,usr-0157,True,KIOSK,63096,"[""all"", ""smoothie""]",False,,,ORD-3293,2026-09-28T04:30:36Z
ses-20261008-3664,guest-0188,False,KIOSK,67205,"[""all"", ""smoothie"", ""decaf""]",False,,,ORD-3294,2026-09-15T21:06:29Z
ses-20261008-3665,usr-0301,True,KIOSK,31493,"[""all"", ""tea""]",False,,,ORD-3295,2026-10-06T17:11:01Z
ses-20261008-3666,usr-0271,True,KIOSK,69203,"[""all"", ""smoothie""]",False,,,ORD-3296,2026-10-05T16:15:04Z
ses-20261008-3667,guest-0072,False,KIOSK,62500,"[""all"", ""ade"", ""coffee""]",False,,,ORD-3297,2026-09-18T20:51:58Z
ses-20261008-3668,guest-0120,False,KIOSK,64155,"[""all"", ""coffee"", ""smoothie"", ""ade""]",False,,,ORD-3298,2026-10-06T20:07:33Z
ses-20261008-3669,usr-0130,True,KIOSK,69561,"[""all"", ""smoothie""]",True,OPTION_MODAL,PRICE_HIGH,,2026-09-24T17:48:01Z
ses-20261008-3670,usr-0010,True,KIOSK,25000,"[""all"", ""smoothie"", ""coffee"", ""decaf""]",False,,,ORD-3299,2026-10-04T21:47:52Z
ses-20261008-3671,guest-0189,False,KIOSK,75911,"[""all"", ""smoothie"", ""tea""]",False,,,ORD-3300,2026-10-01T20:13:23Z
ses-20261008-3672,usr-0086,True,KIOSK,34358,"[""all"", ""coffee"", ""smoothie"", ""ade""]",False,,,ORD-3301,2026-09-29T21:54:47Z
ses-20261008-3673,usr-0085,True,KIOSK,61622,"[""all"", ""ade""]",False,,,ORD-3302,2026-10-07T04:18:00Z
ses-20261008-3674,guest-0182,False,KIOSK,42528,"[""all"", ""tea"", ""smoothie"", ""decaf"", ""ade""]",False,,,ORD-3303,2026-09-25T23:36:07Z
ses-20261008-3675,guest-0013,False,KIOSK,52313,"[""all"", ""ade""]",False,,,ORD-3304,2026-10-03T16:50:19Z
ses-20261008-3676,guest-0005,False,KIOSK,73415,"[""all"", ""coffee"", ""ade"", ""tea""]",False,,,ORD-3305,2026-09-28T03:19:26Z
ses-20261008-3677,guest-0076,False,KIOSK,87828,"[""all"", ""tea"", ""decaf"", ""ade""]",True,PAY_POPUP,TIMEOUT_60S,,2026-09-25T16:30:19Z
ses-20261008-3678,guest-0001,False,KIOSK,52225,"[""all"", ""smoothie""]",False,,,ORD-3306,2026-09-25T21:30:38Z
ses-20261008-3679,usr-0268,True,KIOSK,80718,"[""all"", ""smoothie"", ""tea""]",False,,,ORD-3307,2026-10-05T01:36:31Z
ses-20261008-3680,usr-0207,True,KIOSK,54884,"[""all"", ""ade"", ""smoothie""]",False,,,ORD-3308,2026-09-16T21:37:18Z
ses-20261008-3681,guest-0146,False,KIOSK,67255,"[""all"", ""coffee""]",False,,,ORD-3309,2026-10-07T20:45:03Z
ses-20261008-3682,guest-0186,False,KIOSK,89993,"[""all"", ""coffee""]",False,,,ORD-3310,2026-09-22T23:23:42Z
ses-20261008-3683,guest-0010,False,KIOSK,70747,"[""all"", ""decaf""]",False,,,ORD-3311,2026-09-17T21:18:09Z
ses-20261008-3684,guest-0194,False,KIOSK,60109,"[""all"", ""ade""]",False,,,ORD-3312,2026-09-16T22:45:33Z
ses-20261008-3685,usr-0286,True,KIOSK,79462,"[""all"", ""tea""]",False,,,ORD-3313,2026-09-24T21:05:17Z
ses-20261008-3686,guest-0189,False,KIOSK,78857,"[""all"", ""coffee"", ""ade""]",False,,,ORD-3314,2026-09-30T23:16:05Z
ses-20261008-3687,usr-0073,True,KIOSK,29924,"[""all"", ""tea"", ""coffee""]",False,,,ORD-3315,2026-09-18T21:59:21Z
ses-20261008-3688,usr-0014,True,KIOSK,86460,"[""all"", ""coffee""]",True,PAY_POPUP,TIMEOUT_60S,,2026-10-02T20:40:50Z
ses-20261008-3689,guest-0093,False,KIOSK,84107,"[""all"", ""ade"", ""smoothie"", ""coffee""]",True,CART_SHEET,PRICE_HIGH,,2026-09-21T20:00:49Z
ses-20261008-3690,guest-0126,False,KIOSK,62623,"[""all"", ""coffee""]",False,,,ORD-3316,2026-09-22T21:29:51Z
ses-20261008-3691,usr-0128,True,KIOSK,66074,"[""all"", ""ade"", ""decaf""]",False,,,ORD-3317,2026-09-26T23:12:44Z
ses-20261008-3692,guest-0098,False,KIOSK,48836,"[""all"", ""tea"", ""ade""]",False,,,ORD-3318,2026-09-20T16:58:39Z
ses-20261008-3693,guest-0179,False,KIOSK,60353,"[""all"", ""ade""]",False,,,ORD-3319,2026-09-16T23:37:55Z
ses-20261008-3694,usr-0103,True,KIOSK,25957,"[""all"", ""ade""]",False,,,ORD-3320,2026-10-08T00:46:42Z
ses-20261008-3695,guest-0143,False,KIOSK,73496,"[""all"", ""decaf"", ""ade""]",False,,,ORD-3321,2026-09-22T20:17:09Z
ses-20261008-3696,usr-0161,True,KIOSK,82619,"[""all"", ""ade"", ""smoothie""]",False,,,ORD-3322,2026-09-29T20:57:54Z
ses-20261008-3697,guest-0145,False,KIOSK,74486,"[""all"", ""smoothie"", ""tea""]",False,,,ORD-3323,2026-10-03T20:06:11Z
ses-20261008-3698,guest-0139,False,KIOSK,65095,"[""all"", ""tea""]",False,,,ORD-3324,2026-09-18T02:09:21Z
ses-20261008-3699,usr-0058,True,KIOSK,64433,"[""all"", ""tea""]",False,,,ORD-3325,2026-09-22T20:35:25Z
ses-20261008-3700,usr-0050,True,KIOSK,76968,"[""all"", ""smoothie"", ""decaf"", ""ade""]",False,,,ORD-3326,2026-09-30T21:07:12Z
ses-20261008-3701,guest-0136,False,KIOSK,62972,"[""all"", ""coffee"", ""tea""]",False,,,ORD-3327,2026-09-28T17:15:00Z
ses-20261008-3702,usr-0076,True,KIOSK,102831,"[""all"", ""tea"", ""decaf"", ""coffee""]",True,CART_SHEET,TIMEOUT_60S,,2026-09-17T23:46:23Z
ses-20261008-3703,guest-0147,False,KIOSK,75000,"[""all"", ""tea""]",False,,,ORD-3328,2026-09-21T21:56:05Z
ses-20261008-3704,guest-0109,False,KIOSK,89478,"[""all"", ""smoothie"", ""ade""]",True,CART_SHEET,WAIT_TIME_LONG,,2026-09-15T23:50:07Z
ses-20261008-3705,guest-0055,False,KIOSK,53936,"[""all"", ""decaf""]",False,,,ORD-3329,2026-10-05T21:47:04Z
ses-20261008-3706,guest-0169,False,KIOSK,68436,"[""all"", ""smoothie""]",False,,,ORD-3330,2026-09-25T02:53:20Z
ses-20261008-3707,usr-0132,True,KIOSK,59694,"[""all"", ""tea"", ""decaf"", ""coffee""]",False,,,ORD-3331,2026-10-05T17:58:41Z
ses-20261008-3708,guest-0133,False,KIOSK,25000,"[""all"", ""coffee"", ""tea""]",False,,,ORD-3332,2026-10-04T17:57:17Z
ses-20261008-3709,usr-0281,True,KIOSK,68509,"[""all"", ""decaf""]",False,,,ORD-3333,2026-10-08T04:38:10Z
ses-20261008-3710,usr-0255,True,KIOSK,25645,"[""all"", ""ade""]",False,,,ORD-3334,2026-09-16T00:21:19Z
ses-20261008-3711,usr-0162,True,KIOSK,83075,"[""all"", ""tea"", ""decaf""]",False,,,ORD-3335,2026-09-15T20:14:40Z
ses-20261008-3712,usr-0343,True,KIOSK,71295,"[""all"", ""coffee"", ""decaf""]",False,,,ORD-3336,2026-10-02T17:20:32Z
ses-20261008-3713,usr-0082,True,KIOSK,76354,"[""all"", ""decaf"", ""ade"", ""tea""]",True,OPTION_MODAL,WAIT_TIME_LONG,,2026-09-24T20:44:46Z
ses-20261008-3714,usr-0197,True,KIOSK,26148,"[""all"", ""decaf""]",False,,,ORD-3337,2026-09-15T16:27:33Z
ses-20261008-3715,usr-0206,True,KIOSK,25775,"[""all"", ""smoothie""]",False,,,ORD-3338,2026-09-22T21:22:53Z
ses-20261008-3716,guest-0024,False,KIOSK,83803,"[""all"", ""decaf""]",False,,,ORD-3339,2026-09-17T21:12:21Z
ses-20261008-3717,guest-0169,False,KIOSK,72183,"[""all"", ""smoothie"", ""tea""]",False,,,ORD-3340,2026-10-08T21:21:38Z
ses-20261008-3718,guest-0135,False,KIOSK,60331,"[""all"", ""decaf"", ""ade"", ""tea"", ""coffee""]",False,,,ORD-3341,2026-10-04T03:42:29Z
ses-20261008-3719,usr-0166,True,KIOSK,61068,"[""all"", ""coffee""]",False,,,ORD-3342,2026-09-16T21:29:44Z
ses-20261008-3720,guest-0094,False,KIOSK,62861,"[""all"", ""smoothie"", ""coffee""]",False,,,ORD-3343,2026-10-01T00:54:30Z
ses-20261008-3721,guest-0112,False,KIOSK,61261,"[""all"", ""decaf"", ""coffee""]",False,,,ORD-3344,2026-09-23T17:22:13Z
ses-20261008-3722,guest-0145,False,KIOSK,68227,"[""all"", ""smoothie"", ""coffee""]",False,,,ORD-3345,2026-10-04T21:54:06Z
ses-20261008-3723,usr-0018,True,KIOSK,79520,"[""all"", ""ade"", ""decaf"", ""coffee""]",True,CART_SHEET,TIMEOUT_60S,,2026-10-08T21:01:15Z
ses-20261008-3724,usr-0079,True,KIOSK,30174,"[""all"", ""coffee""]",False,,,ORD-3346,2026-10-08T16:34:07Z
ses-20261008-3725,guest-0141,False,KIOSK,53949,"[""all"", ""tea""]",False,,,ORD-3347,2026-09-16T21:55:45Z
ses-20261008-3726,guest-0193,False,KIOSK,90429,"[""all"", ""tea""]",False,,,ORD-3348,2026-10-01T21:08:48Z
ses-20261008-3727,guest-0050,False,KIOSK,58504,"[""all"", ""tea""]",False,,,ORD-3349,2026-09-28T17:09:09Z
ses-20261008-3728,guest-0183,False,KIOSK,91455,"[""all"", ""ade""]",True,CART_SHEET,WAIT_TIME_LONG,,2026-09-24T20:12:38Z
ses-20261008-3729,guest-0010,False,KIOSK,45328,"[""all"", ""ade"", ""coffee"", ""tea"", ""decaf""]",False,,,ORD-3350,2026-09-29T16:13:32Z
ses-20261008-3730,guest-0109,False,KIOSK,58564,"[""all"", ""smoothie"", ""tea"", ""decaf""]",False,,,ORD-3351,2026-10-04T00:49:32Z
ses-20261008-3731,usr-0043,True,KIOSK,73628,"[""all"", ""ade""]",False,,,ORD-3352,2026-09-30T16:23:23Z
ses-20261008-3732,guest-0150,False,KIOSK,56452,"[""all"", ""tea""]",False,,,ORD-3353,2026-10-06T16:38:37Z
ses-20261008-3733,usr-0034,True,KIOSK,73613,"[""all"", ""smoothie"", ""coffee"", ""decaf""]",False,,,ORD-3354,2026-10-03T03:11:51Z
ses-20261008-3734,guest-0054,False,KIOSK,45851,"[""all"", ""smoothie""]",False,,,ORD-3355,2026-10-04T21:18:11Z
ses-20261008-3735,guest-0051,False,KIOSK,33998,"[""all"", ""decaf""]",False,,,ORD-3356,2026-09-22T16:45:56Z
ses-20261008-3736,guest-0074,False,KIOSK,87966,"[""all"", ""tea""]",False,,,ORD-3357,2026-09-21T21:31:52Z
ses-20261008-3737,guest-0163,False,KIOSK,66139,"[""all"", ""coffee""]",False,,,ORD-3358,2026-09-23T17:45:50Z
ses-20261008-3738,usr-0378,True,KIOSK,73539,"[""all"", ""ade""]",False,,,ORD-3359,2026-09-29T03:23:16Z
ses-20261008-3739,usr-0074,True,KIOSK,72391,"[""all"", ""coffee""]",False,,,ORD-3360,2026-09-17T22:20:19Z
ses-20261008-3740,guest-0115,False,KIOSK,45107,"[""all"", ""decaf"", ""coffee"", ""ade"", ""smoothie""]",False,,,ORD-3361,2026-10-03T00:39:51Z
ses-20261008-3741,guest-0015,False,KIOSK,74827,"[""all"", ""decaf"", ""smoothie"", ""coffee"", ""tea""]",False,,,ORD-3362,2026-09-23T02:16:31Z
ses-20261008-3742,guest-0188,False,KIOSK,69676,"[""all"", ""coffee""]",False,,,ORD-3363,2026-10-04T17:34:49Z
ses-20261008-3743,guest-0049,False,KIOSK,73378,"[""all"", ""tea""]",True,CART_SHEET,PRICE_HIGH,,2026-10-01T04:26:50Z
ses-20261008-3744,guest-0147,False,KIOSK,77650,"[""all"", ""tea""]",False,,,ORD-3364,2026-10-08T16:47:43Z
ses-20261008-3745,usr-0013,True,KIOSK,26216,"[""all"", ""smoothie"", ""tea""]",False,,,ORD-3365,2026-09-21T17:20:54Z
ses-20261008-3746,usr-0094,True,KIOSK,65239,"[""all"", ""coffee""]",False,,,ORD-3366,2026-09-29T20:26:04Z
ses-20261008-3747,guest-0016,False,KIOSK,50354,"[""all"", ""coffee"", ""smoothie""]",False,,,ORD-3367,2026-09-22T17:13:49Z
ses-20261008-3748,usr-0341,True,KIOSK,76810,"[""all"", ""smoothie"", ""tea"", ""ade""]",False,,,ORD-3368,2026-10-01T21:15:52Z
ses-20261008-3749,guest-0175,False,KIOSK,81711,"[""all"", ""tea"", ""ade""]",False,,,ORD-3369,2026-09-25T23:20:03Z
ses-20261008-3750,guest-0080,False,KIOSK,75305,"[""all"", ""tea"", ""decaf"", ""coffee""]",False,,,ORD-3370,2026-09-29T17:58:18Z
ses-20261008-3751,guest-0167,False,KIOSK,61711,"[""all"", ""decaf"", ""ade"", ""smoothie""]",False,,,ORD-3371,2026-10-05T16:21:46Z
ses-20261008-3752,guest-0012,False,KIOSK,40843,"[""all"", ""tea"", ""ade"", ""smoothie""]",False,,,ORD-3372,2026-09-29T17:04:20Z
ses-20261008-3753,guest-0095,False,KIOSK,87372,"[""all"", ""decaf""]",True,CART_SHEET,WAIT_TIME_LONG,,2026-09-25T21:35:48Z
ses-20261008-3754,usr-0003,True,KIOSK,69740,"[""all"", ""coffee"", ""tea""]",False,,,ORD-3373,2026-09-27T16:37:26Z
ses-20261008-3755,guest-0029,False,KIOSK,58601,"[""all"", ""tea"", ""decaf"", ""smoothie""]",False,,,ORD-3374,2026-09-26T21:28:26Z
ses-20261008-3756,usr-0400,True,KIOSK,62457,"[""all"", ""tea""]",False,,,ORD-3375,2026-09-23T00:40:56Z
ses-20261008-3757,usr-0352,True,KIOSK,59996,"[""all"", ""coffee"", ""ade"", ""decaf""]",False,,,ORD-3376,2026-10-02T02:08:05Z
ses-20261008-3758,guest-0015,False,KIOSK,66257,"[""all"", ""decaf""]",False,,,ORD-3377,2026-09-15T20:19:43Z
ses-20261008-3759,guest-0036,False,KIOSK,76111,"[""all"", ""decaf"", ""smoothie""]",False,,,ORD-3378,2026-09-24T21:42:38Z
ses-20261008-3760,guest-0014,False,KIOSK,66674,"[""all"", ""smoothie"", ""decaf""]",False,,,ORD-3379,2026-09-28T17:19:07Z
ses-20261008-3761,guest-0175,False,KIOSK,64900,"[""all"", ""ade""]",False,,,ORD-3380,2026-09-17T21:15:53Z
ses-20261008-3762,guest-0167,False,KIOSK,71645,"[""all"", ""decaf"", ""ade""]",False,,,ORD-3381,2026-10-07T16:26:47Z
ses-20261008-3763,guest-0197,False,KIOSK,72031,"[""all"", ""ade"", ""smoothie""]",False,,,ORD-3382,2026-09-23T21:13:40Z
ses-20261008-3764,guest-0145,False,KIOSK,76995,"[""all"", ""coffee"", ""tea""]",False,,,ORD-3383,2026-09-18T16:34:31Z
ses-20261008-3765,usr-0128,True,KIOSK,68522,"[""all"", ""decaf"", ""tea"", ""smoothie""]",False,,,ORD-3384,2026-09-17T21:29:35Z
ses-20261008-3766,guest-0105,False,KIOSK,55729,"[""all"", ""smoothie"", ""coffee""]",False,,,ORD-3385,2026-09-22T20:05:53Z
ses-20261008-3767,usr-0302,True,KIOSK,12000,"[""all"", ""ade""]",False,,,ORD-3386,2026-09-30T17:47:54Z
ses-20261008-3768,guest-0002,False,KIOSK,101741,"[""all"", ""decaf"", ""smoothie""]",True,CART_SHEET,WAIT_TIME_LONG,,2026-09-27T17:32:10Z
ses-20261008-3769,usr-0158,True,KIOSK,52087,"[""all"", ""decaf"", ""coffee"", ""tea""]",False,,,ORD-3387,2026-09-19T01:32:46Z
ses-20261008-3770,guest-0032,False,KIOSK,55331,"[""all"", ""decaf""]",False,,,ORD-3388,2026-10-05T20:30:27Z
ses-20261008-3771,guest-0093,False,KIOSK,51660,"[""all"", ""coffee""]",False,,,ORD-3389,2026-10-04T20:04:17Z
ses-20261008-3772,guest-0171,False,KIOSK,55194,"[""all"", ""decaf""]",False,,,ORD-3390,2026-10-02T01:49:50Z
ses-20261008-3773,usr-0342,True,KIOSK,64243,"[""all"", ""smoothie"", ""ade"", ""decaf""]",False,,,ORD-3391,2026-09-28T21:06:53Z
ses-20261008-3774,usr-0118,True,KIOSK,23176,"[""all"", ""coffee"", ""decaf""]",False,,,ORD-3392,2026-09-24T03:42:42Z
ses-20261008-3775,guest-0194,False,KIOSK,56685,"[""all"", ""decaf"", ""ade""]",False,,,ORD-3393,2026-09-28T16:31:49Z
ses-20261008-3776,guest-0161,False,KIOSK,61533,"[""all"", ""tea""]",False,,,ORD-3394,2026-09-23T20:34:45Z
ses-20261008-3777,usr-0144,True,KIOSK,83136,"[""all"", ""smoothie"", ""coffee""]",False,,,ORD-3395,2026-09-17T16:58:24Z
ses-20261008-3778,usr-0255,True,KIOSK,52606,"[""all"", ""decaf"", ""coffee""]",False,,,ORD-3396,2026-09-25T02:22:02Z
ses-20261008-3779,usr-0275,True,KIOSK,84869,"[""all"", ""decaf"", ""coffee""]",True,CART_SHEET,WAIT_TIME_LONG,,2026-10-02T20:47:46Z
ses-20261008-3780,guest-0106,False,KIOSK,69413,"[""all"", ""ade""]",False,,,ORD-3397,2026-09-23T00:25:19Z
ses-20261008-3781,guest-0017,False,KIOSK,89992,"[""all"", ""smoothie""]",False,,,ORD-3398,2026-09-22T21:50:08Z
ses-20261008-3782,usr-0353,True,KIOSK,53905,"[""all"", ""ade"", ""decaf"", ""coffee""]",False,,,ORD-3399,2026-09-30T17:29:53Z
ses-20261008-3783,usr-0321,True,KIOSK,21447,"[""all"", ""decaf"", ""tea""]",False,,,ORD-3400,2026-09-23T20:27:40Z
ses-20261008-3784,usr-0033,True,KIOSK,59651,"[""all"", ""coffee""]",False,,,ORD-3401,2026-09-23T21:21:42Z
ses-20261008-3785,guest-0150,False,KIOSK,74308,"[""all"", ""coffee""]",False,,,ORD-3402,2026-09-17T16:33:40Z
ses-20261008-3786,guest-0183,False,KIOSK,50127,"[""all"", ""ade"", ""tea""]",False,,,ORD-3403,2026-10-08T21:10:22Z
ses-20261008-3787,usr-0334,True,KIOSK,36476,"[""all"", ""decaf"", ""ade"", ""smoothie"", ""coffee""]",False,,,ORD-3404,2026-10-06T17:00:35Z
ses-20261008-3788,guest-0061,False,KIOSK,87692,"[""all"", ""ade"", ""coffee""]",True,OPTION_MODAL,WAIT_TIME_LONG,,2026-10-04T21:30:08Z
ses-20261008-3789,guest-0144,False,KIOSK,61596,"[""all"", ""coffee"", ""decaf""]",False,,,ORD-3405,2026-10-05T20:19:52Z
ses-20261008-3790,guest-0140,False,KIOSK,50835,"[""all"", ""coffee""]",False,,,ORD-3406,2026-09-20T17:01:36Z
ses-20261008-3791,guest-0039,False,KIOSK,79964,"[""all"", ""smoothie"", ""coffee"", ""tea""]",True,CART_SHEET,PRICE_HIGH,,2026-10-02T17:37:33Z
ses-20261008-3792,usr-0056,True,KIOSK,58186,"[""all"", ""tea"", ""smoothie""]",False,,,ORD-3407,2026-09-24T20:37:53Z
ses-20261008-3793,usr-0258,True,KIOSK,47001,"[""all"", ""ade""]",False,,,ORD-3408,2026-09-25T04:34:04Z
ses-20261008-3794,guest-0086,False,KIOSK,59734,"[""all"", ""coffee""]",False,,,ORD-3409,2026-09-20T16:33:47Z
ses-20261008-3795,usr-0238,True,KIOSK,34840,"[""all"", ""ade""]",False,,,ORD-3410,2026-10-05T17:14:08Z
ses-20261008-3796,guest-0038,False,KIOSK,82675,"[""all"", ""tea"", ""coffee""]",True,OPTION_MODAL,PRICE_HIGH,,2026-10-04T21:41:22Z
ses-20261008-3797,guest-0121,False,KIOSK,74547,"[""all"", ""tea"", ""coffee""]",False,,,ORD-3411,2026-09-15T16:13:32Z
ses-20261008-3798,usr-0280,True,KIOSK,75506,"[""all"", ""tea""]",False,,,ORD-3412,2026-09-30T20:05:28Z
ses-20261008-3799,guest-0200,False,KIOSK,58388,"[""all"", ""tea"", ""ade"", ""coffee"", ""smoothie""]",False,,,ORD-3413,2026-09-19T21:47:58Z
ses-20261008-3800,guest-0051,False,KIOSK,69901,"[""all"", ""smoothie""]",False,,,ORD-3414,2026-09-30T00:00:38Z
ses-20261008-3801,guest-0094,False,KIOSK,67506,"[""all"", ""decaf""]",False,,,ORD-3415,2026-09-23T16:56:45Z
ses-20261008-3802,guest-0114,False,KIOSK,64304,"[""all"", ""tea"", ""decaf"", ""smoothie""]",False,,,ORD-3416,2026-10-07T17:21:06Z
ses-20261008-3803,guest-0033,False,KIOSK,45200,"[""all"", ""ade""]",False,,,ORD-3417,2026-09-16T02:31:31Z
ses-20261008-3804,usr-0002,True,KIOSK,18821,"[""all"", ""tea""]",False,,,ORD-3418,2026-09-26T16:04:56Z
ses-20261008-3805,guest-0181,False,KIOSK,65686,"[""all"", ""ade""]",True,OPTION_MODAL,PRICE_HIGH,,2026-09-30T17:21:01Z
ses-20261008-3806,guest-0037,False,KIOSK,58175,"[""all"", ""coffee"", ""decaf""]",False,,,ORD-3419,2026-10-05T16:34:23Z
ses-20261008-3807,guest-0095,False,KIOSK,71838,"[""all"", ""tea"", ""coffee""]",True,CART_SHEET,PRICE_HIGH,,2026-09-21T16:21:19Z
ses-20261008-3808,guest-0190,False,KIOSK,48214,"[""all"", ""ade""]",False,,,ORD-3420,2026-10-08T00:49:35Z
ses-20261008-3809,guest-0010,False,KIOSK,70017,"[""all"", ""coffee""]",True,PAY_POPUP,PRICE_HIGH,,2026-09-18T21:25:55Z
ses-20261008-3810,usr-0084,True,KIOSK,46743,"[""all"", ""ade"", ""tea"", ""smoothie"", ""coffee""]",False,,,ORD-3421,2026-10-02T03:27:55Z
ses-20261008-3811,guest-0068,False,KIOSK,53342,"[""all"", ""ade"", ""decaf""]",False,,,ORD-3422,2026-10-01T20:40:15Z
ses-20261008-3812,guest-0045,False,KIOSK,46069,"[""all"", ""smoothie"", ""coffee""]",False,,,ORD-3423,2026-10-08T20:54:31Z
ses-20261008-3813,guest-0188,False,KIOSK,33392,"[""all"", ""tea"", ""decaf""]",False,,,ORD-3424,2026-10-01T17:21:29Z
ses-20261008-3814,guest-0085,False,KIOSK,59244,"[""all"", ""decaf""]",False,,,ORD-3425,2026-10-04T16:19:20Z
ses-20261008-3815,usr-0098,True,KIOSK,96741,"[""all"", ""coffee"", ""decaf""]",False,,,ORD-3426,2026-10-02T00:00:58Z
ses-20261008-3816,usr-0220,True,KIOSK,52556,"[""all"", ""smoothie""]",True,CART_SHEET,PRICE_HIGH,,2026-09-28T02:57:50Z
ses-20261008-3817,guest-0066,False,KIOSK,70424,"[""all"", ""coffee"", ""tea"", ""smoothie""]",True,CART_SHEET,WAIT_TIME_LONG,,2026-09-26T17:08:34Z
ses-20261008-3818,usr-0288,True,KIOSK,27293,"[""all"", ""coffee""]",False,,,ORD-3427,2026-09-22T00:01:06Z
ses-20261008-3819,usr-0123,True,KIOSK,55698,"[""all"", ""coffee"", ""decaf""]",False,,,ORD-3428,2026-09-28T01:22:44Z
ses-20261008-3820,guest-0045,False,KIOSK,47254,"[""all"", ""decaf"", ""tea""]",False,,,ORD-3429,2026-09-28T22:31:18Z
ses-20261008-3821,guest-0083,False,KIOSK,27192,"[""all"", ""tea""]",False,,,ORD-3430,2026-10-03T21:19:16Z
ses-20261008-3822,guest-0093,False,KIOSK,25000,"[""all"", ""tea"", ""smoothie""]",False,,,ORD-3431,2026-10-04T21:21:57Z
ses-20261008-3823,guest-0069,False,KIOSK,65337,"[""all"", ""decaf""]",False,,,ORD-3432,2026-09-18T21:59:01Z
ses-20261008-3824,usr-0287,True,KIOSK,24883,"[""all"", ""decaf""]",False,,,ORD-3433,2026-09-22T02:40:59Z
ses-20261008-3825,usr-0253,True,KIOSK,63312,"[""all"", ""decaf""]",False,,,ORD-3434,2026-09-16T01:43:31Z
ses-20261008-3826,guest-0101,False,KIOSK,69729,"[""all"", ""decaf"", ""tea""]",False,,,ORD-3435,2026-09-19T00:15:39Z
ses-20261008-3827,guest-0050,False,KIOSK,30257,"[""all"", ""decaf""]",False,,,ORD-3436,2026-09-15T21:19:16Z
ses-20261008-3828,usr-0351,True,KIOSK,52384,"[""all"", ""tea"", ""coffee"", ""ade""]",False,,,ORD-3437,2026-10-06T16:34:56Z
ses-20261008-3829,usr-0369,True,KIOSK,74559,"[""all"", ""smoothie"", ""tea""]",False,,,ORD-3438,2026-09-27T23:32:30Z
ses-20261008-3830,guest-0176,False,KIOSK,47751,"[""all"", ""ade""]",False,,,ORD-3439,2026-10-09T01:50:41Z
ses-20261008-3831,guest-0181,False,KIOSK,76873,"[""all"", ""coffee"", ""tea""]",False,,,ORD-3440,2026-09-15T17:57:26Z
ses-20261008-3832,guest-0041,False,KIOSK,51220,"[""all"", ""smoothie""]",False,,,ORD-3441,2026-10-02T22:42:28Z
ses-20261008-3833,guest-0169,False,KIOSK,59358,"[""all"", ""ade"", ""coffee""]",False,,,ORD-3442,2026-10-06T20:01:06Z
ses-20261008-3834,guest-0008,False,KIOSK,79167,"[""all"", ""coffee"", ""ade""]",False,,,ORD-3443,2026-09-30T20:51:41Z
ses-20261008-3835,guest-0176,False,KIOSK,67350,"[""all"", ""smoothie"", ""ade"", ""decaf""]",False,,,ORD-3444,2026-09-15T20:23:50Z
ses-20261008-3836,guest-0069,False,KIOSK,46383,"[""all"", ""tea"", ""coffee""]",False,,,ORD-3445,2026-09-17T23:15:22Z
ses-20261008-3837,guest-0068,False,KIOSK,37757,"[""all"", ""smoothie""]",False,,,ORD-3446,2026-09-30T20:15:42Z
ses-20261008-3838,usr-0025,True,KIOSK,23150,"[""all"", ""smoothie""]",False,,,ORD-3447,2026-10-08T02:20:44Z
ses-20261008-3839,guest-0156,False,KIOSK,68241,"[""all"", ""decaf"", ""smoothie""]",False,,,ORD-3448,2026-10-06T23:53:58Z
ses-20261008-3840,guest-0066,False,KIOSK,57575,"[""all"", ""tea""]",False,,,ORD-3449,2026-09-22T01:04:11Z
ses-20261008-3841,usr-0203,True,KIOSK,30983,"[""all"", ""coffee"", ""smoothie""]",False,,,ORD-3450,2026-09-18T21:55:34Z
ses-20261008-3842,guest-0085,False,KIOSK,76854,"[""all"", ""ade"", ""tea"", ""coffee"", ""smoothie""]",True,CART_SHEET,WAIT_TIME_LONG,,2026-09-25T20:16:08Z
ses-20261008-3843,guest-0076,False,KIOSK,73003,"[""all"", ""coffee"", ""tea"", ""smoothie""]",False,,,ORD-3451,2026-09-20T20:48:29Z
ses-20261008-3844,guest-0060,False,KIOSK,52724,"[""all"", ""coffee"", ""smoothie"", ""ade""]",False,,,ORD-3452,2026-09-27T17:20:57Z
ses-20261008-3845,guest-0084,False,KIOSK,65369,"[""all"", ""coffee"", ""decaf"", ""smoothie""]",False,,,ORD-3453,2026-09-22T17:04:54Z
ses-20261008-3846,usr-0306,True,KIOSK,63881,"[""all"", ""tea"", ""decaf"", ""coffee""]",False,,,ORD-3454,2026-10-08T21:59:11Z
ses-20261008-3847,guest-0069,False,KIOSK,60040,"[""all"", ""ade""]",False,,,ORD-3455,2026-09-15T16:08:17Z
ses-20261008-3848,guest-0044,False,KIOSK,64168,"[""all"", ""decaf"", ""coffee""]",False,,,ORD-3456,2026-10-03T16:29:25Z
ses-20261008-3849,usr-0370,True,KIOSK,50142,"[""all"", ""tea"", ""ade""]",False,,,ORD-3457,2026-10-04T16:52:43Z
ses-20261008-3850,usr-0275,True,KIOSK,63297,"[""all"", ""ade""]",False,,,ORD-3458,2026-09-26T20:09:41Z
ses-20261008-3851,guest-0081,False,KIOSK,70151,"[""all"", ""ade"", ""decaf""]",False,,,ORD-3459,2026-09-24T16:16:42Z
ses-20261008-3852,usr-0035,True,KIOSK,72190,"[""all"", ""ade""]",True,OPTION_MODAL,PRICE_HIGH,,2026-10-04T20:43:47Z
ses-20261008-3853,usr-0129,True,KIOSK,60764,"[""all"", ""ade"", ""tea"", ""smoothie"", ""decaf""]",False,,,ORD-3460,2026-09-27T00:09:41Z
ses-20261008-3854,guest-0184,False,KIOSK,51904,"[""all"", ""tea""]",False,,,ORD-3461,2026-09-16T16:52:08Z
ses-20261008-3855,usr-0001,True,KIOSK,64228,"[""all"", ""tea"", ""decaf""]",False,,,ORD-3462,2026-09-25T20:30:12Z
ses-20261008-3856,guest-0044,False,KIOSK,63167,"[""all"", ""decaf"", ""smoothie"", ""ade"", ""coffee""]",False,,,ORD-3463,2026-09-18T22:12:54Z
ses-20261008-3857,guest-0189,False,KIOSK,30980,"[""all"", ""ade"", ""tea"", ""decaf""]",False,,,ORD-3464,2026-09-25T00:59:43Z
ses-20261008-3858,usr-0071,True,KIOSK,18694,"[""all"", ""decaf""]",False,,,ORD-3465,2026-10-07T21:04:44Z
ses-20261008-3859,guest-0068,False,KIOSK,82243,"[""all"", ""tea""]",True,OPTION_MODAL,PRICE_HIGH,,2026-09-20T03:25:03Z
ses-20261008-3860,usr-0012,True,KIOSK,86496,"[""all"", ""coffee"", ""decaf"", ""tea"", ""smoothie""]",True,OPTION_MODAL,PRICE_HIGH,,2026-09-15T17:14:50Z
ses-20261008-3861,usr-0236,True,KIOSK,67703,"[""all"", ""decaf""]",False,,,ORD-3466,2026-10-05T16:00:10Z
ses-20261008-3862,usr-0129,True,KIOSK,49855,"[""all"", ""smoothie"", ""tea""]",False,,,ORD-3467,2026-09-20T20:23:05Z
ses-20261008-3863,usr-0254,True,KIOSK,89539,"[""all"", ""coffee""]",True,OPTION_MODAL,PRICE_HIGH,,2026-09-19T21:24:35Z
ses-20261008-3864,guest-0181,False,KIOSK,66944,"[""all"", ""coffee"", ""decaf""]",False,,,ORD-3468,2026-09-21T23:16:14Z
ses-20261008-3865,usr-0377,True,KIOSK,71601,"[""all"", ""tea"", ""decaf""]",False,,,ORD-3469,2026-09-15T17:17:49Z
ses-20261008-3866,usr-0154,True,KIOSK,20382,"[""all"", ""smoothie"", ""decaf""]",False,,,ORD-3470,2026-09-25T01:02:40Z
ses-20261008-3867,guest-0051,False,KIOSK,54279,"[""all"", ""ade"", ""coffee""]",False,,,ORD-3471,2026-10-07T21:52:50Z
ses-20261008-3868,usr-0111,True,KIOSK,72938,"[""all"", ""tea""]",False,,,ORD-3472,2026-09-18T02:04:13Z
ses-20261008-3869,guest-0151,False,KIOSK,80743,"[""all"", ""tea""]",False,,,ORD-3473,2026-09-29T23:06:19Z
ses-20261008-3870,guest-0178,False,KIOSK,52502,"[""all"", ""smoothie"", ""ade"", ""decaf""]",False,,,ORD-3474,2026-09-18T16:34:07Z
ses-20261008-3871,guest-0136,False,KIOSK,67398,"[""all"", ""decaf"", ""coffee""]",False,,,ORD-3475,2026-09-26T16:03:55Z
ses-20261008-3872,guest-0027,False,KIOSK,76020,"[""all"", ""tea"", ""smoothie""]",False,,,ORD-3476,2026-09-21T22:58:48Z
ses-20261008-3873,guest-0143,False,KIOSK,49191,"[""all"", ""smoothie"", ""coffee""]",False,,,ORD-3477,2026-09-18T00:45:57Z
ses-20261008-3874,guest-0008,False,KIOSK,44267,"[""all"", ""smoothie"", ""ade"", ""tea""]",False,,,ORD-3478,2026-09-18T20:21:12Z
ses-20261008-3875,usr-0398,True,KIOSK,27261,"[""all"", ""ade""]",False,,,ORD-3479,2026-10-05T16:33:48Z
ses-20261008-3876,guest-0131,False,KIOSK,59645,"[""all"", ""coffee""]",False,,,ORD-3480,2026-09-28T21:58:52Z
ses-20261008-3877,guest-0150,False,KIOSK,82178,"[""all"", ""coffee""]",False,,,ORD-3481,2026-09-24T17:46:00Z
ses-20261008-3878,guest-0037,False,KIOSK,65180,"[""all"", ""coffee"", ""tea"", ""ade""]",False,,,ORD-3482,2026-09-18T17:55:00Z
ses-20261008-3879,guest-0027,False,KIOSK,50355,"[""all"", ""ade"", ""decaf"", ""tea""]",False,,,ORD-3483,2026-09-20T16:03:56Z
ses-20261008-3880,guest-0102,False,KIOSK,90985,"[""all"", ""decaf"", ""coffee""]",True,CART_SHEET,TIMEOUT_60S,,2026-10-06T20:46:01Z
ses-20261008-3881,usr-0231,True,KIOSK,59173,"[""all"", ""tea"", ""decaf""]",False,,,ORD-3484,2026-09-28T02:17:11Z
ses-20261008-3882,usr-0099,True,KIOSK,88632,"[""all"", ""coffee""]",False,,,ORD-3485,2026-10-05T03:50:06Z
ses-20261008-3883,guest-0153,False,KIOSK,71404,"[""all"", ""decaf"", ""smoothie""]",False,,,ORD-3486,2026-09-27T23:49:08Z
ses-20261008-3884,guest-0004,False,KIOSK,73641,"[""all"", ""coffee""]",False,,,ORD-3487,2026-09-22T00:26:38Z
ses-20261008-3885,usr-0331,True,KIOSK,70633,"[""all"", ""decaf"", ""coffee""]",False,,,ORD-3488,2026-09-27T20:29:32Z
ses-20261008-3886,usr-0155,True,KIOSK,66191,"[""all"", ""coffee"", ""smoothie"", ""ade""]",False,,,ORD-3489,2026-09-19T16:57:01Z
ses-20261008-3887,guest-0051,False,KIOSK,78062,"[""all"", ""ade""]",False,,,ORD-3490,2026-09-29T00:52:36Z
ses-20261008-3888,guest-0008,False,KIOSK,43892,"[""all"", ""smoothie""]",False,,,ORD-3491,2026-09-24T17:37:11Z
ses-20261008-3889,guest-0110,False,KIOSK,67195,"[""all"", ""decaf"", ""coffee""]",False,,,ORD-3492,2026-10-05T04:37:44Z
ses-20261008-3890,usr-0185,True,KIOSK,89158,"[""all"", ""smoothie""]",False,,,ORD-3493,2026-10-05T03:00:56Z
ses-20261008-3891,usr-0298,True,KIOSK,77100,"[""all"", ""tea"", ""ade""]",False,,,ORD-3494,2026-09-21T20:33:26Z
ses-20261008-3892,guest-0013,False,KIOSK,46353,"[""all"", ""tea""]",False,,,ORD-3495,2026-09-16T20:56:30Z
ses-20261008-3893,usr-0143,True,KIOSK,60709,"[""all"", ""smoothie""]",False,,,ORD-3496,2026-10-01T21:43:56Z
ses-20261008-3894,guest-0200,False,KIOSK,68344,"[""all"", ""ade"", ""smoothie""]",True,CART_SHEET,TIMEOUT_60S,,2026-10-07T16:35:50Z
ses-20261008-3895,guest-0024,False,KIOSK,58766,"[""all"", ""ade""]",False,,,ORD-3497,2026-09-22T20:07:31Z
ses-20261008-3896,guest-0131,False,KIOSK,75785,"[""all"", ""tea""]",False,,,ORD-3498,2026-10-03T17:33:05Z
ses-20261008-3897,guest-0060,False,KIOSK,83486,"[""all"", ""tea"", ""coffee"", ""ade""]",True,PAY_POPUP,TIMEOUT_60S,,2026-09-15T16:18:46Z
ses-20261008-3898,guest-0151,False,KIOSK,49342,"[""all"", ""ade"", ""coffee"", ""smoothie""]",False,,,ORD-3499,2026-10-04T16:25:42Z
ses-20261008-3899,guest-0058,False,KIOSK,69624,"[""all"", ""tea""]",False,,,ORD-3500,2026-10-07T00:32:39Z
ses-20261008-3900,usr-0275,True,KIOSK,20033,"[""all"", ""smoothie""]",False,,,ORD-3501,2026-09-18T01:09:45Z
ses-20261008-3901,guest-0035,False,KIOSK,54680,"[""all"", ""decaf""]",False,,,ORD-3502,2026-10-08T20:51:30Z
ses-20261008-3902,guest-0134,False,KIOSK,53603,"[""all"", ""decaf"", ""tea"", ""ade""]",False,,,ORD-3503,2026-10-04T01:27:11Z
ses-20261008-3903,usr-0380,True,KIOSK,57600,"[""all"", ""tea""]",False,,,ORD-3504,2026-09-20T21:01:14Z
ses-20261008-3904,guest-0157,False,KIOSK,63276,"[""all"", ""decaf"", ""ade""]",False,,,ORD-3505,2026-09-19T03:11:02Z
ses-20261008-3905,guest-0175,False,KIOSK,67700,"[""all"", ""decaf""]",False,,,ORD-3506,2026-09-25T02:39:02Z
ses-20261008-3906,guest-0081,False,KIOSK,82402,"[""all"", ""decaf"", ""coffee""]",True,OPTION_MODAL,PRICE_HIGH,,2026-09-19T16:38:08Z
ses-20261008-3907,usr-0293,True,KIOSK,64941,"[""all"", ""decaf"", ""coffee"", ""tea""]",False,,,ORD-3507,2026-09-27T20:57:13Z
ses-20261008-3908,usr-0227,True,KIOSK,35725,"[""all"", ""coffee"", ""ade""]",False,,,ORD-3508,2026-09-19T17:11:35Z
ses-20261008-3909,guest-0128,False,KIOSK,79124,"[""all"", ""decaf""]",False,,,ORD-3509,2026-09-19T02:01:11Z
ses-20261008-3910,usr-0259,True,KIOSK,16142,"[""all"", ""coffee"", ""ade""]",False,,,ORD-3510,2026-09-22T17:43:50Z
ses-20261008-3911,usr-0008,True,KIOSK,66367,"[""all"", ""coffee"", ""decaf""]",False,,,ORD-3511,2026-10-04T21:27:52Z
ses-20261008-3912,guest-0176,False,KIOSK,68215,"[""all"", ""coffee"", ""decaf"", ""tea""]",False,,,ORD-3512,2026-09-21T17:39:27Z
ses-20261008-3913,guest-0051,False,KIOSK,61674,"[""all"", ""decaf""]",False,,,ORD-3513,2026-09-16T17:27:11Z
ses-20261008-3914,guest-0107,False,KIOSK,54573,"[""all"", ""decaf"", ""coffee""]",False,,,ORD-3514,2026-10-02T16:45:25Z
ses-20261008-3915,guest-0011,False,KIOSK,93029,"[""all"", ""ade""]",True,OPTION_MODAL,WAIT_TIME_LONG,,2026-09-16T17:20:03Z
ses-20261008-3916,guest-0159,False,KIOSK,56772,"[""all"", ""tea""]",False,,,ORD-3515,2026-09-30T16:29:15Z
ses-20261008-3917,guest-0043,False,KIOSK,56596,"[""all"", ""smoothie"", ""tea""]",False,,,ORD-3516,2026-09-15T23:01:53Z
ses-20261008-3918,guest-0117,False,KIOSK,62470,"[""all"", ""tea""]",False,,,ORD-3517,2026-09-20T21:34:45Z
ses-20261008-3919,guest-0135,False,KIOSK,76515,"[""all"", ""smoothie"", ""decaf""]",False,,,ORD-3518,2026-09-19T16:54:50Z
ses-20261008-3920,usr-0074,True,KIOSK,87454,"[""all"", ""tea""]",False,,,ORD-3519,2026-09-24T21:55:56Z
ses-20261008-3921,usr-0258,True,KIOSK,70905,"[""all"", ""coffee""]",False,,,ORD-3520,2026-10-05T20:02:50Z
ses-20261008-3922,guest-0165,False,KIOSK,96806,"[""all"", ""coffee"", ""decaf""]",True,CART_SHEET,WAIT_TIME_LONG,,2026-10-03T02:50:26Z
ses-20261008-3923,usr-0323,True,KIOSK,67674,"[""all"", ""tea"", ""ade"", ""smoothie""]",False,,,ORD-3521,2026-09-16T22:10:09Z
ses-20261008-3924,guest-0178,False,KIOSK,38102,"[""all"", ""tea"", ""decaf""]",False,,,ORD-3522,2026-09-23T01:36:58Z
ses-20261008-3925,guest-0028,False,KIOSK,79639,"[""all"", ""decaf""]",False,,,ORD-3523,2026-09-25T00:48:30Z
ses-20261008-3926,usr-0149,True,KIOSK,31581,"[""all"", ""coffee"", ""ade""]",False,,,ORD-3524,2026-10-09T04:42:26Z
ses-20261008-3927,usr-0395,True,KIOSK,58168,"[""all"", ""ade""]",False,,,ORD-3525,2026-09-29T02:53:38Z
ses-20261008-3928,guest-0001,False,KIOSK,99881,"[""all"", ""decaf""]",True,CART_SHEET,TIMEOUT_60S,,2026-09-26T23:17:04Z
ses-20261008-3929,guest-0003,False,KIOSK,60244,"[""all"", ""tea"", ""ade""]",False,,,ORD-3526,2026-10-04T20:39:59Z
ses-20261008-3930,usr-0172,True,KIOSK,50853,"[""all"", ""decaf"", ""smoothie""]",False,,,ORD-3527,2026-10-06T16:15:43Z
ses-20261008-3931,guest-0132,False,KIOSK,72481,"[""all"", ""decaf""]",False,,,ORD-3528,2026-09-25T21:02:26Z
ses-20261008-3932,guest-0190,False,KIOSK,62270,"[""all"", ""tea"", ""smoothie"", ""ade""]",False,,,ORD-3529,2026-09-18T23:08:24Z
ses-20261008-3933,usr-0045,True,KIOSK,25597,"[""all"", ""smoothie""]",False,,,ORD-3530,2026-09-20T16:38:00Z
ses-20261008-3934,guest-0186,False,KIOSK,87473,"[""all"", ""coffee"", ""decaf""]",False,,,ORD-3531,2026-10-07T00:19:08Z
ses-20261008-3935,guest-0143,False,KIOSK,87882,"[""all"", ""ade"", ""smoothie"", ""tea""]",False,,,ORD-3532,2026-09-29T17:01:43Z
ses-20261008-3936,guest-0162,False,KIOSK,59071,"[""all"", ""ade"", ""smoothie""]",False,,,ORD-3533,2026-10-05T01:36:02Z
ses-20261008-3937,usr-0228,True,KIOSK,75055,"[""all"", ""tea"", ""coffee""]",False,,,ORD-3534,2026-09-26T16:26:42Z
ses-20261008-3938,guest-0115,False,KIOSK,78373,"[""all"", ""coffee"", ""tea""]",True,CART_SHEET,TIMEOUT_60S,,2026-10-04T22:12:43Z
ses-20261008-3939,guest-0165,False,KIOSK,55479,"[""all"", ""coffee"", ""tea""]",False,,,ORD-3535,2026-10-06T22:49:13Z
ses-20261008-3940,guest-0026,False,KIOSK,76684,"[""all"", ""coffee"", ""smoothie"", ""tea"", ""decaf""]",False,,,ORD-3536,2026-10-07T21:13:26Z
ses-20261008-3941,usr-0244,True,KIOSK,74434,"[""all"", ""ade""]",False,,,ORD-3537,2026-09-18T20:50:10Z
ses-20261008-3942,usr-0354,True,KIOSK,50986,"[""all"", ""ade"", ""decaf"", ""coffee"", ""tea""]",False,,,ORD-3538,2026-10-02T23:04:32Z
ses-20261008-3943,guest-0024,False,KIOSK,86591,"[""all"", ""ade"", ""tea"", ""smoothie"", ""coffee""]",False,,,ORD-3539,2026-09-18T02:18:01Z
ses-20261008-3944,guest-0147,False,KIOSK,59390,"[""all"", ""coffee"", ""smoothie""]",False,,,ORD-3540,2026-09-15T17:35:11Z
ses-20261008-3945,usr-0247,True,KIOSK,18794,"[""all"", ""coffee""]",False,,,ORD-3541,2026-09-16T16:19:06Z
ses-20261008-3946,guest-0004,False,KIOSK,81118,"[""all"", ""tea""]",False,,,ORD-3542,2026-10-06T21:39:58Z
ses-20261008-3947,guest-0051,False,KIOSK,84701,"[""all"", ""tea"", ""ade""]",True,OPTION_MODAL,WAIT_TIME_LONG,,2026-09-16T16:12:36Z
ses-20261008-3948,usr-0129,True,KIOSK,71889,"[""all"", ""coffee""]",False,,,ORD-3543,2026-09-30T17:35:04Z
ses-20261008-3949,guest-0169,False,KIOSK,72056,"[""all"", ""coffee""]",False,,,ORD-3544,2026-09-25T03:03:43Z
ses-20261008-3950,guest-0176,False,KIOSK,68577,"[""all"", ""tea"", ""decaf"", ""smoothie""]",False,,,ORD-3545,2026-09-25T22:01:20Z
ses-20261008-3951,guest-0156,False,KIOSK,91494,"[""all"", ""decaf"", ""tea""]",False,,,ORD-3546,2026-10-01T20:47:02Z
ses-20261008-3952,usr-0163,True,KIOSK,56223,"[""all"", ""smoothie"", ""ade"", ""coffee"", ""tea""]",False,,,ORD-3547,2026-09-18T16:44:03Z
ses-20261008-3953,guest-0059,False,KIOSK,56717,"[""all"", ""coffee""]",False,,,ORD-3548,2026-09-24T01:54:03Z
ses-20261008-3954,guest-0024,False,KIOSK,79353,"[""all"", ""decaf"", ""smoothie""]",False,,,ORD-3549,2026-09-26T21:56:02Z
ses-20261008-3955,guest-0026,False,KIOSK,57925,"[""all"", ""decaf""]",False,,,ORD-3550,2026-09-26T16:42:40Z
ses-20261008-3956,guest-0176,False,KIOSK,65269,"[""all"", ""coffee""]",False,,,ORD-3551,2026-09-25T21:24:34Z
ses-20261008-3957,guest-0025,False,KIOSK,38114,"[""all"", ""smoothie""]",False,,,ORD-3552,2026-10-06T04:16:11Z
ses-20261008-3958,guest-0139,False,KIOSK,80331,"[""all"", ""tea"", ""ade""]",False,,,ORD-3553,2026-09-15T16:05:02Z
ses-20261008-3959,guest-0018,False,KIOSK,66771,"[""all"", ""coffee"", ""smoothie""]",False,,,ORD-3554,2026-10-06T03:26:52Z
ses-20261008-3960,usr-0123,True,KIOSK,67929,"[""all"", ""decaf"", ""smoothie"", ""tea"", ""coffee""]",False,,,ORD-3555,2026-09-22T17:23:22Z
ses-20261008-3961,usr-0015,True,KIOSK,60163,"[""all"", ""ade"", ""coffee""]",False,,,ORD-3556,2026-09-16T16:34:02Z
ses-20261008-3962,guest-0095,False,KIOSK,80227,"[""all"", ""smoothie""]",False,,,ORD-3557,2026-09-19T21:50:16Z
ses-20261008-3963,guest-0046,False,KIOSK,55521,"[""all"", ""tea""]",False,,,ORD-3558,2026-10-01T02:48:49Z
ses-20261008-3964,usr-0048,True,KIOSK,26534,"[""all"", ""coffee""]",False,,,ORD-3559,2026-09-19T17:33:44Z
ses-20261008-3965,guest-0194,False,KIOSK,73827,"[""all"", ""ade"", ""decaf"", ""smoothie""]",False,,,ORD-3560,2026-09-21T02:17:54Z
ses-20261008-3966,usr-0056,True,KIOSK,51254,"[""all"", ""decaf""]",False,,,ORD-3561,2026-10-05T20:42:37Z
ses-20261008-3967,guest-0111,False,KIOSK,57375,"[""all"", ""smoothie"", ""decaf"", ""coffee""]",False,,,ORD-3562,2026-09-25T22:52:20Z
ses-20261008-3968,usr-0323,True,KIOSK,64571,"[""all"", ""ade""]",False,,,ORD-3563,2026-09-26T04:38:31Z
ses-20261008-3969,usr-0190,True,KIOSK,58187,"[""all"", ""tea"", ""ade""]",False,,,ORD-3564,2026-10-01T23:25:45Z
ses-20261008-3970,guest-0117,False,KIOSK,63649,"[""all"", ""tea""]",False,,,ORD-3565,2026-09-23T20:18:19Z
ses-20261008-3971,guest-0033,False,KIOSK,66023,"[""all"", ""ade""]",False,,,ORD-3566,2026-09-15T17:00:41Z
ses-20261008-3972,guest-0063,False,KIOSK,54128,"[""all"", ""decaf""]",False,,,ORD-3567,2026-09-21T17:10:43Z
ses-20261008-3973,guest-0155,False,KIOSK,49912,"[""all"", ""smoothie"", ""ade""]",False,,,ORD-3568,2026-09-25T00:35:10Z
ses-20261008-3974,usr-0122,True,KIOSK,30668,"[""all"", ""tea""]",False,,,ORD-3569,2026-09-15T17:05:03Z
ses-20261008-3975,usr-0382,True,KIOSK,50504,"[""all"", ""smoothie"", ""decaf""]",False,,,ORD-3570,2026-09-24T01:43:18Z
ses-20261008-3976,usr-0298,True,KIOSK,70990,"[""all"", ""decaf""]",False,,,ORD-3571,2026-09-28T16:29:46Z
ses-20261008-3977,usr-0085,True,KIOSK,42824,"[""all"", ""smoothie""]",False,,,ORD-3572,2026-09-28T17:37:40Z
ses-20261008-3978,usr-0089,True,KIOSK,83946,"[""all"", ""ade"", ""smoothie""]",False,,,ORD-3573,2026-09-19T17:04:47Z
ses-20261008-3979,usr-0226,True,KIOSK,82676,"[""all"", ""decaf"", ""coffee""]",False,,,ORD-3574,2026-09-28T20:51:23Z
ses-20261008-3980,usr-0399,True,KIOSK,27130,"[""all"", ""decaf"", ""ade""]",False,,,ORD-3575,2026-09-22T17:17:57Z
ses-20261008-3981,guest-0048,False,KIOSK,64209,"[""all"", ""decaf""]",False,,,ORD-3576,2026-10-05T16:47:31Z
ses-20261008-3982,usr-0354,True,KIOSK,68611,"[""all"", ""ade"", ""decaf""]",False,,,ORD-3577,2026-10-08T17:24:40Z
ses-20261008-3983,usr-0377,True,KIOSK,30987,"[""all"", ""coffee"", ""ade""]",False,,,ORD-3578,2026-10-05T04:43:05Z
ses-20261008-3984,usr-0185,True,KIOSK,91127,"[""all"", ""decaf""]",False,,,ORD-3579,2026-10-01T16:03:28Z
ses-20261008-3985,usr-0385,True,KIOSK,85434,"[""all"", ""tea"", ""smoothie""]",True,PAY_POPUP,WAIT_TIME_LONG,,2026-10-01T17:09:46Z
ses-20261008-3986,guest-0018,False,KIOSK,51698,"[""all"", ""ade""]",False,,,ORD-3580,2026-09-23T03:08:51Z
ses-20261008-3987,usr-0339,True,KIOSK,28192,"[""all"", ""coffee""]",False,,,ORD-3581,2026-09-28T16:09:00Z
ses-20261008-3988,guest-0012,False,KIOSK,73087,"[""all"", ""ade"", ""coffee""]",False,,,ORD-3582,2026-09-24T21:00:08Z
ses-20261008-3989,guest-0199,False,KIOSK,36483,"[""all"", ""coffee""]",False,,,ORD-3583,2026-10-07T16:08:45Z
ses-20261008-3990,guest-0132,False,KIOSK,48083,"[""all"", ""ade""]",False,,,ORD-3584,2026-10-07T04:53:22Z
ses-20261008-3991,guest-0073,False,KIOSK,80371,"[""all"", ""decaf""]",False,,,ORD-3585,2026-10-03T17:39:09Z
ses-20261008-3992,guest-0111,False,KIOSK,95640,"[""all"", ""smoothie""]",True,CART_SHEET,PRICE_HIGH,,2026-09-22T20:32:34Z
ses-20261008-3993,usr-0196,True,KIOSK,50854,"[""all"", ""ade"", ""decaf""]",False,,,ORD-3586,2026-10-02T20:18:23Z
ses-20261008-3994,usr-0212,True,KIOSK,68331,"[""all"", ""coffee""]",False,,,ORD-3587,2026-10-02T16:07:56Z
ses-20261008-3995,guest-0084,False,KIOSK,60143,"[""all"", ""coffee"", ""tea"", ""smoothie""]",False,,,ORD-3588,2026-09-25T16:10:31Z
ses-20261008-3996,guest-0190,False,KIOSK,59961,"[""all"", ""decaf""]",False,,,ORD-3589,2026-09-22T21:26:12Z
ses-20261008-3997,guest-0044,False,KIOSK,58861,"[""all"", ""decaf""]",False,,,ORD-3590,2026-10-08T21:32:21Z
ses-20261008-3998,guest-0015,False,KIOSK,69961,"[""all"", ""coffee"", ""smoothie"", ""tea""]",False,,,ORD-3591,2026-09-26T02:38:01Z
ses-20261008-3999,usr-0029,True,KIOSK,76797,"[""all"", ""smoothie""]",False,,,ORD-3592,2026-09-29T20:17:00Z
ses-20261008-4000,usr-0140,True,KIOSK,78334,"[""all"", ""ade""]",False,,,ORD-3593,2026-09-21T20:53:39Z
ses-20261008-4001,usr-0393,True,KIOSK,57567,"[""all"", ""coffee""]",False,,,ORD-3594,2026-09-30T17:11:38Z
ses-20261008-4002,guest-0093,False,KIOSK,64731,"[""all"", ""decaf"", ""coffee"", ""ade""]",False,,,ORD-3595,2026-09-25T04:04:47Z
ses-20261008-4003,usr-0137,True,KIOSK,58635,"[""all"", ""coffee"", ""ade""]",False,,,ORD-3596,2026-09-15T20:28:14Z
ses-20261008-4004,guest-0008,False,KIOSK,83364,"[""all"", ""smoothie"", ""coffee"", ""decaf""]",False,,,ORD-3597,2026-09-25T17:50:14Z
ses-20261008-4005,guest-0168,False,KIOSK,94531,"[""all"", ""ade"", ""coffee""]",True,CART_SHEET,WAIT_TIME_LONG,,2026-10-01T01:32:09Z
ses-20261008-4006,guest-0192,False,KIOSK,85258,"[""all"", ""smoothie"", ""coffee""]",True,OPTION_MODAL,TIMEOUT_60S,,2026-09-22T20:20:14Z
ses-20261008-4007,guest-0056,False,KIOSK,69629,"[""all"", ""decaf""]",False,,,ORD-3598,2026-10-03T16:09:04Z
ses-20261008-4008,guest-0086,False,KIOSK,34877,"[""all"", ""coffee""]",False,,,ORD-3599,2026-09-16T21:50:08Z
ses-20261008-4009,guest-0162,False,KIOSK,44236,"[""all"", ""smoothie""]",False,,,ORD-3600,2026-10-04T16:08:57Z
ses-20261008-4010,guest-0121,False,KIOSK,63280,"[""all"", ""smoothie"", ""decaf""]",False,,,ORD-3601,2026-10-04T17:53:18Z
ses-20261008-4011,usr-0384,True,KIOSK,85377,"[""all"", ""coffee"", ""decaf"", ""tea""]",False,,,ORD-3602,2026-10-08T20:17:17Z
ses-20261008-4012,usr-0028,True,KIOSK,16068,"[""all"", ""ade""]",False,,,ORD-3603,2026-09-25T01:33:54Z
ses-20261008-4013,guest-0018,False,KIOSK,62867,"[""all"", ""coffee""]",False,,,ORD-3604,2026-10-06T01:01:50Z
ses-20261008-4014,guest-0197,False,KIOSK,75002,"[""all"", ""decaf""]",False,,,ORD-3605,2026-09-30T17:38:06Z
ses-20261008-4015,guest-0104,False,KIOSK,95387,"[""all"", ""tea""]",False,,,ORD-3606,2026-09-25T21:16:46Z
ses-20261008-4016,guest-0034,False,KIOSK,56466,"[""all"", ""coffee"", ""smoothie"", ""decaf""]",False,,,ORD-3607,2026-10-01T22:52:20Z
ses-20261008-4017,usr-0047,True,KIOSK,58314,"[""all"", ""coffee""]",False,,,ORD-3608,2026-09-25T22:21:22Z
ses-20261008-4018,guest-0071,False,KIOSK,88611,"[""all"", ""ade""]",False,,,ORD-3609,2026-09-23T16:46:34Z
ses-20261008-4019,guest-0101,False,KIOSK,69868,"[""all"", ""coffee"", ""tea""]",False,,,ORD-3610,2026-09-24T16:46:14Z
ses-20261008-4020,guest-0155,False,KIOSK,76580,"[""all"", ""smoothie""]",False,,,ORD-3611,2026-09-29T20:39:04Z
ses-20261008-4021,guest-0015,False,KIOSK,86483,"[""all"", ""coffee"", ""smoothie"", ""tea""]",True,CART_SHEET,TIMEOUT_60S,,2026-10-01T00:46:45Z
ses-20261008-4022,guest-0174,False,KIOSK,82393,"[""all"", ""ade""]",False,,,ORD-3612,2026-09-22T04:54:29Z
ses-20261008-4023,guest-0027,False,KIOSK,83191,"[""all"", ""smoothie""]",False,,,ORD-3613,2026-09-19T16:29:09Z
ses-20261008-4024,guest-0065,False,KIOSK,75546,"[""all"", ""decaf""]",True,PAY_POPUP,TIMEOUT_60S,,2026-09-30T03:47:24Z
ses-20261008-4025,usr-0189,True,KIOSK,54076,"[""all"", ""ade""]",False,,,ORD-3614,2026-09-24T03:29:39Z
ses-20261008-4026,guest-0084,False,KIOSK,59208,"[""all"", ""tea""]",False,,,ORD-3615,2026-09-22T23:09:07Z
ses-20261008-4027,usr-0326,True,KIOSK,35895,"[""all"", ""tea"", ""ade""]",False,,,ORD-3616,2026-10-04T02:39:36Z
ses-20261008-4028,guest-0073,False,KIOSK,62226,"[""all"", ""smoothie"", ""coffee""]",True,OPTION_MODAL,PRICE_HIGH,,2026-09-26T17:37:01Z
ses-20261008-4029,guest-0064,False,KIOSK,88152,"[""all"", ""coffee""]",True,CART_SHEET,TIMEOUT_60S,,2026-10-07T03:08:59Z
ses-20261008-4030,guest-0184,False,KIOSK,101581,"[""all"", ""coffee"", ""ade""]",True,OPTION_MODAL,TIMEOUT_60S,,2026-09-25T21:26:23Z
ses-20261008-4031,guest-0157,False,KIOSK,25000,"[""all"", ""tea""]",False,,,ORD-3617,2026-09-25T21:20:17Z
ses-20261008-4032,guest-0107,False,KIOSK,59800,"[""all"", ""smoothie""]",False,,,ORD-3618,2026-09-17T00:43:10Z
ses-20261008-4033,guest-0182,False,KIOSK,81958,"[""all"", ""smoothie"", ""coffee""]",False,,,ORD-3619,2026-09-16T04:04:39Z
ses-20261008-4034,usr-0045,True,KIOSK,62015,"[""all"", ""decaf"", ""tea"", ""coffee""]",False,,,ORD-3620,2026-09-25T16:25:31Z
ses-20261008-4035,guest-0013,False,KIOSK,56377,"[""all"", ""smoothie"", ""ade""]",False,,,ORD-3621,2026-09-21T20:09:32Z
ses-20261008-4036,guest-0128,False,KIOSK,76181,"[""all"", ""ade""]",False,,,ORD-3622,2026-10-08T01:46:21Z
ses-20261008-4037,guest-0044,False,KIOSK,66474,"[""all"", ""ade""]",False,,,ORD-3623,2026-10-08T21:44:37Z
ses-20261008-4038,guest-0015,False,KIOSK,61207,"[""all"", ""ade"", ""coffee""]",False,,,ORD-3624,2026-09-23T21:45:07Z
ses-20261008-4039,guest-0159,False,KIOSK,53587,"[""all"", ""smoothie"", ""decaf""]",False,,,ORD-3625,2026-09-24T20:31:12Z
ses-20261008-4040,usr-0362,True,KIOSK,41687,"[""all"", ""ade"", ""smoothie""]",False,,,ORD-3626,2026-09-18T23:48:50Z
ses-20261008-4041,guest-0025,False,KIOSK,58507,"[""all"", ""decaf""]",False,,,ORD-3627,2026-09-29T01:15:48Z
ses-20261008-4042,guest-0043,False,KIOSK,94847,"[""all"", ""tea"", ""smoothie""]",False,,,ORD-3628,2026-09-24T16:35:50Z
ses-20261008-4043,usr-0294,True,KIOSK,31291,"[""all"", ""coffee""]",False,,,ORD-3629,2026-09-17T20:30:44Z
ses-20261008-4044,guest-0010,False,KIOSK,66589,"[""all"", ""decaf""]",False,,,ORD-3630,2026-10-05T00:42:13Z
ses-20261008-4045,guest-0197,False,KIOSK,44132,"[""all"", ""decaf""]",False,,,ORD-3631,2026-10-07T20:49:19Z
ses-20261008-4046,usr-0321,True,KIOSK,20712,"[""all"", ""coffee""]",False,,,ORD-3632,2026-09-17T04:22:52Z
ses-20261008-4047,usr-0008,True,KIOSK,59646,"[""all"", ""ade""]",False,,,ORD-3633,2026-10-06T20:44:11Z
ses-20261008-4048,guest-0147,False,KIOSK,71659,"[""all"", ""ade""]",False,,,ORD-3634,2026-09-24T17:55:26Z
ses-20261008-4049,guest-0177,False,KIOSK,66484,"[""all"", ""coffee""]",False,,,ORD-3635,2026-10-06T20:27:38Z
ses-20261008-4050,guest-0008,False,KIOSK,112992,"[""all"", ""coffee"", ""smoothie"", ""decaf""]",True,OPTION_MODAL,WAIT_TIME_LONG,,2026-09-28T20:56:23Z
ses-20261008-4051,guest-0033,False,KIOSK,70942,"[""all"", ""smoothie""]",False,,,ORD-3636,2026-09-19T16:07:28Z
ses-20261008-4052,guest-0077,False,KIOSK,91020,"[""all"", ""tea""]",False,,,ORD-3637,2026-09-15T21:16:39Z
ses-20261008-4053,guest-0109,False,KIOSK,37109,"[""all"", ""smoothie""]",False,,,ORD-3638,2026-09-21T00:32:53Z
ses-20261008-4054,guest-0162,False,KIOSK,60847,"[""all"", ""ade"", ""tea""]",False,,,ORD-3639,2026-10-05T17:56:05Z
ses-20261008-4055,guest-0197,False,KIOSK,85446,"[""all"", ""tea"", ""ade""]",False,,,ORD-3640,2026-09-24T02:48:38Z
ses-20261008-4056,guest-0196,False,KIOSK,50503,"[""all"", ""smoothie"", ""coffee"", ""tea"", ""decaf""]",False,,,ORD-3641,2026-09-29T02:19:26Z
ses-20261008-4057,guest-0177,False,KIOSK,47911,"[""all"", ""decaf""]",False,,,ORD-3642,2026-09-18T21:53:25Z
ses-20261008-4058,guest-0061,False,KIOSK,57177,"[""all"", ""coffee""]",False,,,ORD-3643,2026-10-04T16:11:33Z
ses-20261008-4059,usr-0056,True,KIOSK,74208,"[""all"", ""smoothie"", ""decaf"", ""ade"", ""coffee""]",False,,,ORD-3644,2026-10-03T16:21:28Z
ses-20261008-4060,guest-0075,False,KIOSK,65716,"[""all"", ""decaf""]",False,,,ORD-3645,2026-10-04T01:02:53Z
ses-20261008-4061,usr-0061,True,KIOSK,62315,"[""all"", ""tea"", ""decaf""]",False,,,ORD-3646,2026-10-08T16:43:06Z
ses-20261008-4062,guest-0097,False,KIOSK,37818,"[""all"", ""decaf""]",False,,,ORD-3647,2026-10-06T21:34:44Z
ses-20261008-4063,guest-0173,False,KIOSK,56198,"[""all"", ""smoothie"", ""tea"", ""coffee""]",False,,,ORD-3648,2026-09-20T21:23:00Z
ses-20261008-4064,guest-0025,False,KIOSK,55462,"[""all"", ""tea"", ""coffee""]",False,,,ORD-3649,2026-09-23T17:21:52Z
ses-20261008-4065,guest-0053,False,KIOSK,73697,"[""all"", ""tea"", ""decaf"", ""ade""]",False,,,ORD-3650,2026-09-16T03:29:10Z
ses-20261008-4066,guest-0139,False,KIOSK,66501,"[""all"", ""smoothie""]",False,,,ORD-3651,2026-09-26T22:08:45Z
ses-20261008-4067,guest-0154,False,KIOSK,89661,"[""all"", ""decaf"", ""ade""]",False,,,ORD-3652,2026-09-28T20:29:10Z
ses-20261008-4068,guest-0135,False,KIOSK,43933,"[""all"", ""coffee"", ""decaf"", ""smoothie""]",False,,,ORD-3653,2026-10-08T20:18:26Z
ses-20261008-4069,usr-0127,True,KIOSK,60551,"[""all"", ""tea""]",False,,,ORD-3654,2026-09-23T16:19:10Z
ses-20261008-4070,guest-0090,False,KIOSK,43299,"[""all"", ""smoothie"", ""ade""]",False,,,ORD-3655,2026-09-27T21:12:36Z
ses-20261008-4071,usr-0136,True,KIOSK,50856,"[""all"", ""decaf""]",False,,,ORD-3656,2026-10-03T16:03:12Z
ses-20261008-4072,usr-0223,True,KIOSK,73950,"[""all"", ""tea""]",False,,,ORD-3657,2026-09-28T20:59:30Z
ses-20261008-4073,guest-0150,False,KIOSK,61172,"[""all"", ""smoothie""]",False,,,ORD-3658,2026-09-16T17:58:40Z
ses-20261008-4074,usr-0207,True,KIOSK,66722,"[""all"", ""smoothie"", ""tea""]",False,,,ORD-3659,2026-10-05T17:41:29Z
ses-20261008-4075,usr-0058,True,KIOSK,113022,"[""all"", ""ade""]",True,CART_SHEET,PRICE_HIGH,,2026-09-26T16:49:13Z
ses-20261008-4076,guest-0098,False,KIOSK,59031,"[""all"", ""tea""]",False,,,ORD-3660,2026-09-18T03:19:31Z
ses-20261008-4077,guest-0091,False,KIOSK,75456,"[""all"", ""smoothie""]",False,,,ORD-3661,2026-09-28T01:09:22Z
ses-20261008-4078,usr-0300,True,KIOSK,62939,"[""all"", ""tea"", ""coffee"", ""ade"", ""smoothie""]",False,,,ORD-3662,2026-09-18T22:26:34Z
ses-20261008-4079,guest-0101,False,KIOSK,38574,"[""all"", ""decaf"", ""smoothie"", ""coffee""]",False,,,ORD-3663,2026-09-29T16:20:10Z
ses-20261008-4080,usr-0092,True,KIOSK,26713,"[""all"", ""decaf"", ""tea""]",False,,,ORD-3664,2026-10-06T00:03:23Z
ses-20261008-4081,usr-0197,True,KIOSK,25774,"[""all"", ""decaf"", ""tea""]",False,,,ORD-3665,2026-09-26T23:43:03Z
ses-20261008-4082,guest-0185,False,KIOSK,68358,"[""all"", ""ade"", ""coffee""]",False,,,ORD-3666,2026-09-22T17:29:58Z
ses-20261008-4083,usr-0075,True,KIOSK,79656,"[""all"", ""tea"", ""coffee""]",False,,,ORD-3667,2026-10-06T16:53:03Z
ses-20261008-4084,guest-0180,False,KIOSK,73672,"[""all"", ""tea""]",False,,,ORD-3668,2026-10-05T21:41:17Z
ses-20261008-4085,guest-0023,False,KIOSK,89106,"[""all"", ""coffee""]",True,OPTION_MODAL,TIMEOUT_60S,,2026-10-07T16:26:36Z
ses-20261008-4086,usr-0369,True,KIOSK,22500,"[""all"", ""tea"", ""decaf""]",False,,,ORD-3669,2026-10-07T17:38:11Z
ses-20261008-4087,guest-0156,False,KIOSK,81219,"[""all"", ""coffee""]",False,,,ORD-3670,2026-09-17T21:23:42Z
ses-20261008-4088,usr-0130,True,KIOSK,28249,"[""all"", ""tea"", ""ade""]",False,,,ORD-3671,2026-09-24T00:48:50Z
ses-20261008-4089,guest-0093,False,KIOSK,47791,"[""all"", ""tea""]",False,,,ORD-3672,2026-09-25T01:12:36Z
ses-20261008-4090,guest-0166,False,KIOSK,66273,"[""all"", ""tea""]",False,,,ORD-3673,2026-10-05T22:18:47Z
ses-20261008-4091,usr-0235,True,KIOSK,32261,"[""all"", ""decaf""]",False,,,ORD-3674,2026-09-21T16:28:16Z
ses-20261008-4092,guest-0135,False,KIOSK,80804,"[""all"", ""smoothie""]",False,,,ORD-3675,2026-10-08T20:13:45Z
ses-20261008-4093,guest-0174,False,KIOSK,56452,"[""all"", ""ade""]",False,,,ORD-3676,2026-10-02T23:28:14Z
ses-20261008-4094,guest-0131,False,KIOSK,63095,"[""all"", ""decaf"", ""coffee"", ""tea""]",False,,,ORD-3677,2026-09-19T17:16:47Z
ses-20261008-4095,usr-0146,True,KIOSK,79305,"[""all"", ""coffee""]",False,,,ORD-3678,2026-10-02T21:17:56Z
ses-20261008-4096,guest-0012,False,KIOSK,99000,"[""all"", ""decaf"", ""ade""]",True,OPTION_MODAL,WAIT_TIME_LONG,,2026-09-26T20:55:21Z
ses-20261008-4097,guest-0042,False,KIOSK,79134,"[""all"", ""tea""]",False,,,ORD-3679,2026-09-21T16:56:05Z
ses-20261008-4098,guest-0090,False,KIOSK,44453,"[""all"", ""coffee""]",False,,,ORD-3680,2026-09-27T16:29:33Z
ses-20261008-4099,usr-0250,True,KIOSK,30475,"[""all"", ""coffee"", ""tea"", ""ade""]",False,,,ORD-3681,2026-09-24T02:00:43Z
ses-20261008-4100,usr-0237,True,KIOSK,13007,"[""all"", ""decaf"", ""ade""]",False,,,ORD-3682,2026-10-06T03:02:14Z
ses-20261008-4101,guest-0049,False,KIOSK,61647,"[""all"", ""decaf""]",True,OPTION_MODAL,TIMEOUT_60S,,2026-09-27T22:27:12Z
ses-20261008-4102,usr-0070,True,KIOSK,47247,"[""all"", ""decaf""]",False,,,ORD-3683,2026-09-23T01:49:21Z
ses-20261008-4103,guest-0029,False,KIOSK,77377,"[""all"", ""coffee""]",False,,,ORD-3684,2026-10-03T21:19:47Z
ses-20261008-4104,guest-0055,False,KIOSK,74659,"[""all"", ""coffee"", ""ade""]",False,,,ORD-3685,2026-09-28T22:54:13Z
ses-20261008-4105,usr-0349,True,KIOSK,51800,"[""all"", ""coffee"", ""smoothie""]",False,,,ORD-3686,2026-10-03T16:41:47Z
ses-20261008-4106,guest-0157,False,KIOSK,74762,"[""all"", ""coffee"", ""decaf""]",False,,,ORD-3687,2026-09-17T20:50:01Z
ses-20261008-4107,guest-0199,False,KIOSK,59864,"[""all"", ""decaf""]",False,,,ORD-3688,2026-09-29T23:04:45Z
ses-20261008-4108,guest-0048,False,KIOSK,48250,"[""all"", ""smoothie"", ""tea""]",False,,,ORD-3689,2026-09-26T21:14:14Z
ses-20261008-4109,usr-0041,True,KIOSK,53323,"[""all"", ""tea""]",False,,,ORD-3690,2026-10-04T01:11:56Z
ses-20261008-4110,guest-0040,False,KIOSK,55474,"[""all"", ""ade"", ""decaf""]",False,,,ORD-3691,2026-10-01T23:25:43Z
ses-20261008-4111,guest-0145,False,KIOSK,67390,"[""all"", ""tea""]",True,CART_SHEET,PRICE_HIGH,,2026-09-20T04:59:18Z
ses-20261008-4112,guest-0040,False,KIOSK,54309,"[""all"", ""decaf""]",False,,,ORD-3692,2026-09-30T22:58:12Z
ses-20261008-4113,guest-0011,False,KIOSK,62560,"[""all"", ""tea""]",False,,,ORD-3693,2026-09-16T22:20:24Z
ses-20261008-4114,usr-0335,True,KIOSK,25089,"[""all"", ""decaf"", ""ade""]",False,,,ORD-3694,2026-09-16T17:09:10Z
ses-20261008-4115,guest-0099,False,KIOSK,65036,"[""all"", ""ade""]",False,,,ORD-3695,2026-09-25T17:44:35Z
ses-20261008-4116,guest-0032,False,KIOSK,38845,"[""all"", ""smoothie"", ""ade""]",False,,,ORD-3696,2026-10-05T17:15:19Z
ses-20261008-4117,guest-0031,False,KIOSK,50912,"[""all"", ""tea""]",False,,,ORD-3697,2026-09-17T17:46:00Z
ses-20261008-4118,guest-0151,False,KIOSK,68782,"[""all"", ""decaf"", ""coffee""]",False,,,ORD-3698,2026-09-16T21:35:10Z
ses-20261008-4119,guest-0120,False,KIOSK,91275,"[""all"", ""decaf"", ""ade""]",True,CART_SHEET,TIMEOUT_60S,,2026-09-25T21:51:51Z
ses-20261008-4120,guest-0087,False,KIOSK,67755,"[""all"", ""decaf""]",False,,,ORD-3699,2026-10-05T21:35:28Z
ses-20261008-4121,usr-0240,True,KIOSK,25010,"[""all"", ""decaf"", ""ade"", ""tea""]",False,,,ORD-3700,2026-10-04T21:47:24Z
ses-20261008-4122,guest-0075,False,KIOSK,94937,"[""all"", ""coffee""]",False,,,ORD-3701,2026-09-29T17:26:51Z
ses-20261008-4123,usr-0189,True,KIOSK,54676,"[""all"", ""decaf""]",False,,,ORD-3702,2026-10-01T16:05:22Z
ses-20261008-4124,guest-0076,False,KIOSK,53203,"[""all"", ""ade""]",False,,,ORD-3703,2026-09-23T00:17:37Z
ses-20261008-4125,usr-0365,True,KIOSK,57808,"[""all"", ""ade"", ""coffee"", ""tea"", ""decaf""]",True,CART_SHEET,TIMEOUT_60S,,2026-09-28T20:32:48Z
ses-20261008-4126,guest-0152,False,KIOSK,75822,"[""all"", ""ade"", ""coffee""]",False,,,ORD-3704,2026-09-24T21:48:15Z
ses-20261008-4127,guest-0053,False,KIOSK,71693,"[""all"", ""coffee""]",False,,,ORD-3705,2026-10-08T01:51:29Z
ses-20261008-4128,guest-0197,False,KIOSK,80264,"[""all"", ""ade""]",False,,,ORD-3706,2026-09-23T16:52:48Z
ses-20261008-4129,guest-0078,False,KIOSK,74500,"[""all"", ""coffee""]",False,,,ORD-3707,2026-09-22T17:57:37Z
ses-20261008-4130,guest-0098,False,KIOSK,32150,"[""all"", ""decaf"", ""coffee"", ""tea""]",False,,,ORD-3708,2026-09-23T23:25:00Z
ses-20261008-4131,guest-0072,False,KIOSK,45506,"[""all"", ""ade"", ""coffee""]",False,,,ORD-3709,2026-09-29T21:37:49Z
ses-20261008-4132,usr-0387,True,KIOSK,60321,"[""all"", ""decaf""]",False,,,ORD-3710,2026-10-05T20:29:10Z
ses-20261008-4133,guest-0023,False,KIOSK,68560,"[""all"", ""smoothie""]",False,,,ORD-3711,2026-09-25T21:16:40Z
ses-20261008-4134,guest-0146,False,KIOSK,56158,"[""all"", ""ade"", ""tea"", ""decaf""]",False,,,ORD-3712,2026-09-29T17:31:10Z
ses-20261008-4135,usr-0097,True,KIOSK,56365,"[""all"", ""decaf"", ""smoothie""]",False,,,ORD-3713,2026-09-18T17:40:02Z
ses-20261008-4136,guest-0065,False,KIOSK,72502,"[""all"", ""coffee""]",True,OPTION_MODAL,PRICE_HIGH,,2026-09-19T17:55:16Z
ses-20261008-4137,usr-0204,True,KIOSK,59388,"[""all"", ""smoothie"", ""ade""]",False,,,ORD-3714,2026-10-06T22:43:42Z
ses-20261008-4138,guest-0183,False,KIOSK,62085,"[""all"", ""ade"", ""tea""]",False,,,ORD-3715,2026-10-07T02:55:24Z
ses-20261008-4139,usr-0109,True,KIOSK,25335,"[""all"", ""decaf""]",False,,,ORD-3716,2026-09-25T17:28:14Z
ses-20261008-4140,usr-0159,True,KIOSK,85488,"[""all"", ""ade"", ""smoothie"", ""decaf""]",False,,,ORD-3717,2026-09-25T17:45:55Z
ses-20261008-4141,usr-0216,True,KIOSK,100741,"[""all"", ""decaf"", ""ade""]",True,CART_SHEET,WAIT_TIME_LONG,,2026-10-02T03:33:56Z
ses-20261008-4142,guest-0132,False,KIOSK,82716,"[""all"", ""tea""]",False,,,ORD-3718,2026-09-30T16:09:14Z
ses-20261008-4143,usr-0363,True,KIOSK,90547,"[""all"", ""coffee""]",True,CART_SHEET,WAIT_TIME_LONG,,2026-09-16T21:48:52Z
ses-20261008-4144,usr-0078,True,KIOSK,59969,"[""all"", ""smoothie""]",False,,,ORD-3719,2026-09-16T22:04:48Z
ses-20261008-4145,guest-0150,False,KIOSK,44807,"[""all"", ""smoothie"", ""coffee"", ""ade""]",False,,,ORD-3720,2026-10-05T16:37:41Z
ses-20261008-4146,guest-0169,False,KIOSK,47075,"[""all"", ""ade"", ""decaf"", ""tea""]",False,,,ORD-3721,2026-09-20T17:44:22Z
ses-20261008-4147,guest-0171,False,KIOSK,58655,"[""all"", ""coffee"", ""smoothie"", ""ade""]",False,,,ORD-3722,2026-09-26T16:44:07Z
ses-20261008-4148,guest-0114,False,KIOSK,50625,"[""all"", ""tea""]",False,,,ORD-3723,2026-09-17T21:16:07Z
ses-20261008-4149,usr-0064,True,KIOSK,58574,"[""all"", ""coffee"", ""smoothie""]",False,,,ORD-3724,2026-09-20T20:29:00Z
ses-20261008-4150,guest-0151,False,KIOSK,52843,"[""all"", ""coffee"", ""smoothie""]",False,,,ORD-3725,2026-09-18T17:08:50Z
ses-20261008-4151,guest-0091,False,KIOSK,111825,"[""all"", ""coffee"", ""smoothie""]",True,CART_SHEET,PRICE_HIGH,,2026-09-15T21:02:49Z
ses-20261008-4152,guest-0097,False,KIOSK,64650,"[""all"", ""ade""]",False,,,ORD-3726,2026-09-15T17:05:55Z
ses-20261008-4153,guest-0012,False,KIOSK,38036,"[""all"", ""decaf"", ""smoothie"", ""ade"", ""tea""]",False,,,ORD-3727,2026-09-29T17:27:11Z
ses-20261008-4154,guest-0087,False,KIOSK,75935,"[""all"", ""decaf"", ""smoothie""]",False,,,ORD-3728,2026-09-20T16:37:05Z
ses-20261008-4155,guest-0179,False,KIOSK,43175,"[""all"", ""tea""]",False,,,ORD-3729,2026-09-20T20:15:49Z
ses-20261008-4156,usr-0299,True,KIOSK,46283,"[""all"", ""smoothie"", ""coffee""]",False,,,ORD-3730,2026-09-27T21:34:19Z
ses-20261008-4157,usr-0214,True,KIOSK,54820,"[""all"", ""ade"", ""tea""]",False,,,ORD-3731,2026-09-18T21:10:17Z
ses-20261008-4158,guest-0110,False,KIOSK,64617,"[""all"", ""coffee"", ""ade""]",False,,,ORD-3732,2026-09-24T21:31:04Z
ses-20261008-4159,usr-0086,True,KIOSK,35531,"[""all"", ""coffee""]",False,,,ORD-3733,2026-10-03T17:02:38Z
ses-20261008-4160,guest-0086,False,KIOSK,57688,"[""all"", ""tea"", ""smoothie"", ""coffee""]",False,,,ORD-3734,2026-09-30T22:46:47Z
ses-20261008-4161,usr-0354,True,KIOSK,29635,"[""all"", ""coffee""]",False,,,ORD-3735,2026-10-03T21:37:35Z
ses-20261008-4162,usr-0056,True,KIOSK,88864,"[""all"", ""decaf""]",False,,,ORD-3736,2026-09-17T21:15:46Z
ses-20261008-4163,guest-0149,False,KIOSK,58553,"[""all"", ""decaf"", ""tea""]",False,,,ORD-3737,2026-10-03T01:16:26Z
ses-20261008-4164,guest-0010,False,KIOSK,35182,"[""all"", ""decaf""]",False,,,ORD-3738,2026-09-29T03:33:41Z
ses-20261008-4165,guest-0149,False,KIOSK,42760,"[""all"", ""decaf"", ""coffee""]",False,,,ORD-3739,2026-10-05T20:57:27Z
ses-20261008-4166,guest-0142,False,KIOSK,53182,"[""all"", ""tea"", ""smoothie"", ""decaf"", ""ade""]",False,,,ORD-3740,2026-10-07T17:13:46Z
ses-20261008-4167,usr-0084,True,KIOSK,70996,"[""all"", ""ade"", ""smoothie""]",False,,,ORD-3741,2026-09-29T21:00:57Z
ses-20261008-4168,guest-0182,False,KIOSK,33879,"[""all"", ""ade""]",False,,,ORD-3742,2026-10-08T00:39:42Z
ses-20261008-4169,guest-0113,False,KIOSK,69596,"[""all"", ""ade"", ""coffee""]",False,,,ORD-3743,2026-09-22T21:38:36Z
ses-20261008-4170,guest-0042,False,KIOSK,98913,"[""all"", ""tea"", ""decaf"", ""ade"", ""coffee""]",True,OPTION_MODAL,PRICE_HIGH,,2026-09-18T03:12:44Z
ses-20261008-4171,guest-0074,False,KIOSK,38085,"[""all"", ""coffee"", ""decaf""]",False,,,ORD-3744,2026-10-07T23:17:50Z
ses-20261008-4172,usr-0155,True,KIOSK,51135,"[""all"", ""tea""]",False,,,ORD-3745,2026-09-27T21:26:52Z
ses-20261008-4173,guest-0041,False,KIOSK,50261,"[""all"", ""decaf"", ""coffee""]",False,,,ORD-3746,2026-09-23T00:33:29Z
ses-20261008-4174,usr-0231,True,KIOSK,86559,"[""all"", ""decaf""]",True,OPTION_MODAL,PRICE_HIGH,,2026-09-21T16:58:42Z
ses-20261008-4175,guest-0048,False,KIOSK,66880,"[""all"", ""smoothie"", ""coffee"", ""ade""]",False,,,ORD-3747,2026-10-05T01:32:49Z
ses-20261008-4176,guest-0142,False,KIOSK,25241,"[""all"", ""smoothie"", ""decaf"", ""coffee"", ""tea""]",False,,,ORD-3748,2026-09-28T21:30:20Z
ses-20261008-4177,guest-0197,False,KIOSK,53287,"[""all"", ""tea""]",False,,,ORD-3749,2026-09-28T16:27:57Z
ses-20261008-4178,guest-0103,False,KIOSK,79291,"[""all"", ""smoothie"", ""coffee"", ""tea""]",False,,,ORD-3750,2026-10-04T01:56:25Z
ses-20261008-4179,guest-0166,False,KIOSK,62504,"[""all"", ""coffee"", ""tea""]",False,,,ORD-3751,2026-09-27T20:49:02Z
ses-20261008-4180,guest-0121,False,KIOSK,56157,"[""all"", ""coffee""]",False,,,ORD-3752,2026-10-04T21:58:08Z
ses-20261008-4181,guest-0190,False,KIOSK,89063,"[""all"", ""decaf""]",False,,,ORD-3753,2026-10-03T17:42:29Z
ses-20261008-4182,usr-0090,True,KIOSK,70428,"[""all"", ""smoothie"", ""decaf""]",True,CART_SHEET,PRICE_HIGH,,2026-09-18T20:44:27Z
ses-20261008-4183,usr-0230,True,KIOSK,79745,"[""all"", ""tea""]",False,,,ORD-3754,2026-10-04T16:08:35Z
ses-20261008-4184,usr-0001,True,KIOSK,58154,"[""all"", ""decaf""]",False,,,ORD-3755,2026-10-05T16:19:22Z
ses-20261008-4185,guest-0124,False,KIOSK,57672,"[""all"", ""tea"", ""ade""]",False,,,ORD-3756,2026-09-16T16:06:01Z
ses-20261008-4186,guest-0079,False,KIOSK,67817,"[""all"", ""decaf"", ""ade""]",False,,,ORD-3757,2026-10-04T21:43:29Z
ses-20261008-4187,guest-0033,False,KIOSK,56082,"[""all"", ""tea"", ""decaf""]",False,,,ORD-3758,2026-09-25T21:28:10Z
ses-20261008-4188,guest-0032,False,KIOSK,62031,"[""all"", ""smoothie"", ""tea""]",False,,,ORD-3759,2026-10-02T21:28:17Z
ses-20261008-4189,guest-0140,False,KIOSK,49480,"[""all"", ""coffee"", ""tea""]",False,,,ORD-3760,2026-09-29T17:34:22Z
ses-20261008-4190,guest-0025,False,KIOSK,86190,"[""all"", ""coffee"", ""smoothie""]",False,,,ORD-3761,2026-10-09T04:53:06Z
ses-20261008-4191,guest-0154,False,KIOSK,38117,"[""all"", ""coffee"", ""ade"", ""smoothie""]",False,,,ORD-3762,2026-10-02T01:39:52Z
ses-20261008-4192,usr-0034,True,KIOSK,70965,"[""all"", ""decaf"", ""coffee""]",False,,,ORD-3763,2026-09-28T02:08:15Z
ses-20261008-4193,guest-0127,False,KIOSK,60944,"[""all"", ""tea""]",False,,,ORD-3764,2026-09-20T23:52:31Z
ses-20261008-4194,guest-0114,False,KIOSK,49005,"[""all"", ""tea"", ""coffee"", ""ade""]",False,,,ORD-3765,2026-09-21T17:47:26Z
ses-20261008-4195,guest-0034,False,KIOSK,75546,"[""all"", ""ade""]",False,,,ORD-3766,2026-09-18T20:24:42Z
ses-20261008-4196,guest-0032,False,KIOSK,41305,"[""all"", ""decaf"", ""smoothie""]",False,,,ORD-3767,2026-10-07T17:26:40Z
ses-20261008-4197,usr-0048,True,KIOSK,53766,"[""all"", ""tea"", ""coffee"", ""smoothie""]",False,,,ORD-3768,2026-09-17T04:15:41Z
ses-20261008-4198,guest-0046,False,KIOSK,76348,"[""all"", ""tea"", ""coffee""]",False,,,ORD-3769,2026-09-21T21:14:28Z
ses-20261008-4199,guest-0058,False,KIOSK,57170,"[""all"", ""ade"", ""decaf""]",False,,,ORD-3770,2026-09-21T21:47:45Z
ses-20261008-4200,guest-0145,False,KIOSK,45533,"[""all"", ""tea"", ""smoothie""]",False,,,ORD-3771,2026-10-02T04:06:01Z
ses-20261008-4201,guest-0088,False,KIOSK,58655,"[""all"", ""ade"", ""tea"", ""smoothie""]",False,,,ORD-3772,2026-10-07T16:09:54Z
ses-20261008-4202,usr-0257,True,KIOSK,46208,"[""all"", ""decaf"", ""smoothie""]",False,,,ORD-3773,2026-09-18T17:39:54Z
ses-20261008-4203,guest-0066,False,KIOSK,49269,"[""all"", ""ade"", ""decaf"", ""tea""]",False,,,ORD-3774,2026-10-01T21:21:36Z
ses-20261008-4204,usr-0255,True,KIOSK,24471,"[""all"", ""tea""]",False,,,ORD-3775,2026-09-22T03:17:07Z
ses-20261008-4205,guest-0169,False,KIOSK,61962,"[""all"", ""coffee"", ""decaf""]",False,,,ORD-3776,2026-09-20T20:11:46Z
ses-20261008-4206,guest-0046,False,KIOSK,62930,"[""all"", ""coffee"", ""tea""]",False,,,ORD-3777,2026-10-07T21:22:11Z
ses-20261008-4207,guest-0189,False,KIOSK,65636,"[""all"", ""decaf""]",False,,,ORD-3778,2026-09-25T17:35:52Z
ses-20261008-4208,usr-0265,True,KIOSK,87911,"[""all"", ""coffee"", ""ade"", ""decaf""]",False,,,ORD-3779,2026-09-21T20:45:19Z
ses-20261008-4209,guest-0027,False,KIOSK,66138,"[""all"", ""coffee"", ""smoothie"", ""ade""]",False,,,ORD-3780,2026-09-28T16:38:33Z
ses-20261008-4210,usr-0214,True,KIOSK,62403,"[""all"", ""smoothie"", ""coffee""]",False,,,ORD-3781,2026-09-23T17:19:57Z
ses-20261008-4211,usr-0352,True,KIOSK,18713,"[""all"", ""tea""]",False,,,ORD-3782,2026-09-19T16:54:31Z
ses-20261008-4212,guest-0102,False,KIOSK,64584,"[""all"", ""smoothie""]",False,,,ORD-3783,2026-09-18T16:07:50Z
ses-20261008-4213,usr-0320,True,KIOSK,28144,"[""all"", ""smoothie"", ""ade""]",False,,,ORD-3784,2026-10-01T17:47:32Z
ses-20261008-4214,guest-0136,False,KIOSK,70919,"[""all"", ""coffee""]",False,,,ORD-3785,2026-10-08T23:15:53Z
ses-20261008-4215,guest-0073,False,KIOSK,57226,"[""all"", ""decaf""]",False,,,ORD-3786,2026-09-28T23:10:05Z
ses-20261008-4216,usr-0303,True,KIOSK,63120,"[""all"", ""coffee"", ""smoothie""]",False,,,ORD-3787,2026-10-05T16:44:54Z
ses-20261008-4217,guest-0079,False,KIOSK,55362,"[""all"", ""coffee""]",False,,,ORD-3788,2026-09-23T02:06:48Z
ses-20261008-4218,guest-0040,False,KIOSK,67430,"[""all"", ""tea""]",False,,,ORD-3789,2026-10-01T21:44:26Z
ses-20261008-4219,guest-0127,False,KIOSK,61384,"[""all"", ""tea"", ""decaf""]",False,,,ORD-3790,2026-09-22T21:48:37Z
ses-20261008-4220,guest-0141,False,KIOSK,80424,"[""all"", ""smoothie""]",False,,,ORD-3791,2026-09-16T21:24:48Z
ses-20261008-4221,guest-0186,False,KIOSK,46995,"[""all"", ""coffee"", ""decaf"", ""tea""]",False,,,ORD-3792,2026-09-20T17:04:49Z
ses-20261008-4222,usr-0099,True,KIOSK,33759,"[""all"", ""smoothie""]",False,,,ORD-3793,2026-10-06T20:21:49Z
ses-20261008-4223,usr-0177,True,KIOSK,28581,"[""all"", ""coffee""]",False,,,ORD-3794,2026-09-19T04:26:29Z
ses-20261008-4224,guest-0104,False,KIOSK,69779,"[""all"", ""smoothie""]",False,,,ORD-3795,2026-09-20T00:47:55Z
ses-20261008-4225,guest-0194,False,KIOSK,74868,"[""all"", ""coffee"", ""decaf""]",False,,,ORD-3796,2026-10-09T04:08:58Z
ses-20261008-4226,usr-0144,True,KIOSK,74404,"[""all"", ""decaf"", ""tea"", ""smoothie""]",False,,,ORD-3797,2026-09-15T20:47:54Z
ses-20261008-4227,guest-0183,False,KIOSK,73185,"[""all"", ""tea""]",False,,,ORD-3798,2026-10-04T02:28:36Z
ses-20261008-4228,guest-0132,False,KIOSK,57742,"[""all"", ""smoothie""]",True,OPTION_MODAL,PRICE_HIGH,,2026-09-27T00:54:14Z
ses-20261008-4229,guest-0170,False,KIOSK,75280,"[""all"", ""decaf""]",False,,,ORD-3799,2026-09-17T02:58:29Z
ses-20261008-4230,guest-0124,False,KIOSK,52759,"[""all"", ""coffee""]",False,,,ORD-3800,2026-09-27T03:18:20Z
ses-20261008-4231,guest-0018,False,KIOSK,67536,"[""all"", ""coffee"", ""decaf"", ""ade"", ""tea""]",False,,,ORD-3801,2026-09-29T21:44:43Z
ses-20261008-4232,guest-0088,False,KIOSK,80158,"[""all"", ""tea""]",True,CART_SHEET,WAIT_TIME_LONG,,2026-10-06T17:11:27Z
ses-20261008-4233,usr-0187,True,KIOSK,46430,"[""all"", ""tea""]",False,,,ORD-3802,2026-09-30T16:35:39Z
ses-20261008-4234,guest-0060,False,KIOSK,72424,"[""all"", ""ade""]",False,,,ORD-3803,2026-10-01T16:21:26Z
ses-20261008-4235,guest-0166,False,KIOSK,61936,"[""all"", ""smoothie""]",False,,,ORD-3804,2026-09-19T21:58:39Z
ses-20261008-4236,guest-0174,False,KIOSK,44107,"[""all"", ""tea"", ""smoothie""]",False,,,ORD-3805,2026-10-05T21:31:27Z
ses-20261008-4237,guest-0059,False,KIOSK,72991,"[""all"", ""tea""]",False,,,ORD-3806,2026-09-22T20:25:58Z
ses-20261008-4238,usr-0087,True,KIOSK,49108,"[""all"", ""decaf""]",False,,,ORD-3807,2026-09-20T21:29:01Z
ses-20261008-4239,guest-0155,False,KIOSK,66822,"[""all"", ""ade"", ""decaf""]",False,,,ORD-3808,2026-10-07T16:56:05Z
ses-20261008-4240,guest-0154,False,KIOSK,85815,"[""all"", ""coffee"", ""ade""]",True,PAY_POPUP,WAIT_TIME_LONG,,2026-09-20T20:08:44Z
ses-20261008-4241,guest-0194,False,KIOSK,70820,"[""all"", ""tea"", ""ade"", ""decaf""]",False,,,ORD-3809,2026-09-23T20:45:08Z
ses-20261008-4242,usr-0208,True,KIOSK,91007,"[""all"", ""decaf"", ""smoothie""]",False,,,ORD-3810,2026-10-07T16:29:49Z
ses-20261008-4243,guest-0117,False,KIOSK,66080,"[""all"", ""smoothie""]",False,,,ORD-3811,2026-10-08T17:09:29Z
ses-20261008-4244,guest-0114,False,KIOSK,64961,"[""all"", ""tea""]",False,,,ORD-3812,2026-09-22T20:59:31Z
ses-20261008-4245,guest-0029,False,KIOSK,80919,"[""all"", ""ade"", ""decaf"", ""tea""]",True,OPTION_MODAL,PRICE_HIGH,,2026-09-15T20:52:15Z
ses-20261008-4246,guest-0127,False,KIOSK,84908,"[""all"", ""coffee"", ""ade""]",False,,,ORD-3813,2026-10-06T20:44:42Z
ses-20261008-4247,guest-0026,False,KIOSK,35871,"[""all"", ""smoothie"", ""ade"", ""decaf""]",False,,,ORD-3814,2026-10-06T00:50:27Z
ses-20261008-4248,usr-0268,True,KIOSK,30963,"[""all"", ""decaf"", ""smoothie""]",False,,,ORD-3815,2026-09-25T20:34:07Z
ses-20261008-4249,usr-0013,True,KIOSK,45157,"[""all"", ""tea""]",False,,,ORD-3816,2026-10-07T04:45:05Z
ses-20261008-4250,usr-0085,True,KIOSK,58113,"[""all"", ""tea""]",False,,,ORD-3817,2026-10-04T20:33:24Z
ses-20261008-4251,guest-0101,False,KIOSK,47943,"[""all"", ""smoothie"", ""decaf""]",False,,,ORD-3818,2026-09-25T16:24:40Z
ses-20261008-4252,guest-0158,False,KIOSK,41611,"[""all"", ""tea""]",False,,,ORD-3819,2026-09-15T17:57:26Z
ses-20261008-4253,guest-0015,False,KIOSK,61737,"[""all"", ""ade""]",False,,,ORD-3820,2026-09-27T00:10:45Z
ses-20261008-4254,guest-0145,False,KIOSK,43982,"[""all"", ""coffee""]",False,,,ORD-3821,2026-09-21T01:49:51Z
ses-20261008-4255,guest-0047,False,KIOSK,67951,"[""all"", ""smoothie""]",False,,,ORD-3822,2026-10-06T16:34:07Z
ses-20261008-4256,guest-0164,False,KIOSK,27390,"[""all"", ""smoothie""]",False,,,ORD-3823,2026-09-25T17:37:07Z
ses-20261008-4257,usr-0086,True,KIOSK,24063,"[""all"", ""ade""]",False,,,ORD-3824,2026-09-22T17:58:26Z
ses-20261008-4258,guest-0101,False,KIOSK,38581,"[""all"", ""tea""]",False,,,ORD-3825,2026-09-25T16:49:06Z
ses-20261008-4259,guest-0121,False,KIOSK,99583,"[""all"", ""ade""]",True,CART_SHEET,TIMEOUT_60S,,2026-10-01T04:05:03Z
ses-20261008-4260,usr-0072,True,KIOSK,64571,"[""all"", ""ade"", ""smoothie"", ""tea""]",False,,,ORD-3826,2026-09-18T20:28:08Z
ses-20261008-4261,usr-0021,True,KIOSK,63085,"[""all"", ""ade""]",False,,,ORD-3827,2026-09-21T04:12:52Z
ses-20261008-4262,guest-0157,False,KIOSK,40980,"[""all"", ""decaf""]",False,,,ORD-3828,2026-09-23T22:55:09Z
ses-20261008-4263,guest-0034,False,KIOSK,66395,"[""all"", ""coffee"", ""tea"", ""decaf"", ""ade""]",False,,,ORD-3829,2026-09-17T21:26:31Z
ses-20261008-4264,guest-0007,False,KIOSK,65887,"[""all"", ""ade""]",False,,,ORD-3830,2026-09-30T23:04:20Z
ses-20261008-4265,guest-0148,False,KIOSK,37402,"[""all"", ""coffee""]",False,,,ORD-3831,2026-10-06T22:56:12Z
ses-20261008-4266,guest-0051,False,KIOSK,63874,"[""all"", ""coffee"", ""ade"", ""smoothie""]",False,,,ORD-3832,2026-10-06T16:36:00Z
ses-20261008-4267,guest-0085,False,KIOSK,62255,"[""all"", ""coffee"", ""smoothie"", ""tea"", ""ade""]",False,,,ORD-3833,2026-09-27T20:13:32Z
ses-20261008-4268,guest-0071,False,KIOSK,48795,"[""all"", ""ade"", ""coffee"", ""tea""]",False,,,ORD-3834,2026-10-08T17:50:57Z
ses-20261008-4269,guest-0116,False,KIOSK,52623,"[""all"", ""decaf"", ""smoothie""]",False,,,ORD-3835,2026-10-03T20:16:04Z
ses-20261008-4270,guest-0187,False,KIOSK,73873,"[""all"", ""tea"", ""coffee"", ""decaf"", ""ade""]",False,,,ORD-3836,2026-09-22T20:21:56Z
ses-20261008-4271,guest-0077,False,KIOSK,47885,"[""all"", ""coffee"", ""ade"", ""decaf""]",False,,,ORD-3837,2026-10-03T17:08:32Z
ses-20261008-4272,guest-0196,False,KIOSK,80351,"[""all"", ""ade"", ""decaf""]",True,OPTION_MODAL,PRICE_HIGH,,2026-09-26T01:22:26Z
ses-20261008-4273,guest-0047,False,KIOSK,58514,"[""all"", ""smoothie"", ""decaf"", ""tea""]",False,,,ORD-3838,2026-09-25T23:09:44Z
ses-20261008-4274,guest-0021,False,KIOSK,46265,"[""all"", ""smoothie"", ""decaf""]",False,,,ORD-3839,2026-10-01T21:47:54Z
ses-20261008-4275,guest-0026,False,KIOSK,45619,"[""all"", ""coffee""]",False,,,ORD-3840,2026-10-07T02:56:16Z
ses-20261008-4276,usr-0120,True,KIOSK,22119,"[""all"", ""coffee"", ""smoothie"", ""ade""]",False,,,ORD-3841,2026-10-08T16:59:50Z
ses-20261008-4277,usr-0218,True,KIOSK,31923,"[""all"", ""decaf"", ""smoothie""]",False,,,ORD-3842,2026-09-22T21:38:07Z
ses-20261008-4278,guest-0034,False,KIOSK,47480,"[""all"", ""tea""]",False,,,ORD-3843,2026-09-20T04:30:54Z
ses-20261008-4279,guest-0132,False,KIOSK,57909,"[""all"", ""coffee""]",False,,,ORD-3844,2026-09-18T02:07:40Z
ses-20261008-4280,guest-0163,False,KIOSK,72190,"[""all"", ""ade""]",False,,,ORD-3845,2026-09-25T21:44:42Z
ses-20261008-4281,usr-0161,True,KIOSK,53555,"[""all"", ""decaf""]",False,,,ORD-3846,2026-10-03T17:33:27Z
ses-20261008-4282,guest-0080,False,KIOSK,61790,"[""all"", ""decaf"", ""coffee""]",False,,,ORD-3847,2026-09-25T17:26:05Z
ses-20261008-4283,usr-0370,True,KIOSK,68267,"[""all"", ""ade"", ""decaf""]",False,,,ORD-3848,2026-09-15T22:56:53Z
ses-20261008-4284,guest-0200,False,KIOSK,97202,"[""all"", ""ade"", ""smoothie""]",True,CART_SHEET,WAIT_TIME_LONG,,2026-09-29T20:27:14Z
ses-20261008-4285,guest-0042,False,KIOSK,83888,"[""all"", ""tea"", ""smoothie""]",False,,,ORD-3849,2026-10-07T17:54:38Z
ses-20261008-4286,usr-0186,True,KIOSK,85905,"[""all"", ""coffee"", ""decaf""]",False,,,ORD-3850,2026-09-23T01:10:17Z
ses-20261008-4287,guest-0187,False,KIOSK,41188,"[""all"", ""decaf""]",False,,,ORD-3851,2026-10-06T22:33:33Z
ses-20261008-4288,guest-0188,False,KIOSK,67994,"[""all"", ""tea"", ""decaf""]",False,,,ORD-3852,2026-09-28T20:39:53Z
ses-20261008-4289,usr-0045,True,KIOSK,24403,"[""all"", ""smoothie""]",False,,,ORD-3853,2026-09-22T22:23:41Z
ses-20261008-4290,guest-0046,False,KIOSK,65955,"[""all"", ""ade"", ""smoothie""]",False,,,ORD-3854,2026-09-17T21:11:03Z
ses-20261008-4291,usr-0167,True,KIOSK,48925,"[""all"", ""decaf"", ""smoothie""]",False,,,ORD-3855,2026-09-18T20:52:40Z
ses-20261008-4292,usr-0298,True,KIOSK,66955,"[""all"", ""smoothie"", ""decaf""]",True,OPTION_MODAL,PRICE_HIGH,,2026-09-30T22:46:25Z
ses-20261008-4293,usr-0373,True,KIOSK,71761,"[""all"", ""tea"", ""smoothie""]",True,CART_SHEET,WAIT_TIME_LONG,,2026-09-18T17:47:50Z
ses-20261008-4294,guest-0104,False,KIOSK,86523,"[""all"", ""smoothie""]",True,CART_SHEET,TIMEOUT_60S,,2026-10-08T16:49:51Z
ses-20261008-4295,guest-0195,False,KIOSK,64743,"[""all"", ""ade"", ""smoothie""]",False,,,ORD-3856,2026-09-15T20:07:48Z
ses-20261008-4296,guest-0097,False,KIOSK,67941,"[""all"", ""decaf"", ""smoothie"", ""tea""]",False,,,ORD-3857,2026-09-27T17:09:03Z
ses-20261008-4297,guest-0001,False,KIOSK,54652,"[""all"", ""ade""]",False,,,ORD-3858,2026-10-03T22:25:30Z
ses-20261008-4298,guest-0134,False,KIOSK,77875,"[""all"", ""ade"", ""smoothie""]",False,,,ORD-3859,2026-10-08T16:21:59Z
ses-20261008-4299,usr-0359,True,KIOSK,90079,"[""all"", ""coffee"", ""tea""]",False,,,ORD-3860,2026-09-22T21:49:28Z
ses-20261008-4300,guest-0073,False,KIOSK,92825,"[""all"", ""tea"", ""ade""]",False,,,ORD-3861,2026-10-04T17:23:36Z
ses-20261008-4301,guest-0061,False,KIOSK,63393,"[""all"", ""ade""]",False,,,ORD-3862,2026-10-01T00:15:19Z
ses-20261008-4302,guest-0051,False,KIOSK,54501,"[""all"", ""decaf"", ""tea""]",False,,,ORD-3863,2026-09-21T17:52:23Z
ses-20261008-4303,guest-0168,False,KIOSK,60181,"[""all"", ""decaf""]",False,,,ORD-3864,2026-09-23T16:20:06Z
ses-20261008-4304,guest-0180,False,KIOSK,89654,"[""all"", ""decaf"", ""ade"", ""coffee"", ""tea""]",True,OPTION_MODAL,PRICE_HIGH,,2026-09-26T16:08:04Z
ses-20261008-4305,guest-0004,False,KIOSK,77443,"[""all"", ""coffee""]",False,,,ORD-3865,2026-09-29T20:19:14Z
ses-20261008-4306,usr-0196,True,KIOSK,62673,"[""all"", ""tea""]",False,,,ORD-3866,2026-10-03T02:43:18Z
ses-20261008-4307,guest-0093,False,KIOSK,59346,"[""all"", ""decaf"", ""smoothie""]",False,,,ORD-3867,2026-09-22T21:25:29Z
ses-20261008-4308,guest-0121,False,KIOSK,71643,"[""all"", ""coffee"", ""decaf"", ""ade""]",False,,,ORD-3868,2026-09-27T17:07:19Z
ses-20261008-4309,guest-0047,False,KIOSK,61930,"[""all"", ""tea"", ""smoothie""]",False,,,ORD-3869,2026-09-15T20:53:12Z
ses-20261008-4310,guest-0122,False,KIOSK,81637,"[""all"", ""tea"", ""coffee""]",False,,,ORD-3870,2026-10-01T21:45:48Z
ses-20261008-4311,usr-0140,True,KIOSK,75254,"[""all"", ""coffee""]",False,,,ORD-3871,2026-10-03T16:57:19Z
ses-20261008-4312,usr-0287,True,KIOSK,70308,"[""all"", ""coffee""]",False,,,ORD-3872,2026-09-30T20:58:12Z
ses-20261008-4313,guest-0016,False,KIOSK,85947,"[""all"", ""coffee"", ""tea""]",False,,,ORD-3873,2026-09-21T23:32:26Z
ses-20261008-4314,guest-0050,False,KIOSK,85126,"[""all"", ""smoothie"", ""coffee"", ""ade"", ""tea""]",False,,,ORD-3874,2026-09-20T23:58:10Z
ses-20261008-4315,guest-0041,False,KIOSK,34160,"[""all"", ""tea""]",False,,,ORD-3875,2026-09-27T17:36:28Z
ses-20261008-4316,guest-0069,False,KIOSK,72075,"[""all"", ""smoothie""]",True,CART_SHEET,TIMEOUT_60S,,2026-09-30T02:08:10Z
ses-20261008-4317,usr-0184,True,KIOSK,78545,"[""all"", ""smoothie""]",False,,,ORD-3876,2026-09-19T21:22:12Z
ses-20261008-4318,guest-0084,False,KIOSK,44137,"[""all"", ""decaf""]",False,,,ORD-3877,2026-09-23T17:55:58Z
ses-20261008-4319,guest-0140,False,KIOSK,55921,"[""all"", ""tea"", ""ade""]",False,,,ORD-3878,2026-09-23T21:40:33Z
ses-20261008-4320,usr-0343,True,KIOSK,72079,"[""all"", ""tea""]",False,,,ORD-3879,2026-10-01T17:49:15Z
ses-20261008-4321,usr-0051,True,KIOSK,59337,"[""all"", ""smoothie"", ""tea""]",False,,,ORD-3880,2026-10-06T17:13:35Z
ses-20261008-4322,usr-0278,True,KIOSK,28917,"[""all"", ""smoothie"", ""tea"", ""decaf"", ""coffee""]",False,,,ORD-3881,2026-09-17T20:14:30Z
ses-20261008-4323,guest-0082,False,KIOSK,81476,"[""all"", ""coffee""]",False,,,ORD-3882,2026-09-23T21:07:54Z
ses-20261008-4324,usr-0204,True,KIOSK,70485,"[""all"", ""ade""]",False,,,ORD-3883,2026-09-22T17:20:36Z
ses-20261008-4325,usr-0324,True,KIOSK,80095,"[""all"", ""decaf"", ""smoothie"", ""tea""]",False,,,ORD-3884,2026-10-08T01:15:10Z
ses-20261008-4326,guest-0090,False,KIOSK,95438,"[""all"", ""smoothie"", ""decaf""]",False,,,ORD-3885,2026-09-22T04:55:47Z
ses-20261008-4327,guest-0189,False,KIOSK,76817,"[""all"", ""ade"", ""smoothie""]",False,,,ORD-3886,2026-09-17T16:09:18Z
ses-20261008-4328,guest-0081,False,KIOSK,65307,"[""all"", ""tea"", ""decaf""]",True,CART_SHEET,WAIT_TIME_LONG,,2026-09-17T04:17:47Z
ses-20261008-4329,usr-0289,True,KIOSK,44418,"[""all"", ""ade"", ""decaf""]",False,,,ORD-3887,2026-09-22T17:21:42Z
ses-20261008-4330,usr-0383,True,KIOSK,79473,"[""all"", ""coffee""]",True,CART_SHEET,WAIT_TIME_LONG,,2026-09-29T20:49:33Z
ses-20261008-4331,usr-0114,True,KIOSK,61875,"[""all"", ""coffee""]",False,,,ORD-3888,2026-10-05T20:01:22Z
ses-20261008-4332,usr-0223,True,KIOSK,60889,"[""all"", ""ade"", ""smoothie"", ""coffee"", ""tea""]",False,,,ORD-3889,2026-10-07T21:16:02Z
ses-20261008-4333,usr-0242,True,KIOSK,68547,"[""all"", ""smoothie"", ""decaf""]",False,,,ORD-3890,2026-09-26T21:32:03Z
ses-20261008-4334,guest-0056,False,KIOSK,98510,"[""all"", ""tea"", ""ade""]",True,OPTION_MODAL,WAIT_TIME_LONG,,2026-10-03T21:07:55Z
ses-20261008-4335,usr-0041,True,KIOSK,40487,"[""all"", ""coffee"", ""decaf""]",False,,,ORD-3891,2026-09-27T23:20:23Z
ses-20261008-4336,usr-0222,True,KIOSK,63128,"[""all"", ""tea""]",False,,,ORD-3892,2026-09-15T20:00:43Z
ses-20261008-4337,usr-0017,True,KIOSK,25796,"[""all"", ""smoothie"", ""decaf""]",False,,,ORD-3893,2026-10-03T21:15:12Z
ses-20261008-4338,guest-0054,False,KIOSK,77896,"[""all"", ""decaf"", ""smoothie""]",False,,,ORD-3894,2026-10-01T17:06:44Z
ses-20261008-4339,guest-0076,False,KIOSK,71725,"[""all"", ""ade""]",False,,,ORD-3895,2026-09-29T17:44:07Z
ses-20261008-4340,guest-0105,False,KIOSK,88217,"[""all"", ""decaf"", ""smoothie"", ""ade"", ""tea""]",True,PAY_POPUP,WAIT_TIME_LONG,,2026-10-06T02:08:07Z
ses-20261008-4341,usr-0053,True,KIOSK,52496,"[""all"", ""decaf""]",False,,,ORD-3896,2026-10-09T04:14:36Z
ses-20261008-4342,guest-0045,False,KIOSK,83570,"[""all"", ""ade""]",False,,,ORD-3897,2026-09-30T16:39:33Z
ses-20261008-4343,guest-0013,False,KIOSK,85012,"[""all"", ""smoothie"", ""tea"", ""coffee""]",False,,,ORD-3898,2026-09-23T17:57:54Z
ses-20261008-4344,guest-0010,False,KIOSK,65282,"[""all"", ""decaf""]",False,,,ORD-3899,2026-10-01T21:16:25Z
ses-20261008-4345,guest-0086,False,KIOSK,57082,"[""all"", ""tea"", ""smoothie"", ""coffee"", ""ade""]",False,,,ORD-3900,2026-09-23T17:16:07Z
ses-20261008-4346,usr-0222,True,KIOSK,55317,"[""all"", ""ade"", ""tea""]",False,,,ORD-3901,2026-09-22T04:45:56Z
ses-20261008-4347,guest-0197,False,KIOSK,54638,"[""all"", ""ade"", ""decaf"", ""smoothie"", ""coffee""]",False,,,ORD-3902,2026-09-17T04:48:26Z
ses-20261008-4348,guest-0047,False,KIOSK,54547,"[""all"", ""smoothie"", ""decaf"", ""coffee""]",False,,,ORD-3903,2026-09-30T17:34:57Z
ses-20261008-4349,guest-0142,False,KIOSK,87332,"[""all"", ""tea"", ""ade""]",False,,,ORD-3904,2026-09-29T20:05:47Z
ses-20261008-4350,usr-0067,True,KIOSK,28421,"[""all"", ""ade""]",False,,,ORD-3905,2026-10-02T04:40:12Z
ses-20261008-4351,usr-0005,True,KIOSK,75722,"[""all"", ""decaf"", ""coffee""]",False,,,ORD-3906,2026-09-23T16:48:39Z
ses-20261008-4352,guest-0047,False,KIOSK,55930,"[""all"", ""tea"", ""decaf"", ""ade""]",False,,,ORD-3907,2026-09-17T04:32:03Z
ses-20261008-4353,usr-0296,True,KIOSK,64138,"[""all"", ""smoothie"", ""tea""]",False,,,ORD-3908,2026-09-25T17:19:28Z
ses-20261008-4354,guest-0096,False,KIOSK,58972,"[""all"", ""decaf""]",False,,,ORD-3909,2026-09-24T16:33:32Z
ses-20261008-4355,usr-0190,True,KIOSK,44729,"[""all"", ""coffee"", ""decaf"", ""tea"", ""smoothie""]",False,,,ORD-3910,2026-10-05T22:47:48Z
ses-20261008-4356,usr-0357,True,KIOSK,85877,"[""all"", ""decaf""]",False,,,ORD-3911,2026-09-30T01:35:07Z
ses-20261008-4357,usr-0372,True,KIOSK,34022,"[""all"", ""ade""]",False,,,ORD-3912,2026-09-21T20:34:57Z
ses-20261008-4358,guest-0093,False,KIOSK,40358,"[""all"", ""ade"", ""coffee""]",False,,,ORD-3913,2026-09-21T03:46:38Z
ses-20261008-4359,guest-0036,False,KIOSK,50117,"[""all"", ""coffee""]",False,,,ORD-3914,2026-09-21T22:39:22Z
ses-20261008-4360,usr-0250,True,KIOSK,85139,"[""all"", ""ade""]",False,,,ORD-3915,2026-09-23T16:43:24Z
ses-20261008-4361,usr-0057,True,KIOSK,58260,"[""all"", ""ade"", ""smoothie""]",False,,,ORD-3916,2026-09-19T02:33:11Z
ses-20261008-4362,guest-0023,False,KIOSK,76447,"[""all"", ""ade""]",False,,,ORD-3917,2026-09-24T17:18:30Z
ses-20261008-4363,guest-0069,False,KIOSK,90262,"[""all"", ""coffee""]",False,,,ORD-3918,2026-09-30T21:15:12Z
ses-20261008-4364,guest-0172,False,KIOSK,48957,"[""all"", ""tea"", ""smoothie"", ""ade"", ""coffee""]",True,OPTION_MODAL,PRICE_HIGH,,2026-09-30T23:04:16Z
ses-20261008-4365,usr-0270,True,KIOSK,23135,"[""all"", ""tea"", ""coffee""]",False,,,ORD-3919,2026-09-21T04:58:29Z
ses-20261008-4366,usr-0063,True,KIOSK,38099,"[""all"", ""coffee""]",False,,,ORD-3920,2026-09-24T01:19:57Z
ses-20261008-4367,usr-0191,True,KIOSK,90971,"[""all"", ""ade"", ""coffee""]",True,CART_SHEET,TIMEOUT_60S,,2026-10-01T04:04:38Z
ses-20261008-4368,guest-0051,False,KIOSK,49633,"[""all"", ""coffee""]",False,,,ORD-3921,2026-10-04T21:10:55Z
ses-20261008-4369,guest-0043,False,KIOSK,58655,"[""all"", ""decaf"", ""coffee""]",True,CART_SHEET,PRICE_HIGH,,2026-09-16T21:46:52Z
ses-20261008-4370,guest-0156,False,KIOSK,48371,"[""all"", ""smoothie""]",False,,,ORD-3922,2026-09-15T17:07:32Z
ses-20261008-4371,usr-0344,True,KIOSK,57300,"[""all"", ""coffee"", ""tea""]",False,,,ORD-3923,2026-09-16T17:38:42Z
ses-20261008-4372,usr-0010,True,KIOSK,64823,"[""all"", ""smoothie"", ""tea""]",False,,,ORD-3924,2026-10-02T01:17:35Z
ses-20261008-4373,guest-0199,False,KIOSK,75719,"[""all"", ""ade"", ""smoothie""]",False,,,ORD-3925,2026-10-08T03:09:43Z
ses-20261008-4374,guest-0046,False,KIOSK,70967,"[""all"", ""decaf"", ""coffee"", ""ade""]",False,,,ORD-3926,2026-10-03T20:25:00Z
ses-20261008-4375,usr-0258,True,KIOSK,76730,"[""all"", ""tea""]",False,,,ORD-3927,2026-10-01T04:59:31Z
ses-20261008-4376,guest-0054,False,KIOSK,42504,"[""all"", ""coffee"", ""ade""]",False,,,ORD-3928,2026-10-08T17:05:13Z
ses-20261008-4377,usr-0303,True,KIOSK,58007,"[""all"", ""decaf"", ""smoothie""]",False,,,ORD-3929,2026-09-28T17:07:52Z
ses-20261008-4378,guest-0098,False,KIOSK,59603,"[""all"", ""smoothie"", ""coffee"", ""tea""]",False,,,ORD-3930,2026-09-26T21:12:32Z
ses-20261008-4379,guest-0188,False,KIOSK,80184,"[""all"", ""smoothie"", ""decaf""]",True,PAY_POPUP,TIMEOUT_60S,,2026-09-22T17:54:26Z
ses-20261008-4380,usr-0284,True,KIOSK,53240,"[""all"", ""tea"", ""ade""]",False,,,ORD-3931,2026-10-03T16:42:56Z
ses-20261008-4381,usr-0087,True,KIOSK,58690,"[""all"", ""decaf"", ""coffee""]",False,,,ORD-3932,2026-09-24T21:12:59Z
ses-20261008-4382,usr-0230,True,KIOSK,71825,"[""all"", ""ade""]",False,,,ORD-3933,2026-09-30T20:48:18Z
ses-20261008-4383,usr-0264,True,KIOSK,69759,"[""all"", ""decaf""]",False,,,ORD-3934,2026-09-20T23:14:10Z
ses-20261008-4384,usr-0020,True,KIOSK,66615,"[""all"", ""smoothie""]",False,,,ORD-3935,2026-09-21T17:03:36Z
ses-20261008-4385,guest-0035,False,KIOSK,36085,"[""all"", ""decaf"", ""tea""]",False,,,ORD-3936,2026-09-26T21:26:07Z
ses-20261008-4386,guest-0028,False,KIOSK,51884,"[""all"", ""smoothie"", ""ade"", ""decaf"", ""tea""]",False,,,ORD-3937,2026-09-30T20:56:07Z
ses-20261008-4387,guest-0060,False,KIOSK,36968,"[""all"", ""smoothie""]",False,,,ORD-3938,2026-09-27T17:28:27Z
ses-20261008-4388,guest-0105,False,KIOSK,82755,"[""all"", ""ade"", ""smoothie"", ""tea""]",True,CART_SHEET,PRICE_HIGH,,2026-09-26T20:18:25Z
ses-20261008-4389,guest-0179,False,KIOSK,66847,"[""all"", ""ade""]",False,,,ORD-3939,2026-09-28T21:44:04Z
ses-20261008-4390,guest-0172,False,KIOSK,43927,"[""all"", ""coffee"", ""ade""]",False,,,ORD-3940,2026-09-22T04:45:04Z
ses-20261008-4391,usr-0365,True,KIOSK,28130,"[""all"", ""decaf"", ""ade"", ""coffee"", ""tea""]",False,,,ORD-3941,2026-09-25T16:51:05Z
ses-20261008-4392,guest-0022,False,KIOSK,36724,"[""all"", ""smoothie"", ""tea""]",False,,,ORD-3942,2026-10-06T17:12:44Z
ses-20261008-4393,guest-0178,False,KIOSK,47677,"[""all"", ""tea""]",False,,,ORD-3943,2026-09-19T21:50:04Z
ses-20261008-4394,guest-0111,False,KIOSK,60501,"[""all"", ""coffee""]",False,,,ORD-3944,2026-10-03T23:59:04Z
ses-20261008-4395,usr-0204,True,KIOSK,45305,"[""all"", ""smoothie"", ""tea"", ""decaf""]",False,,,ORD-3945,2026-09-20T16:33:06Z
ses-20261008-4396,usr-0255,True,KIOSK,78241,"[""all"", ""coffee""]",True,CART_SHEET,WAIT_TIME_LONG,,2026-09-27T01:56:52Z
ses-20261008-4397,guest-0131,False,KIOSK,68887,"[""all"", ""smoothie""]",False,,,ORD-3946,2026-10-01T21:11:03Z
ses-20261008-4398,guest-0083,False,KIOSK,37874,"[""all"", ""smoothie"", ""coffee""]",False,,,ORD-3947,2026-09-20T00:28:22Z
ses-20261008-4399,guest-0055,False,KIOSK,59377,"[""all"", ""decaf"", ""ade""]",False,,,ORD-3948,2026-09-23T17:04:29Z
ses-20261008-4400,usr-0026,True,KIOSK,34829,"[""all"", ""smoothie""]",False,,,ORD-3949,2026-10-06T04:35:08Z
ses-20261008-4401,guest-0103,False,KIOSK,59546,"[""all"", ""tea""]",False,,,ORD-3950,2026-09-23T16:53:55Z
ses-20261008-4402,guest-0125,False,KIOSK,51588,"[""all"", ""tea""]",False,,,ORD-3951,2026-09-16T04:39:55Z
ses-20261008-4403,guest-0076,False,KIOSK,44601,"[""all"", ""decaf"", ""smoothie""]",False,,,ORD-3952,2026-09-24T16:24:17Z
ses-20261008-4404,guest-0030,False,KIOSK,70115,"[""all"", ""ade""]",False,,,ORD-3953,2026-10-03T16:01:00Z
ses-20261008-4405,guest-0045,False,KIOSK,58333,"[""all"", ""smoothie"", ""ade""]",False,,,ORD-3954,2026-09-17T04:58:36Z
ses-20261008-4406,guest-0082,False,KIOSK,71997,"[""all"", ""decaf""]",False,,,ORD-3955,2026-09-29T20:31:44Z
ses-20261008-4407,usr-0039,True,KIOSK,22476,"[""all"", ""decaf"", ""ade""]",False,,,ORD-3956,2026-09-23T17:55:46Z
ses-20261008-4408,guest-0013,False,KIOSK,53656,"[""all"", ""ade"", ""tea""]",False,,,ORD-3957,2026-09-25T04:53:01Z
ses-20261008-4409,guest-0061,False,KIOSK,37168,"[""all"", ""smoothie"", ""coffee"", ""decaf""]",False,,,ORD-3958,2026-09-26T17:59:35Z
ses-20261008-4410,guest-0061,False,KIOSK,62963,"[""all"", ""tea"", ""ade"", ""decaf""]",False,,,ORD-3959,2026-09-15T17:15:41Z
ses-20261008-4411,usr-0275,True,KIOSK,21897,"[""all"", ""tea"", ""smoothie""]",False,,,ORD-3960,2026-09-26T16:50:31Z
ses-20261008-4412,guest-0161,False,KIOSK,52827,"[""all"", ""smoothie"", ""ade""]",False,,,ORD-3961,2026-10-06T02:05:18Z
ses-20261008-4413,usr-0055,True,KIOSK,47382,"[""all"", ""decaf"", ""coffee"", ""smoothie"", ""tea""]",False,,,ORD-3962,2026-09-24T16:20:46Z
ses-20261008-4414,usr-0201,True,KIOSK,23972,"[""all"", ""tea""]",False,,,ORD-3963,2026-10-09T03:16:34Z
ses-20261008-4415,guest-0177,False,KIOSK,48930,"[""all"", ""coffee"", ""decaf""]",False,,,ORD-3964,2026-10-02T16:19:31Z
ses-20261008-4416,guest-0197,False,KIOSK,62849,"[""all"", ""coffee"", ""tea""]",False,,,ORD-3965,2026-09-23T03:06:57Z
ses-20261008-4417,guest-0111,False,KIOSK,58877,"[""all"", ""ade""]",False,,,ORD-3966,2026-09-20T23:02:11Z
ses-20261008-4418,guest-0072,False,KIOSK,72436,"[""all"", ""coffee"", ""smoothie""]",False,,,ORD-3967,2026-09-15T17:41:49Z
ses-20261008-4419,guest-0166,False,KIOSK,88863,"[""all"", ""coffee""]",True,OPTION_MODAL,PRICE_HIGH,,2026-09-26T16:03:16Z
ses-20261008-4420,guest-0010,False,KIOSK,74782,"[""all"", ""ade""]",False,,,ORD-3968,2026-10-04T01:17:51Z
ses-20261008-4421,usr-0298,True,KIOSK,79506,"[""all"", ""ade""]",False,,,ORD-3969,2026-09-17T21:55:09Z
ses-20261008-4422,guest-0123,False,KIOSK,82109,"[""all"", ""coffee""]",False,,,ORD-3970,2026-09-17T20:26:51Z
ses-20261008-4423,guest-0021,False,KIOSK,40659,"[""all"", ""coffee"", ""ade""]",False,,,ORD-3971,2026-10-01T16:24:59Z
ses-20261008-4424,usr-0348,True,KIOSK,37011,"[""all"", ""coffee"", ""decaf""]",False,,,ORD-3972,2026-09-23T00:56:22Z
ses-20261008-4425,guest-0185,False,KIOSK,88059,"[""all"", ""coffee""]",False,,,ORD-3973,2026-09-15T20:39:00Z
ses-20261008-4426,guest-0104,False,KIOSK,63965,"[""all"", ""coffee"", ""decaf""]",False,,,ORD-3974,2026-09-19T17:21:12Z
ses-20261008-4427,usr-0249,True,KIOSK,89180,"[""all"", ""coffee"", ""ade""]",False,,,ORD-3975,2026-09-20T21:51:22Z
ses-20261008-4428,usr-0377,True,KIOSK,20682,"[""all"", ""decaf"", ""ade""]",False,,,ORD-3976,2026-09-28T16:26:51Z
ses-20261008-4429,guest-0122,False,KIOSK,68942,"[""all"", ""decaf""]",False,,,ORD-3977,2026-10-03T02:28:24Z
ses-20261008-4430,guest-0200,False,KIOSK,58891,"[""all"", ""decaf"", ""smoothie"", ""ade"", ""coffee""]",False,,,ORD-3978,2026-09-25T21:14:05Z
ses-20261008-4431,guest-0185,False,KIOSK,50528,"[""all"", ""ade"", ""coffee"", ""tea""]",False,,,ORD-3979,2026-09-16T00:32:24Z
ses-20261008-4432,guest-0150,False,KIOSK,62169,"[""all"", ""decaf"", ""coffee""]",False,,,ORD-3980,2026-09-19T03:34:44Z
ses-20261008-4433,usr-0307,True,KIOSK,84403,"[""all"", ""tea"", ""ade""]",False,,,ORD-3981,2026-09-29T20:37:12Z
ses-20261008-4434,guest-0186,False,KIOSK,57307,"[""all"", ""decaf"", ""ade""]",False,,,ORD-3982,2026-09-15T21:59:11Z
ses-20261008-4435,guest-0200,False,KIOSK,57432,"[""all"", ""ade""]",False,,,ORD-3983,2026-09-28T00:33:02Z
ses-20261008-4436,usr-0060,True,KIOSK,58881,"[""all"", ""coffee"", ""smoothie""]",False,,,ORD-3984,2026-09-17T20:39:47Z
ses-20261008-4437,guest-0048,False,KIOSK,74826,"[""all"", ""decaf""]",False,,,ORD-3985,2026-09-26T22:36:37Z
ses-20261008-4438,guest-0102,False,KIOSK,54223,"[""all"", ""ade""]",False,,,ORD-3986,2026-09-26T17:55:32Z
ses-20261008-4439,guest-0072,False,KIOSK,57294,"[""all"", ""decaf""]",False,,,ORD-3987,2026-09-28T16:11:32Z
ses-20261008-4440,guest-0134,False,KIOSK,64975,"[""all"", ""decaf"", ""ade"", ""tea""]",True,OPTION_MODAL,WAIT_TIME_LONG,,2026-10-01T01:41:11Z
ses-20261008-4441,guest-0029,False,KIOSK,94648,"[""all"", ""smoothie""]",True,CART_SHEET,PRICE_HIGH,,2026-09-28T17:04:03Z
ses-20261008-4442,usr-0296,True,KIOSK,48125,"[""all"", ""coffee"", ""ade""]",False,,,ORD-3988,2026-10-02T20:39:00Z
ses-20261008-4443,guest-0104,False,KIOSK,50407,"[""all"", ""tea""]",False,,,ORD-3989,2026-09-20T02:21:38Z
ses-20261008-4444,usr-0212,True,KIOSK,74170,"[""all"", ""tea""]",False,,,ORD-3990,2026-09-23T17:32:50Z
ses-20261008-4445,usr-0045,True,KIOSK,71990,"[""all"", ""ade"", ""coffee"", ""decaf""]",False,,,ORD-3991,2026-10-07T21:19:23Z
ses-20261008-4446,guest-0089,False,KIOSK,59821,"[""all"", ""coffee"", ""ade""]",False,,,ORD-3992,2026-09-16T17:59:32Z
ses-20261008-4447,usr-0308,True,KIOSK,55873,"[""all"", ""tea"", ""ade"", ""decaf""]",False,,,ORD-3993,2026-09-30T03:11:11Z
ses-20261008-4448,guest-0166,False,KIOSK,56852,"[""all"", ""ade"", ""tea""]",False,,,ORD-3994,2026-09-19T01:36:34Z
ses-20261008-4449,guest-0148,False,KIOSK,58300,"[""all"", ""coffee"", ""decaf"", ""tea""]",True,OPTION_MODAL,PRICE_HIGH,,2026-09-18T04:25:35Z
ses-20261008-4450,usr-0326,True,KIOSK,54311,"[""all"", ""tea""]",False,,,ORD-3995,2026-09-18T21:43:09Z
ses-20261008-4451,usr-0145,True,KIOSK,37895,"[""all"", ""decaf"", ""coffee"", ""tea""]",False,,,ORD-3996,2026-09-27T16:38:31Z
ses-20261008-4452,usr-0276,True,KIOSK,78450,"[""all"", ""tea"", ""ade""]",False,,,ORD-3997,2026-10-07T21:57:09Z
ses-20261008-4453,usr-0280,True,KIOSK,42661,"[""all"", ""tea"", ""coffee""]",False,,,ORD-3998,2026-09-30T00:01:38Z
ses-20261008-4454,usr-0196,True,KIOSK,79862,"[""all"", ""ade"", ""decaf""]",False,,,ORD-3999,2026-09-18T21:34:41Z
ses-20261008-4455,guest-0058,False,KIOSK,72403,"[""all"", ""ade"", ""tea""]",False,,,ORD-4000,2026-09-22T22:06:21Z
ses-20261008-4456,guest-0156,False,KIOSK,80693,"[""all"", ""decaf""]",True,OPTION_MODAL,WAIT_TIME_LONG,,2026-09-21T17:45:07Z
ses-20261008-4457,guest-0079,False,KIOSK,48775,"[""all"", ""decaf""]",False,,,ORD-4001,2026-10-06T20:28:19Z
ses-20261008-4458,guest-0157,False,KIOSK,69741,"[""all"", ""coffee"", ""ade""]",False,,,ORD-4002,2026-10-05T21:08:17Z
ses-20261008-4459,guest-0002,False,KIOSK,46905,"[""all"", ""decaf"", ""smoothie"", ""ade""]",False,,,ORD-4003,2026-09-16T16:26:12Z
ses-20261008-4460,guest-0194,False,KIOSK,25000,"[""all"", ""smoothie""]",False,,,ORD-4004,2026-09-22T00:41:16Z
ses-20261008-4461,usr-0275,True,KIOSK,69317,"[""all"", ""smoothie""]",False,,,ORD-4005,2026-09-28T03:04:10Z
ses-20261008-4462,guest-0162,False,KIOSK,50707,"[""all"", ""tea"", ""coffee""]",False,,,ORD-4006,2026-09-29T16:18:22Z
ses-20261008-4463,guest-0173,False,KIOSK,49058,"[""all"", ""tea"", ""coffee""]",False,,,ORD-4007,2026-09-22T02:50:28Z
ses-20261008-4464,guest-0187,False,KIOSK,58471,"[""all"", ""tea"", ""smoothie"", ""ade"", ""decaf""]",False,,,ORD-4008,2026-09-20T20:28:15Z
ses-20261008-4465,guest-0084,False,KIOSK,85849,"[""all"", ""ade"", ""decaf""]",False,,,ORD-4009,2026-09-16T16:12:40Z
ses-20261008-4466,usr-0140,True,KIOSK,57819,"[""all"", ""decaf""]",False,,,ORD-4010,2026-10-05T16:30:49Z
ses-20261008-4467,guest-0020,False,KIOSK,49842,"[""all"", ""ade"", ""coffee"", ""smoothie""]",False,,,ORD-4011,2026-09-21T21:22:31Z
ses-20261008-4468,guest-0138,False,KIOSK,66292,"[""all"", ""decaf"", ""tea""]",False,,,ORD-4012,2026-09-18T20:23:10Z
ses-20261008-4469,usr-0022,True,KIOSK,96017,"[""all"", ""smoothie""]",True,CART_SHEET,TIMEOUT_60S,,2026-10-03T03:21:26Z
ses-20261008-4470,guest-0016,False,KIOSK,49813,"[""all"", ""smoothie""]",False,,,ORD-4013,2026-09-16T20:26:13Z
ses-20261008-4471,guest-0171,False,KIOSK,65577,"[""all"", ""ade""]",False,,,ORD-4014,2026-09-20T21:04:53Z
ses-20261008-4472,usr-0111,True,KIOSK,22803,"[""all"", ""ade""]",False,,,ORD-4015,2026-09-16T20:39:56Z
ses-20261008-4473,usr-0248,True,KIOSK,26058,"[""all"", ""ade""]",False,,,ORD-4016,2026-09-24T00:39:06Z
ses-20261008-4474,usr-0229,True,KIOSK,82468,"[""all"", ""decaf"", ""ade""]",True,OPTION_MODAL,PRICE_HIGH,,2026-09-28T16:43:55Z
ses-20261008-4475,guest-0080,False,KIOSK,46052,"[""all"", ""coffee"", ""decaf""]",False,,,ORD-4017,2026-10-05T17:31:53Z
ses-20261008-4476,guest-0033,False,KIOSK,56235,"[""all"", ""smoothie"", ""decaf"", ""tea""]",False,,,ORD-4018,2026-09-24T23:47:32Z
ses-20261008-4477,usr-0326,True,KIOSK,73730,"[""all"", ""tea"", ""coffee""]",True,OPTION_MODAL,WAIT_TIME_LONG,,2026-09-21T16:43:47Z
ses-20261008-4478,guest-0125,False,KIOSK,102428,"[""all"", ""tea""]",True,PAY_POPUP,TIMEOUT_60S,,2026-09-25T04:56:08Z
ses-20261008-4479,usr-0317,True,KIOSK,48532,"[""all"", ""tea"", ""smoothie"", ""decaf""]",False,,,ORD-4019,2026-09-27T23:48:42Z
ses-20261008-4480,usr-0302,True,KIOSK,74506,"[""all"", ""ade"", ""smoothie"", ""coffee""]",False,,,ORD-4020,2026-09-28T21:34:42Z
ses-20261008-4481,guest-0144,False,KIOSK,60358,"[""all"", ""decaf"", ""coffee""]",False,,,ORD-4021,2026-09-22T22:38:50Z
ses-20261008-4482,usr-0219,True,KIOSK,26484,"[""all"", ""decaf"", ""ade""]",False,,,ORD-4022,2026-09-24T20:34:22Z
ses-20261008-4483,guest-0036,False,KIOSK,76676,"[""all"", ""ade"", ""smoothie""]",False,,,ORD-4023,2026-10-05T20:24:02Z
ses-20261008-4484,guest-0141,False,KIOSK,49854,"[""all"", ""smoothie"", ""coffee""]",False,,,ORD-4024,2026-09-17T17:59:52Z
ses-20261008-4485,guest-0029,False,KIOSK,48604,"[""all"", ""smoothie""]",False,,,ORD-4025,2026-10-08T20:22:13Z
ses-20261008-4486,guest-0134,False,KIOSK,74159,"[""all"", ""smoothie"", ""coffee""]",False,,,ORD-4026,2026-09-18T20:06:50Z
ses-20261008-4487,usr-0356,True,KIOSK,61525,"[""all"", ""ade""]",False,,,ORD-4027,2026-10-03T20:25:29Z
ses-20261008-4488,guest-0063,False,KIOSK,59769,"[""all"", ""ade"", ""tea""]",False,,,ORD-4028,2026-09-19T20:50:32Z
ses-20261008-4489,guest-0171,False,KIOSK,71045,"[""all"", ""decaf"", ""coffee""]",False,,,ORD-4029,2026-09-21T16:17:17Z
ses-20261008-4490,guest-0195,False,KIOSK,84102,"[""all"", ""tea""]",False,,,ORD-4030,2026-09-25T20:39:36Z
ses-20261008-4491,usr-0123,True,KIOSK,57796,"[""all"", ""smoothie"", ""decaf""]",False,,,ORD-4031,2026-09-30T03:13:18Z
ses-20261008-4492,guest-0049,False,KIOSK,44093,"[""all"", ""ade""]",False,,,ORD-4032,2026-10-08T17:50:54Z
ses-20261008-4493,guest-0119,False,KIOSK,47448,"[""all"", ""decaf"", ""tea""]",False,,,ORD-4033,2026-09-17T20:03:11Z
ses-20261008-4494,guest-0043,False,KIOSK,55100,"[""all"", ""tea""]",False,,,ORD-4034,2026-09-20T20:20:20Z
ses-20261008-4495,guest-0077,False,KIOSK,45997,"[""all"", ""tea"", ""ade""]",False,,,ORD-4035,2026-09-27T00:16:39Z
ses-20261008-4496,guest-0056,False,KIOSK,95877,"[""all"", ""ade"", ""smoothie""]",True,PAY_POPUP,TIMEOUT_60S,,2026-10-02T02:46:00Z
ses-20261008-4497,guest-0014,False,KIOSK,61340,"[""all"", ""ade"", ""smoothie""]",False,,,ORD-4036,2026-09-18T20:03:29Z
ses-20261008-4498,usr-0302,True,KIOSK,54556,"[""all"", ""decaf"", ""ade"", ""tea"", ""coffee""]",False,,,ORD-4037,2026-09-24T20:09:46Z
ses-20261008-4499,usr-0301,True,KIOSK,63631,"[""all"", ""smoothie""]",False,,,ORD-4038,2026-10-08T21:52:45Z
ses-20261008-4500,usr-0270,True,KIOSK,83207,"[""all"", ""decaf"", ""coffee""]",False,,,ORD-4039,2026-09-29T00:58:22Z
ses-20261008-4501,guest-0064,False,KIOSK,51356,"[""all"", ""coffee""]",False,,,ORD-4040,2026-10-05T01:35:35Z
ses-20261008-4502,guest-0133,False,KIOSK,47046,"[""all"", ""tea"", ""decaf"", ""smoothie"", ""ade""]",False,,,ORD-4041,2026-10-03T21:54:51Z
ses-20261008-4503,guest-0033,False,KIOSK,71048,"[""all"", ""ade""]",False,,,ORD-4042,2026-10-02T21:20:18Z
ses-20261008-4504,guest-0024,False,KIOSK,47244,"[""all"", ""tea"", ""decaf""]",False,,,ORD-4043,2026-09-19T00:35:55Z
ses-20261008-4505,guest-0182,False,KIOSK,78693,"[""all"", ""smoothie""]",False,,,ORD-4044,2026-09-27T00:42:41Z
ses-20261008-4506,guest-0111,False,KIOSK,68927,"[""all"", ""tea""]",False,,,ORD-4045,2026-10-05T22:52:39Z
ses-20261008-4507,usr-0131,True,KIOSK,63352,"[""all"", ""decaf"", ""smoothie"", ""tea"", ""coffee""]",False,,,ORD-4046,2026-09-28T02:11:25Z
ses-20261008-4508,guest-0107,False,KIOSK,80299,"[""all"", ""coffee""]",False,,,ORD-4047,2026-09-16T20:23:19Z
ses-20261008-4509,usr-0074,True,KIOSK,35435,"[""all"", ""ade""]",False,,,ORD-4048,2026-09-18T04:32:30Z
ses-20261008-4510,guest-0047,False,KIOSK,91930,"[""all"", ""ade"", ""tea""]",False,,,ORD-4049,2026-09-19T16:11:43Z
ses-20261008-4511,guest-0193,False,KIOSK,54819,"[""all"", ""ade""]",False,,,ORD-4050,2026-09-17T01:08:54Z
ses-20261008-4512,guest-0041,False,KIOSK,39190,"[""all"", ""tea""]",False,,,ORD-4051,2026-09-27T22:51:51Z
ses-20261008-4513,guest-0018,False,KIOSK,83148,"[""all"", ""ade""]",False,,,ORD-4052,2026-10-01T02:41:01Z
ses-20261008-4514,usr-0322,True,KIOSK,53018,"[""all"", ""smoothie"", ""tea"", ""ade""]",False,,,ORD-4053,2026-10-08T20:05:52Z
ses-20261008-4515,guest-0069,False,KIOSK,79583,"[""all"", ""decaf"", ""ade"", ""coffee""]",False,,,ORD-4054,2026-09-28T16:33:47Z
ses-20261008-4516,guest-0163,False,KIOSK,91550,"[""all"", ""decaf"", ""coffee""]",False,,,ORD-4055,2026-09-26T21:14:11Z
ses-20261008-4517,guest-0142,False,KIOSK,60828,"[""all"", ""coffee"", ""ade""]",False,,,ORD-4056,2026-10-08T03:20:50Z
ses-20261008-4518,guest-0068,False,KIOSK,54564,"[""all"", ""smoothie""]",False,,,ORD-4057,2026-09-15T22:48:44Z
ses-20261008-4519,usr-0332,True,KIOSK,12000,"[""all"", ""ade""]",False,,,ORD-4058,2026-09-24T17:04:47Z
ses-20261008-4520,guest-0040,False,KIOSK,97139,"[""all"", ""decaf""]",True,CART_SHEET,WAIT_TIME_LONG,,2026-09-23T01:24:24Z
ses-20261008-4521,guest-0197,False,KIOSK,45118,"[""all"", ""smoothie""]",False,,,ORD-4059,2026-09-20T16:23:12Z
ses-20261008-4522,guest-0063,False,KIOSK,44910,"[""all"", ""decaf""]",False,,,ORD-4060,2026-09-22T20:14:06Z
ses-20261008-4523,guest-0004,False,KIOSK,56469,"[""all"", ""ade""]",False,,,ORD-4061,2026-09-22T02:30:50Z
ses-20261008-4524,usr-0294,True,KIOSK,65916,"[""all"", ""tea"", ""coffee"", ""smoothie""]",False,,,ORD-4062,2026-09-30T22:58:56Z
ses-20261008-4525,usr-0197,True,KIOSK,24185,"[""all"", ""ade""]",False,,,ORD-4063,2026-09-23T16:25:53Z
ses-20261008-4526,usr-0124,True,KIOSK,28485,"[""all"", ""coffee""]",False,,,ORD-4064,2026-10-02T16:49:52Z
ses-20261008-4527,guest-0095,False,KIOSK,76031,"[""all"", ""coffee""]",False,,,ORD-4065,2026-10-07T16:07:56Z
ses-20261008-4528,guest-0092,False,KIOSK,55314,"[""all"", ""coffee""]",False,,,ORD-4066,2026-09-19T17:50:12Z
ses-20261008-4529,guest-0121,False,KIOSK,53159,"[""all"", ""tea"", ""ade"", ""decaf"", ""smoothie""]",False,,,ORD-4067,2026-09-30T17:29:44Z
ses-20261008-4530,guest-0064,False,KIOSK,45122,"[""all"", ""decaf""]",False,,,ORD-4068,2026-09-30T01:00:27Z
ses-20261008-4531,usr-0017,True,KIOSK,57421,"[""all"", ""decaf"", ""ade""]",False,,,ORD-4069,2026-10-01T22:50:19Z
ses-20261008-4532,guest-0133,False,KIOSK,80470,"[""all"", ""decaf""]",False,,,ORD-4070,2026-10-04T20:47:53Z
ses-20261008-4533,usr-0055,True,KIOSK,39289,"[""all"", ""smoothie""]",False,,,ORD-4071,2026-09-15T20:39:23Z
ses-20261008-4534,guest-0106,False,KIOSK,81354,"[""all"", ""coffee"", ""decaf"", ""ade"", ""smoothie""]",True,PAY_POPUP,PRICE_HIGH,,2026-09-20T16:16:08Z
ses-20261008-4535,guest-0003,False,KIOSK,63782,"[""all"", ""smoothie""]",False,,,ORD-4072,2026-09-24T03:40:18Z
ses-20261008-4536,guest-0147,False,KIOSK,35111,"[""all"", ""ade"", ""tea""]",False,,,ORD-4073,2026-10-07T20:07:13Z
ses-20261008-4537,usr-0253,True,KIOSK,20669,"[""all"", ""smoothie"", ""ade"", ""coffee""]",False,,,ORD-4074,2026-10-07T22:10:28Z
ses-20261008-4538,guest-0148,False,KIOSK,55568,"[""all"", ""coffee""]",False,,,ORD-4075,2026-09-28T20:53:17Z
ses-20261008-4539,guest-0024,False,KIOSK,80551,"[""all"", ""decaf"", ""tea""]",False,,,ORD-4076,2026-10-07T21:07:43Z
ses-20261008-4540,guest-0030,False,KIOSK,76656,"[""all"", ""ade""]",False,,,ORD-4077,2026-09-21T00:23:22Z
ses-20261008-4541,guest-0139,False,KIOSK,61121,"[""all"", ""smoothie"", ""ade""]",False,,,ORD-4078,2026-09-15T16:52:40Z
ses-20261008-4542,guest-0012,False,KIOSK,51048,"[""all"", ""decaf""]",False,,,ORD-4079,2026-09-24T00:45:52Z
ses-20261008-4543,guest-0161,False,KIOSK,44128,"[""all"", ""decaf"", ""coffee""]",False,,,ORD-4080,2026-09-23T16:01:09Z
ses-20261008-4544,guest-0119,False,KIOSK,70214,"[""all"", ""ade"", ""coffee"", ""smoothie"", ""decaf""]",False,,,ORD-4081,2026-09-29T04:08:56Z
ses-20261008-4545,guest-0058,False,KIOSK,74435,"[""all"", ""ade"", ""smoothie"", ""tea""]",False,,,ORD-4082,2026-10-05T01:46:35Z
ses-20261008-4546,usr-0246,True,KIOSK,62675,"[""all"", ""decaf"", ""ade""]",False,,,ORD-4083,2026-10-01T17:11:59Z
ses-20261008-4547,guest-0113,False,KIOSK,60468,"[""all"", ""smoothie"", ""coffee""]",False,,,ORD-4084,2026-09-26T20:10:09Z
ses-20261008-4548,guest-0086,False,KIOSK,58243,"[""all"", ""ade"", ""tea""]",False,,,ORD-4085,2026-09-27T17:09:08Z
ses-20261008-4549,usr-0248,True,KIOSK,78644,"[""all"", ""coffee"", ""decaf""]",True,OPTION_MODAL,TIMEOUT_60S,,2026-09-26T20:28:48Z
ses-20261008-4550,guest-0108,False,KIOSK,61978,"[""all"", ""smoothie""]",False,,,ORD-4086,2026-09-15T21:33:07Z
ses-20261008-4551,usr-0023,True,KIOSK,28290,"[""all"", ""tea"", ""smoothie""]",False,,,ORD-4087,2026-10-06T23:06:39Z
ses-20261008-4552,guest-0060,False,KIOSK,53034,"[""all"", ""decaf"", ""smoothie"", ""ade"", ""coffee""]",False,,,ORD-4088,2026-10-02T16:56:17Z
ses-20261008-4553,usr-0292,True,KIOSK,62021,"[""all"", ""tea""]",False,,,ORD-4089,2026-09-22T03:44:47Z
ses-20261008-4554,guest-0140,False,KIOSK,57033,"[""all"", ""smoothie""]",False,,,ORD-4090,2026-10-03T17:43:08Z
ses-20261008-4555,usr-0188,True,KIOSK,47359,"[""all"", ""ade"", ""decaf"", ""smoothie"", ""coffee""]",False,,,ORD-4091,2026-10-06T02:29:30Z
ses-20261008-4556,guest-0149,False,KIOSK,80924,"[""all"", ""smoothie"", ""ade""]",False,,,ORD-4092,2026-09-20T21:42:06Z
ses-20261008-4557,guest-0172,False,KIOSK,78890,"[""all"", ""decaf"", ""ade""]",True,CART_SHEET,TIMEOUT_60S,,2026-09-22T17:08:03Z
ses-20261008-4558,guest-0047,False,KIOSK,61351,"[""all"", ""coffee"", ""smoothie""]",False,,,ORD-4093,2026-09-29T00:38:05Z
ses-20261008-4559,guest-0087,False,KIOSK,61100,"[""all"", ""smoothie""]",False,,,ORD-4094,2026-09-26T20:35:16Z
ses-20261008-4560,usr-0179,True,KIOSK,16682,"[""all"", ""ade""]",False,,,ORD-4095,2026-10-06T17:29:13Z
ses-20261008-4561,guest-0177,False,KIOSK,73823,"[""all"", ""ade"", ""smoothie"", ""tea""]",False,,,ORD-4096,2026-09-21T17:24:48Z
ses-20261008-4562,guest-0074,False,KIOSK,62671,"[""all"", ""smoothie"", ""ade""]",False,,,ORD-4097,2026-09-17T02:27:29Z
ses-20261008-4563,usr-0343,True,KIOSK,52308,"[""all"", ""ade"", ""smoothie""]",False,,,ORD-4098,2026-09-17T20:09:57Z
ses-20261008-4564,usr-0106,True,KIOSK,21383,"[""all"", ""decaf""]",False,,,ORD-4099,2026-09-15T20:44:14Z
ses-20261008-4565,guest-0163,False,KIOSK,59436,"[""all"", ""smoothie"", ""tea"", ""ade""]",False,,,ORD-4100,2026-09-24T23:48:30Z
ses-20261008-4566,guest-0126,False,KIOSK,59136,"[""all"", ""coffee""]",False,,,ORD-4101,2026-09-29T16:05:42Z
ses-20261008-4567,guest-0128,False,KIOSK,88380,"[""all"", ""ade"", ""tea"", ""coffee"", ""decaf""]",False,,,ORD-4102,2026-09-26T17:01:03Z
ses-20261008-4568,usr-0372,True,KIOSK,53928,"[""all"", ""smoothie"", ""ade"", ""decaf""]",False,,,ORD-4103,2026-10-03T21:00:07Z
ses-20261008-4569,usr-0361,True,KIOSK,61977,"[""all"", ""smoothie""]",False,,,ORD-4104,2026-09-17T17:07:58Z
ses-20261008-4570,guest-0102,False,KIOSK,65697,"[""all"", ""ade""]",False,,,ORD-4105,2026-10-03T01:43:25Z
ses-20261008-4571,guest-0196,False,KIOSK,57880,"[""all"", ""ade"", ""decaf"", ""tea""]",False,,,ORD-4106,2026-09-18T20:28:29Z
ses-20261008-4572,guest-0046,False,KIOSK,80088,"[""all"", ""coffee""]",False,,,ORD-4107,2026-09-20T22:18:12Z
ses-20261008-4573,guest-0200,False,KIOSK,89865,"[""all"", ""smoothie"", ""coffee""]",True,OPTION_MODAL,PRICE_HIGH,,2026-09-21T16:23:02Z
ses-20261008-4574,usr-0089,True,KIOSK,65168,"[""all"", ""decaf"", ""tea""]",False,,,ORD-4108,2026-10-02T20:54:54Z
ses-20261008-4575,guest-0067,False,KIOSK,67808,"[""all"", ""tea""]",False,,,ORD-4109,2026-09-19T02:03:40Z
ses-20261008-4576,usr-0056,True,KIOSK,96846,"[""all"", ""tea"", ""coffee"", ""ade""]",True,OPTION_MODAL,PRICE_HIGH,,2026-09-17T20:07:02Z
ses-20261008-4577,guest-0052,False,KIOSK,67971,"[""all"", ""coffee""]",False,,,ORD-4110,2026-09-23T16:34:40Z
ses-20261008-4578,usr-0399,True,KIOSK,33566,"[""all"", ""ade"", ""decaf"", ""coffee""]",False,,,ORD-4111,2026-10-05T21:35:24Z
ses-20261008-4579,usr-0056,True,KIOSK,73464,"[""all"", ""ade"", ""tea""]",False,,,ORD-4112,2026-10-04T17:09:35Z
ses-20261008-4580,guest-0164,False,KIOSK,67316,"[""all"", ""coffee"", ""decaf""]",False,,,ORD-4113,2026-09-22T17:05:37Z
ses-20261008-4581,usr-0380,True,KIOSK,97629,"[""all"", ""smoothie"", ""tea""]",False,,,ORD-4114,2026-09-30T16:46:05Z
ses-20261008-4582,guest-0153,False,KIOSK,33899,"[""all"", ""ade"", ""tea""]",False,,,ORD-4115,2026-09-29T20:22:32Z
ses-20261008-4583,guest-0120,False,KIOSK,66737,"[""all"", ""decaf"", ""ade""]",False,,,ORD-4116,2026-09-17T20:03:59Z
ses-20261008-4584,guest-0079,False,KIOSK,48610,"[""all"", ""tea"", ""ade""]",False,,,ORD-4117,2026-09-16T20:08:22Z
ses-20261008-4585,guest-0134,False,KIOSK,45633,"[""all"", ""tea""]",False,,,ORD-4118,2026-09-17T21:44:57Z
ses-20261008-4586,usr-0187,True,KIOSK,59851,"[""all"", ""ade"", ""tea""]",False,,,ORD-4119,2026-09-23T16:43:40Z
ses-20261008-4587,usr-0291,True,KIOSK,76988,"[""all"", ""coffee""]",False,,,ORD-4120,2026-09-30T16:19:41Z
ses-20261008-4588,usr-0281,True,KIOSK,12000,"[""all"", ""coffee"", ""smoothie""]",False,,,ORD-4121,2026-09-25T21:16:53Z
ses-20261008-4589,guest-0166,False,KIOSK,78288,"[""all"", ""coffee""]",False,,,ORD-4122,2026-09-19T01:45:13Z
ses-20261008-4590,guest-0129,False,KIOSK,86182,"[""all"", ""ade""]",True,PAY_POPUP,TIMEOUT_60S,,2026-09-21T21:19:41Z
ses-20261008-4591,usr-0255,True,KIOSK,23250,"[""all"", ""ade"", ""smoothie""]",False,,,ORD-4123,2026-10-08T20:51:56Z
ses-20261008-4592,usr-0302,True,KIOSK,20110,"[""all"", ""smoothie"", ""tea""]",False,,,ORD-4124,2026-09-17T17:03:36Z
ses-20261008-4593,guest-0199,False,KIOSK,46267,"[""all"", ""ade"", ""decaf"", ""smoothie""]",False,,,ORD-4125,2026-09-28T17:18:55Z
ses-20261008-4594,guest-0113,False,KIOSK,50892,"[""all"", ""coffee"", ""decaf""]",False,,,ORD-4126,2026-10-05T16:18:41Z
ses-20261008-4595,guest-0159,False,KIOSK,50595,"[""all"", ""smoothie""]",False,,,ORD-4127,2026-09-15T20:17:26Z
ses-20261008-4596,usr-0226,True,KIOSK,20470,"[""all"", ""coffee""]",False,,,ORD-4128,2026-09-27T17:50:42Z
ses-20261008-4597,usr-0008,True,KIOSK,75889,"[""all"", ""tea""]",False,,,ORD-4129,2026-10-04T20:46:41Z
ses-20261008-4598,usr-0294,True,KIOSK,48245,"[""all"", ""ade"", ""smoothie"", ""tea"", ""decaf""]",False,,,ORD-4130,2026-09-30T17:32:48Z
ses-20261008-4599,guest-0170,False,KIOSK,54645,"[""all"", ""ade"", ""decaf"", ""smoothie""]",False,,,ORD-4131,2026-10-04T02:54:29Z
ses-20261008-4600,guest-0172,False,KIOSK,63959,"[""all"", ""decaf""]",False,,,ORD-4132,2026-10-07T21:34:42Z
ses-20261008-4601,guest-0062,False,KIOSK,49894,"[""all"", ""smoothie""]",False,,,ORD-4133,2026-10-06T16:19:51Z
ses-20261008-4602,usr-0094,True,KIOSK,65653,"[""all"", ""tea""]",False,,,ORD-4134,2026-10-01T20:31:12Z
ses-20261008-4603,guest-0096,False,KIOSK,61276,"[""all"", ""ade""]",False,,,ORD-4135,2026-09-20T20:48:39Z
ses-20261008-4604,guest-0008,False,KIOSK,31301,"[""all"", ""tea"", ""coffee"", ""smoothie"", ""decaf""]",False,,,ORD-4136,2026-09-24T04:13:17Z
ses-20261008-4605,usr-0348,True,KIOSK,58979,"[""all"", ""ade""]",False,,,ORD-4137,2026-10-02T03:13:12Z
ses-20261008-4606,usr-0218,True,KIOSK,23080,"[""all"", ""decaf""]",False,,,ORD-4138,2026-09-20T17:35:59Z
ses-20261008-4607,guest-0013,False,KIOSK,48480,"[""all"", ""tea"", ""smoothie""]",False,,,ORD-4139,2026-10-01T20:02:20Z
ses-20261008-4608,guest-0031,False,KIOSK,89309,"[""all"", ""decaf""]",False,,,ORD-4140,2026-10-08T16:00:27Z
ses-20261008-4609,guest-0092,False,KIOSK,54871,"[""all"", ""tea""]",False,,,ORD-4141,2026-10-06T23:13:52Z
ses-20261008-4610,guest-0106,False,KIOSK,55034,"[""all"", ""coffee"", ""ade"", ""tea""]",False,,,ORD-4142,2026-10-05T20:59:18Z
ses-20261008-4611,usr-0138,True,KIOSK,24246,"[""all"", ""tea""]",False,,,ORD-4143,2026-10-09T04:51:07Z
ses-20261008-4612,usr-0171,True,KIOSK,71392,"[""all"", ""decaf""]",False,,,ORD-4144,2026-09-23T16:43:38Z
ses-20261008-4613,guest-0095,False,KIOSK,92111,"[""all"", ""smoothie""]",False,,,ORD-4145,2026-09-21T17:43:04Z
ses-20261008-4614,guest-0040,False,KIOSK,61184,"[""all"", ""smoothie""]",False,,,ORD-4146,2026-10-09T00:21:09Z
ses-20261008-4615,usr-0292,True,KIOSK,60065,"[""all"", ""tea"", ""smoothie""]",False,,,ORD-4147,2026-09-28T20:12:35Z
ses-20261008-4616,usr-0392,True,KIOSK,31222,"[""all"", ""ade"", ""smoothie""]",False,,,ORD-4148,2026-09-21T17:24:52Z
ses-20261008-4617,usr-0238,True,KIOSK,65058,"[""all"", ""decaf"", ""coffee"", ""tea""]",False,,,ORD-4149,2026-10-05T00:05:38Z
ses-20261008-4618,guest-0135,False,KIOSK,60522,"[""all"", ""tea""]",False,,,ORD-4150,2026-09-23T17:16:05Z
ses-20261008-4619,guest-0153,False,KIOSK,51440,"[""all"", ""tea"", ""ade""]",False,,,ORD-4151,2026-10-02T22:38:09Z
ses-20261008-4620,guest-0118,False,KIOSK,60280,"[""all"", ""smoothie""]",False,,,ORD-4152,2026-09-30T17:03:09Z
ses-20261008-4621,guest-0023,False,KIOSK,75158,"[""all"", ""smoothie"", ""decaf""]",False,,,ORD-4153,2026-09-26T23:06:13Z
ses-20261008-4622,guest-0101,False,KIOSK,71078,"[""all"", ""tea"", ""ade"", ""smoothie""]",False,,,ORD-4154,2026-10-01T17:05:27Z
ses-20261008-4623,usr-0358,True,KIOSK,54726,"[""all"", ""decaf""]",False,,,ORD-4155,2026-10-04T22:54:53Z
ses-20261008-4624,guest-0010,False,KIOSK,68784,"[""all"", ""ade""]",False,,,ORD-4156,2026-09-21T17:12:06Z
ses-20261008-4625,guest-0062,False,KIOSK,72595,"[""all"", ""ade""]",False,,,ORD-4157,2026-10-03T17:54:42Z
ses-20261008-4626,guest-0083,False,KIOSK,75978,"[""all"", ""ade"", ""decaf"", ""coffee""]",False,,,ORD-4158,2026-09-29T23:43:59Z
ses-20261008-4627,guest-0133,False,KIOSK,51017,"[""all"", ""tea""]",False,,,ORD-4159,2026-09-25T17:32:23Z
ses-20261008-4628,guest-0115,False,KIOSK,56918,"[""all"", ""ade""]",False,,,ORD-4160,2026-09-23T21:41:52Z
ses-20261008-4629,guest-0007,False,KIOSK,29762,"[""all"", ""tea"", ""smoothie""]",False,,,ORD-4161,2026-09-30T17:59:58Z
ses-20261008-4630,usr-0355,True,KIOSK,57600,"[""all"", ""smoothie""]",False,,,ORD-4162,2026-09-17T17:18:06Z
ses-20261008-4631,guest-0172,False,KIOSK,65259,"[""all"", ""ade""]",False,,,ORD-4163,2026-09-16T21:36:24Z
ses-20261008-4632,guest-0136,False,KIOSK,63494,"[""all"", ""decaf"", ""tea""]",False,,,ORD-4164,2026-09-24T16:19:35Z
ses-20261008-4633,guest-0174,False,KIOSK,53346,"[""all"", ""coffee"", ""decaf""]",False,,,ORD-4165,2026-09-18T16:54:08Z
ses-20261008-4634,guest-0076,False,KIOSK,61837,"[""all"", ""tea""]",False,,,ORD-4166,2026-10-05T00:59:21Z
ses-20261008-4635,usr-0194,True,KIOSK,43207,"[""all"", ""decaf""]",False,,,ORD-4167,2026-09-27T17:19:24Z
ses-20261008-4636,usr-0003,True,KIOSK,19528,"[""all"", ""decaf""]",False,,,ORD-4168,2026-09-19T21:23:44Z
ses-20261008-4637,guest-0144,False,KIOSK,75210,"[""all"", ""coffee""]",False,,,ORD-4169,2026-09-15T17:53:36Z
ses-20261008-4638,usr-0395,True,KIOSK,28121,"[""all"", ""tea""]",False,,,ORD-4170,2026-10-01T20:11:46Z
ses-20261008-4639,guest-0114,False,KIOSK,89142,"[""all"", ""ade""]",False,,,ORD-4171,2026-09-30T00:11:05Z
ses-20261008-4640,usr-0210,True,KIOSK,33607,"[""all"", ""smoothie""]",False,,,ORD-4172,2026-09-24T16:22:53Z
ses-20261008-4641,usr-0285,True,KIOSK,109043,"[""all"", ""ade""]",False,,,ORD-4173,2026-10-01T01:38:44Z
ses-20261008-4642,usr-0364,True,KIOSK,23119,"[""all"", ""decaf""]",False,,,ORD-4174,2026-09-22T02:56:47Z
ses-20261008-4643,usr-0342,True,KIOSK,48945,"[""all"", ""coffee""]",False,,,ORD-4175,2026-09-30T17:26:55Z
ses-20261008-4644,usr-0143,True,KIOSK,62681,"[""all"", ""smoothie""]",False,,,ORD-4176,2026-09-27T20:28:53Z
ses-20261008-4645,usr-0276,True,KIOSK,61594,"[""all"", ""ade"", ""coffee"", ""tea"", ""decaf""]",True,CART_SHEET,TIMEOUT_60S,,2026-10-01T20:40:14Z
ses-20261008-4646,guest-0008,False,KIOSK,68225,"[""all"", ""tea"", ""coffee"", ""ade""]",False,,,ORD-4177,2026-09-18T21:26:33Z
ses-20261008-4647,guest-0065,False,KIOSK,66077,"[""all"", ""coffee"", ""decaf"", ""ade""]",False,,,ORD-4178,2026-10-09T04:10:12Z
ses-20261008-4648,guest-0185,False,KIOSK,53472,"[""all"", ""decaf""]",False,,,ORD-4179,2026-10-08T17:36:30Z
ses-20261008-4649,guest-0151,False,KIOSK,47094,"[""all"", ""ade"", ""tea""]",False,,,ORD-4180,2026-09-18T17:42:04Z
ses-20261008-4650,guest-0089,False,KIOSK,80311,"[""all"", ""ade"", ""decaf""]",True,CART_SHEET,PRICE_HIGH,,2026-09-17T22:36:09Z
ses-20261008-4651,guest-0193,False,KIOSK,66182,"[""all"", ""decaf"", ""coffee"", ""tea""]",False,,,ORD-4181,2026-10-02T00:24:09Z
ses-20261008-4652,guest-0044,False,KIOSK,58620,"[""all"", ""tea""]",False,,,ORD-4182,2026-09-26T16:19:18Z
ses-20261008-4653,usr-0301,True,KIOSK,62658,"[""all"", ""smoothie""]",False,,,ORD-4183,2026-09-26T16:54:15Z
ses-20261008-4654,guest-0047,False,KIOSK,52208,"[""all"", ""ade"", ""smoothie""]",False,,,ORD-4184,2026-09-26T22:09:35Z
ses-20261008-4655,guest-0005,False,KIOSK,59560,"[""all"", ""decaf""]",False,,,ORD-4185,2026-10-03T21:27:32Z
ses-20261008-4656,guest-0064,False,KIOSK,79513,"[""all"", ""tea""]",False,,,ORD-4186,2026-10-01T20:55:10Z
ses-20261008-4657,guest-0061,False,KIOSK,56056,"[""all"", ""ade"", ""coffee"", ""smoothie""]",False,,,ORD-4187,2026-09-30T20:38:14Z
ses-20261008-4658,usr-0116,True,KIOSK,22651,"[""all"", ""decaf""]",False,,,ORD-4188,2026-09-18T16:46:31Z
ses-20261008-4659,guest-0118,False,KIOSK,61526,"[""all"", ""ade""]",False,,,ORD-4189,2026-10-07T03:14:04Z
ses-20261008-4660,guest-0003,False,KIOSK,51701,"[""all"", ""decaf""]",False,,,ORD-4190,2026-10-05T21:11:55Z
ses-20261008-4661,usr-0263,True,KIOSK,63548,"[""all"", ""decaf"", ""smoothie""]",False,,,ORD-4191,2026-09-21T21:38:43Z
ses-20261008-4662,guest-0044,False,KIOSK,56876,"[""all"", ""tea""]",False,,,ORD-4192,2026-09-27T20:46:52Z
ses-20261008-4663,guest-0060,False,KIOSK,77054,"[""all"", ""ade"", ""decaf""]",False,,,ORD-4193,2026-09-20T17:29:18Z
ses-20261008-4664,usr-0270,True,KIOSK,75516,"[""all"", ""decaf"", ""tea"", ""smoothie""]",False,,,ORD-4194,2026-09-30T20:35:28Z
ses-20261008-4665,guest-0009,False,KIOSK,83760,"[""all"", ""decaf""]",False,,,ORD-4195,2026-10-07T04:54:51Z
ses-20261008-4666,guest-0093,False,KIOSK,80605,"[""all"", ""decaf""]",False,,,ORD-4196,2026-09-15T20:15:21Z
ses-20261008-4667,guest-0043,False,KIOSK,46831,"[""all"", ""coffee"", ""decaf"", ""tea""]",False,,,ORD-4197,2026-10-05T16:09:52Z
ses-20261008-4668,guest-0199,False,KIOSK,96621,"[""all"", ""tea""]",False,,,ORD-4198,2026-09-19T20:27:06Z
ses-20261008-4669,usr-0315,True,KIOSK,65662,"[""all"", ""coffee"", ""tea""]",True,CART_SHEET,TIMEOUT_60S,,2026-10-05T17:55:18Z
ses-20261008-4670,guest-0179,False,KIOSK,83012,"[""all"", ""tea"", ""coffee""]",False,,,ORD-4199,2026-09-25T00:41:23Z
ses-20261008-4671,guest-0094,False,KIOSK,82452,"[""all"", ""tea""]",True,OPTION_MODAL,WAIT_TIME_LONG,,2026-09-21T16:12:25Z
ses-20261008-4672,guest-0003,False,KIOSK,90196,"[""all"", ""tea""]",False,,,ORD-4200,2026-09-26T20:36:45Z
ses-20261008-4673,guest-0175,False,KIOSK,71626,"[""all"", ""smoothie"", ""ade"", ""decaf""]",False,,,ORD-4201,2026-09-25T16:27:17Z
ses-20261008-4674,guest-0018,False,KIOSK,73670,"[""all"", ""coffee"", ""tea""]",False,,,ORD-4202,2026-10-02T01:12:22Z
ses-20261008-4675,guest-0074,False,KIOSK,59661,"[""all"", ""tea"", ""coffee""]",False,,,ORD-4203,2026-09-16T20:45:18Z
ses-20261008-4676,guest-0016,False,KIOSK,63667,"[""all"", ""decaf"", ""smoothie""]",False,,,ORD-4204,2026-09-28T16:19:54Z
ses-20261008-4677,guest-0169,False,KIOSK,68677,"[""all"", ""coffee"", ""decaf"", ""ade""]",False,,,ORD-4205,2026-09-18T16:57:54Z
ses-20261008-4678,guest-0068,False,KIOSK,50059,"[""all"", ""decaf""]",False,,,ORD-4206,2026-09-29T16:40:15Z
ses-20261008-4679,usr-0026,True,KIOSK,53601,"[""all"", ""ade""]",False,,,ORD-4207,2026-10-01T16:32:18Z
ses-20261008-4680,guest-0114,False,KIOSK,63201,"[""all"", ""decaf""]",False,,,ORD-4208,2026-09-27T21:48:25Z
ses-20261008-4681,guest-0177,False,KIOSK,81455,"[""all"", ""decaf"", ""ade""]",False,,,ORD-4209,2026-10-07T04:10:23Z
ses-20261008-4682,guest-0051,False,KIOSK,80463,"[""all"", ""tea"", ""ade""]",False,,,ORD-4210,2026-10-03T17:28:11Z
ses-20261008-4683,guest-0113,False,KIOSK,56638,"[""all"", ""coffee"", ""ade"", ""tea""]",False,,,ORD-4211,2026-09-29T01:55:36Z
ses-20261008-4684,usr-0371,True,KIOSK,38946,"[""all"", ""coffee""]",False,,,ORD-4212,2026-09-22T16:26:57Z
ses-20261008-4685,guest-0110,False,KIOSK,59142,"[""all"", ""decaf"", ""smoothie"", ""tea""]",False,,,ORD-4213,2026-10-07T04:30:49Z
ses-20261008-4686,usr-0103,True,KIOSK,26927,"[""all"", ""tea"", ""coffee""]",False,,,ORD-4214,2026-09-26T21:44:49Z
ses-20261008-4687,guest-0128,False,KIOSK,54974,"[""all"", ""decaf"", ""ade"", ""coffee""]",False,,,ORD-4215,2026-10-02T16:27:32Z
ses-20261008-4688,guest-0007,False,KIOSK,75774,"[""all"", ""coffee"", ""tea"", ""smoothie""]",False,,,ORD-4216,2026-09-23T16:22:19Z
ses-20261008-4689,guest-0027,False,KIOSK,61037,"[""all"", ""coffee""]",False,,,ORD-4217,2026-09-25T04:42:49Z
ses-20261008-4690,guest-0038,False,KIOSK,40176,"[""all"", ""smoothie""]",False,,,ORD-4218,2026-10-02T00:13:52Z
ses-20261008-4691,guest-0001,False,KIOSK,63853,"[""all"", ""coffee""]",False,,,ORD-4219,2026-10-01T00:48:01Z
ses-20261008-4692,guest-0151,False,KIOSK,95811,"[""all"", ""ade"", ""smoothie""]",False,,,ORD-4220,2026-09-28T20:47:19Z
ses-20261008-4693,usr-0073,True,KIOSK,26016,"[""all"", ""decaf""]",False,,,ORD-4221,2026-09-28T16:03:18Z
ses-20261008-4694,usr-0134,True,KIOSK,109199,"[""all"", ""smoothie"", ""tea""]",True,CART_SHEET,WAIT_TIME_LONG,,2026-09-16T22:25:12Z
ses-20261008-4695,guest-0079,False,KIOSK,63313,"[""all"", ""coffee""]",False,,,ORD-4222,2026-09-26T16:39:13Z
ses-20261008-4696,guest-0187,False,KIOSK,80470,"[""all"", ""tea""]",False,,,ORD-4223,2026-10-05T21:38:17Z
ses-20261008-4697,usr-0369,True,KIOSK,17905,"[""all"", ""coffee"", ""smoothie"", ""ade""]",False,,,ORD-4224,2026-09-16T16:05:56Z
ses-20261008-4698,guest-0090,False,KIOSK,72742,"[""all"", ""smoothie""]",False,,,ORD-4225,2026-10-07T21:04:54Z
ses-20261008-4699,usr-0328,True,KIOSK,69885,"[""all"", ""decaf"", ""ade"", ""smoothie"", ""tea""]",False,,,ORD-4226,2026-09-20T03:25:50Z
ses-20261008-4700,guest-0053,False,KIOSK,52611,"[""all"", ""decaf""]",False,,,ORD-4227,2026-10-06T21:43:24Z
ses-20261008-4701,guest-0043,False,KIOSK,70766,"[""all"", ""smoothie"", ""decaf""]",False,,,ORD-4228,2026-09-23T23:20:06Z
ses-20261008-4702,guest-0186,False,KIOSK,68927,"[""all"", ""ade"", ""tea"", ""decaf""]",False,,,ORD-4229,2026-09-23T20:59:35Z
ses-20261008-4703,usr-0032,True,KIOSK,59251,"[""all"", ""tea""]",False,,,ORD-4230,2026-09-28T17:45:03Z
ses-20261008-4704,usr-0264,True,KIOSK,49019,"[""all"", ""decaf""]",False,,,ORD-4231,2026-09-30T01:07:58Z
ses-20261008-4705,guest-0055,False,KIOSK,61622,"[""all"", ""smoothie""]",False,,,ORD-4232,2026-09-28T16:28:04Z
ses-20261008-4706,guest-0155,False,KIOSK,80826,"[""all"", ""decaf""]",False,,,ORD-4233,2026-09-25T23:58:51Z
ses-20261008-4707,guest-0144,False,KIOSK,55646,"[""all"", ""ade""]",False,,,ORD-4234,2026-09-21T20:15:39Z
ses-20261008-4708,usr-0302,True,KIOSK,19491,"[""all"", ""coffee"", ""decaf""]",False,,,ORD-4235,2026-09-17T02:47:10Z
ses-20261008-4709,usr-0278,True,KIOSK,107784,"[""all"", ""tea""]",True,OPTION_MODAL,PRICE_HIGH,,2026-09-21T01:20:49Z
ses-20261008-4710,guest-0115,False,KIOSK,55054,"[""all"", ""decaf"", ""smoothie""]",False,,,ORD-4236,2026-09-24T20:48:23Z
ses-20261008-4711,guest-0070,False,KIOSK,69347,"[""all"", ""ade"", ""coffee""]",False,,,ORD-4237,2026-09-30T16:54:28Z
ses-20261008-4712,guest-0107,False,KIOSK,67740,"[""all"", ""decaf""]",False,,,ORD-4238,2026-09-26T17:58:24Z
ses-20261008-4713,guest-0183,False,KIOSK,71580,"[""all"", ""smoothie""]",False,,,ORD-4239,2026-09-24T22:50:29Z
ses-20261008-4714,guest-0163,False,KIOSK,57889,"[""all"", ""smoothie""]",False,,,ORD-4240,2026-10-06T02:09:47Z
ses-20261008-4715,usr-0284,True,KIOSK,90046,"[""all"", ""ade"", ""tea"", ""decaf""]",True,CART_SHEET,WAIT_TIME_LONG,,2026-09-27T17:06:56Z
ses-20261008-4716,usr-0296,True,KIOSK,20099,"[""all"", ""coffee""]",False,,,ORD-4241,2026-10-01T20:43:01Z
ses-20261008-4717,guest-0046,False,KIOSK,37670,"[""all"", ""coffee"", ""tea""]",False,,,ORD-4242,2026-09-26T20:03:45Z
ses-20261008-4718,guest-0084,False,KIOSK,42498,"[""all"", ""decaf"", ""ade""]",False,,,ORD-4243,2026-10-03T21:20:13Z
ses-20261008-4719,guest-0148,False,KIOSK,63188,"[""all"", ""decaf"", ""coffee""]",False,,,ORD-4244,2026-09-26T22:15:21Z
ses-20261008-4720,usr-0247,True,KIOSK,20530,"[""all"", ""coffee"", ""ade"", ""decaf"", ""smoothie""]",False,,,ORD-4245,2026-09-20T03:20:04Z
ses-20261008-4721,usr-0097,True,KIOSK,80889,"[""all"", ""smoothie""]",False,,,ORD-4246,2026-09-18T21:42:23Z
ses-20261008-4722,guest-0034,False,KIOSK,59999,"[""all"", ""tea"", ""coffee""]",False,,,ORD-4247,2026-10-01T21:31:40Z
ses-20261008-4723,guest-0132,False,KIOSK,91511,"[""all"", ""smoothie"", ""ade"", ""coffee""]",True,PAY_POPUP,TIMEOUT_60S,,2026-09-19T17:34:06Z
ses-20261008-4724,usr-0307,True,KIOSK,82518,"[""all"", ""ade""]",False,,,ORD-4248,2026-09-18T16:24:05Z
ses-20261008-4725,guest-0005,False,KIOSK,51607,"[""all"", ""coffee"", ""tea"", ""decaf""]",False,,,ORD-4249,2026-10-08T23:31:59Z
ses-20261008-4726,guest-0071,False,KIOSK,70714,"[""all"", ""smoothie"", ""coffee"", ""decaf""]",False,,,ORD-4250,2026-10-07T17:42:16Z
ses-20261008-4727,guest-0064,False,KIOSK,59138,"[""all"", ""tea"", ""ade""]",False,,,ORD-4251,2026-09-18T21:55:41Z
ses-20261008-4728,guest-0099,False,KIOSK,46666,"[""all"", ""decaf"", ""coffee""]",False,,,ORD-4252,2026-09-19T16:19:14Z
ses-20261008-4729,guest-0067,False,KIOSK,47992,"[""all"", ""smoothie""]",False,,,ORD-4253,2026-09-20T21:34:38Z
ses-20261008-4730,usr-0227,True,KIOSK,53601,"[""all"", ""tea"", ""coffee""]",False,,,ORD-4254,2026-09-25T17:04:44Z
ses-20261008-4731,usr-0265,True,KIOSK,72776,"[""all"", ""decaf"", ""ade"", ""smoothie"", ""tea""]",False,,,ORD-4255,2026-09-21T21:15:20Z
ses-20261008-4732,guest-0098,False,KIOSK,82814,"[""all"", ""ade"", ""smoothie""]",False,,,ORD-4256,2026-09-23T17:48:48Z
ses-20261008-4733,guest-0137,False,KIOSK,57751,"[""all"", ""smoothie"", ""coffee""]",False,,,ORD-4257,2026-09-19T22:39:41Z
ses-20261008-4734,guest-0170,False,KIOSK,76604,"[""all"", ""coffee"", ""decaf""]",False,,,ORD-4258,2026-09-26T23:40:19Z
ses-20261008-4735,usr-0340,True,KIOSK,60263,"[""all"", ""smoothie"", ""ade""]",False,,,ORD-4259,2026-09-16T03:45:12Z
ses-20261008-4736,guest-0084,False,KIOSK,77696,"[""all"", ""smoothie""]",False,,,ORD-4260,2026-09-25T21:11:46Z
ses-20261008-4737,guest-0159,False,KIOSK,54254,"[""all"", ""ade""]",False,,,ORD-4261,2026-09-18T20:26:05Z
ses-20261008-4738,guest-0134,False,KIOSK,56617,"[""all"", ""smoothie"", ""coffee""]",False,,,ORD-4262,2026-10-07T20:17:08Z
ses-20261008-4739,usr-0045,True,KIOSK,26677,"[""all"", ""tea"", ""smoothie"", ""coffee""]",False,,,ORD-4263,2026-09-24T17:25:38Z
ses-20261008-4740,usr-0176,True,KIOSK,35282,"[""all"", ""tea"", ""smoothie"", ""decaf"", ""ade""]",False,,,ORD-4264,2026-09-26T20:52:24Z
ses-20261008-4741,guest-0199,False,KIOSK,65083,"[""all"", ""decaf""]",False,,,ORD-4265,2026-09-30T00:04:31Z
ses-20261008-4742,usr-0234,True,KIOSK,65351,"[""all"", ""coffee""]",False,,,ORD-4266,2026-09-23T21:56:45Z
ses-20261008-4743,usr-0227,True,KIOSK,61053,"[""all"", ""smoothie""]",False,,,ORD-4267,2026-09-27T01:47:33Z
ses-20261008-4744,usr-0171,True,KIOSK,75474,"[""all"", ""tea"", ""coffee"", ""ade""]",False,,,ORD-4268,2026-09-23T20:08:13Z
ses-20261008-4745,guest-0173,False,KIOSK,89848,"[""all"", ""smoothie""]",False,,,ORD-4269,2026-09-20T23:15:05Z
ses-20261008-4746,guest-0011,False,KIOSK,89092,"[""all"", ""tea"", ""ade""]",True,PAY_POPUP,WAIT_TIME_LONG,,2026-10-08T21:12:48Z
ses-20261008-4747,guest-0187,False,KIOSK,48954,"[""all"", ""ade"", ""coffee""]",False,,,ORD-4270,2026-09-25T23:34:53Z
ses-20261008-4748,usr-0023,True,KIOSK,63625,"[""all"", ""tea"", ""decaf"", ""smoothie""]",False,,,ORD-4271,2026-10-09T04:46:48Z
ses-20261008-4749,usr-0140,True,KIOSK,52265,"[""all"", ""ade"", ""coffee""]",False,,,ORD-4272,2026-09-20T21:10:50Z
ses-20261008-4750,usr-0223,True,KIOSK,70093,"[""all"", ""smoothie""]",False,,,ORD-4273,2026-09-22T20:22:10Z
ses-20261008-4751,guest-0099,False,KIOSK,35277,"[""all"", ""smoothie"", ""decaf""]",False,,,ORD-4274,2026-09-26T20:47:11Z
ses-20261008-4752,usr-0161,True,KIOSK,47464,"[""all"", ""coffee"", ""smoothie""]",False,,,ORD-4275,2026-09-15T17:00:21Z
ses-20261008-4753,usr-0262,True,KIOSK,76629,"[""all"", ""smoothie"", ""coffee""]",False,,,ORD-4276,2026-09-22T20:31:47Z
ses-20261008-4754,usr-0032,True,KIOSK,59803,"[""all"", ""smoothie"", ""ade"", ""decaf""]",False,,,ORD-4277,2026-09-17T23:18:34Z
ses-20261008-4755,guest-0156,False,KIOSK,79321,"[""all"", ""ade"", ""tea"", ""decaf""]",False,,,ORD-4278,2026-09-30T16:12:21Z
ses-20261008-4756,guest-0122,False,KIOSK,53421,"[""all"", ""decaf""]",False,,,ORD-4279,2026-10-05T20:07:56Z
ses-20261008-4757,guest-0021,False,KIOSK,63358,"[""all"", ""smoothie"", ""coffee""]",False,,,ORD-4280,2026-09-29T00:22:14Z
ses-20261008-4758,usr-0188,True,KIOSK,74524,"[""all"", ""smoothie"", ""ade""]",False,,,ORD-4281,2026-09-24T17:52:39Z
ses-20261008-4759,guest-0083,False,KIOSK,68961,"[""all"", ""smoothie"", ""ade"", ""decaf""]",False,,,ORD-4282,2026-09-23T17:56:01Z
ses-20261008-4760,usr-0322,True,KIOSK,79629,"[""all"", ""tea"", ""smoothie"", ""decaf""]",False,,,ORD-4283,2026-09-28T16:34:52Z
ses-20261008-4761,guest-0063,False,KIOSK,72342,"[""all"", ""tea"", ""smoothie"", ""ade""]",False,,,ORD-4284,2026-10-03T20:52:41Z
ses-20261008-4762,guest-0185,False,KIOSK,59913,"[""all"", ""tea"", ""coffee""]",False,,,ORD-4285,2026-10-01T17:18:26Z
ses-20261008-4763,guest-0164,False,KIOSK,82157,"[""all"", ""tea""]",False,,,ORD-4286,2026-09-28T21:35:03Z
ses-20261008-4764,guest-0145,False,KIOSK,64182,"[""all"", ""tea"", ""decaf""]",False,,,ORD-4287,2026-09-18T16:35:39Z
ses-20261008-4765,usr-0194,True,KIOSK,65626,"[""all"", ""tea"", ""decaf""]",False,,,ORD-4288,2026-10-05T20:12:07Z
ses-20261008-4766,guest-0185,False,KIOSK,79951,"[""all"", ""tea"", ""coffee""]",False,,,ORD-4289,2026-09-22T17:34:45Z
ses-20261008-4767,usr-0311,True,KIOSK,44718,"[""all"", ""coffee"", ""tea""]",False,,,ORD-4290,2026-10-03T17:37:13Z
ses-20261008-4768,guest-0070,False,KIOSK,81690,"[""all"", ""decaf"", ""coffee""]",False,,,ORD-4291,2026-10-08T17:24:07Z
ses-20261008-4769,guest-0011,False,KIOSK,80431,"[""all"", ""ade"", ""coffee"", ""tea""]",False,,,ORD-4292,2026-09-18T20:34:05Z
ses-20261008-4770,guest-0093,False,KIOSK,58415,"[""all"", ""tea"", ""smoothie""]",False,,,ORD-4293,2026-10-07T01:15:31Z
ses-20261008-4771,usr-0102,True,KIOSK,18271,"[""all"", ""coffee"", ""tea""]",False,,,ORD-4294,2026-09-21T03:18:02Z
ses-20261008-4772,guest-0197,False,KIOSK,63994,"[""all"", ""tea"", ""coffee""]",False,,,ORD-4295,2026-09-22T21:23:06Z
ses-20261008-4773,guest-0029,False,KIOSK,44020,"[""all"", ""decaf"", ""tea"", ""smoothie""]",False,,,ORD-4296,2026-09-20T17:43:57Z
ses-20261008-4774,usr-0259,True,KIOSK,51309,"[""all"", ""decaf"", ""ade""]",False,,,ORD-4297,2026-09-19T21:06:33Z
ses-20261008-4775,guest-0164,False,KIOSK,48167,"[""all"", ""coffee""]",False,,,ORD-4298,2026-09-21T20:09:33Z
ses-20261008-4776,guest-0033,False,KIOSK,36058,"[""all"", ""decaf"", ""tea"", ""smoothie""]",False,,,ORD-4299,2026-09-22T23:39:43Z
ses-20261008-4777,guest-0049,False,KIOSK,75195,"[""all"", ""smoothie"", ""coffee""]",False,,,ORD-4300,2026-09-15T21:42:39Z
ses-20261008-4778,guest-0121,False,KIOSK,96937,"[""all"", ""smoothie""]",True,PAY_POPUP,TIMEOUT_60S,,2026-09-23T17:56:19Z
ses-20261008-4779,guest-0111,False,KIOSK,68233,"[""all"", ""coffee""]",False,,,ORD-4301,2026-09-24T21:44:29Z
ses-20261008-4780,guest-0024,False,KIOSK,73301,"[""all"", ""tea"", ""smoothie""]",False,,,ORD-4302,2026-09-21T16:27:01Z
ses-20261008-4781,guest-0041,False,KIOSK,66238,"[""all"", ""coffee""]",False,,,ORD-4303,2026-09-26T20:15:41Z
ses-20261008-4782,guest-0022,False,KIOSK,55294,"[""all"", ""ade""]",False,,,ORD-4304,2026-09-28T02:22:17Z
ses-20261008-4783,guest-0009,False,KIOSK,75323,"[""all"", ""tea"", ""decaf"", ""smoothie""]",False,,,ORD-4305,2026-10-04T20:11:39Z
ses-20261008-4784,guest-0074,False,KIOSK,59511,"[""all"", ""coffee"", ""smoothie""]",False,,,ORD-4306,2026-09-15T21:15:08Z
ses-20261008-4785,usr-0210,True,KIOSK,90632,"[""all"", ""coffee"", ""tea""]",False,,,ORD-4307,2026-10-07T00:59:02Z
ses-20261008-4786,usr-0305,True,KIOSK,70709,"[""all"", ""decaf"", ""tea""]",False,,,ORD-4308,2026-10-02T21:47:45Z
ses-20261008-4787,guest-0144,False,KIOSK,76163,"[""all"", ""coffee"", ""decaf""]",False,,,ORD-4309,2026-09-26T00:25:22Z
ses-20261008-4788,usr-0383,True,KIOSK,84826,"[""all"", ""smoothie"", ""coffee"", ""tea""]",False,,,ORD-4310,2026-09-22T00:09:20Z
ses-20261008-4789,guest-0110,False,KIOSK,52496,"[""all"", ""tea"", ""smoothie"", ""decaf""]",False,,,ORD-4311,2026-09-27T20:40:24Z
ses-20261008-4790,usr-0131,True,KIOSK,49733,"[""all"", ""ade""]",False,,,ORD-4312,2026-09-30T21:39:41Z
ses-20261008-4791,usr-0024,True,KIOSK,24028,"[""all"", ""tea""]",False,,,ORD-4313,2026-10-03T20:13:55Z
ses-20261008-4792,guest-0089,False,KIOSK,77029,"[""all"", ""smoothie"", ""ade""]",False,,,ORD-4314,2026-09-26T22:54:37Z
ses-20261008-4793,usr-0327,True,KIOSK,84284,"[""all"", ""smoothie""]",False,,,ORD-4315,2026-09-18T22:40:49Z
ses-20261008-4794,guest-0165,False,KIOSK,83924,"[""all"", ""ade"", ""tea""]",False,,,ORD-4316,2026-09-23T22:19:17Z
ses-20261008-4795,guest-0080,False,KIOSK,72151,"[""all"", ""tea""]",False,,,ORD-4317,2026-10-01T21:02:23Z
ses-20261008-4796,guest-0123,False,KIOSK,97825,"[""all"", ""tea"", ""smoothie""]",False,,,ORD-4318,2026-09-28T17:09:09Z
ses-20261008-4797,usr-0152,True,KIOSK,57247,"[""all"", ""coffee"", ""tea""]",False,,,ORD-4319,2026-09-22T17:57:56Z
ses-20261008-4798,guest-0182,False,KIOSK,73426,"[""all"", ""smoothie""]",False,,,ORD-4320,2026-09-30T16:41:47Z
ses-20261008-4799,guest-0071,False,KIOSK,70456,"[""all"", ""smoothie"", ""ade""]",False,,,ORD-4321,2026-09-30T20:10:27Z
ses-20261008-4800,guest-0046,False,KIOSK,69863,"[""all"", ""decaf"", ""smoothie""]",False,,,ORD-4322,2026-10-06T16:14:01Z
ses-20261008-4801,guest-0094,False,KIOSK,64802,"[""all"", ""decaf""]",False,,,ORD-4323,2026-10-07T16:42:16Z
ses-20261008-4802,guest-0145,False,KIOSK,74102,"[""all"", ""decaf""]",False,,,ORD-4324,2026-10-07T21:20:41Z
ses-20261008-4803,guest-0086,False,KIOSK,48520,"[""all"", ""ade""]",False,,,ORD-4325,2026-09-20T21:38:03Z
ses-20261008-4804,guest-0137,False,KIOSK,65032,"[""all"", ""tea"", ""coffee""]",False,,,ORD-4326,2026-10-02T16:17:31Z
ses-20261008-4805,guest-0092,False,KIOSK,69634,"[""all"", ""coffee"", ""tea""]",False,,,ORD-4327,2026-10-07T21:13:55Z
ses-20261008-4806,usr-0184,True,KIOSK,67403,"[""all"", ""coffee""]",False,,,ORD-4328,2026-10-07T00:32:50Z
ses-20261008-4807,usr-0211,True,KIOSK,28527,"[""all"", ""decaf""]",False,,,ORD-4329,2026-10-05T23:57:06Z
ses-20261008-4808,guest-0101,False,KIOSK,79413,"[""all"", ""tea"", ""coffee""]",False,,,ORD-4330,2026-09-20T16:07:40Z
ses-20261008-4809,guest-0188,False,KIOSK,77749,"[""all"", ""decaf""]",False,,,ORD-4331,2026-09-29T21:15:50Z
ses-20261008-4810,guest-0179,False,KIOSK,58915,"[""all"", ""tea"", ""ade"", ""coffee"", ""decaf""]",False,,,ORD-4332,2026-10-07T16:05:21Z
ses-20261008-4811,usr-0073,True,KIOSK,34549,"[""all"", ""tea"", ""coffee""]",False,,,ORD-4333,2026-09-20T21:23:41Z
ses-20261008-4812,guest-0155,False,KIOSK,58038,"[""all"", ""smoothie"", ""ade""]",False,,,ORD-4334,2026-09-18T20:21:12Z
ses-20261008-4813,guest-0093,False,KIOSK,65691,"[""all"", ""coffee"", ""ade"", ""smoothie""]",True,CART_SHEET,WAIT_TIME_LONG,,2026-09-29T00:05:50Z
ses-20261008-4814,guest-0068,False,KIOSK,75250,"[""all"", ""decaf"", ""smoothie""]",False,,,ORD-4335,2026-09-29T03:46:42Z
ses-20261008-4815,usr-0075,True,KIOSK,55303,"[""all"", ""smoothie""]",False,,,ORD-4336,2026-10-05T21:57:43Z
ses-20261008-4816,guest-0180,False,KIOSK,53133,"[""all"", ""tea"", ""smoothie"", ""ade""]",False,,,ORD-4337,2026-09-17T21:04:01Z
ses-20261008-4817,guest-0176,False,KIOSK,68431,"[""all"", ""decaf"", ""tea""]",False,,,ORD-4338,2026-10-01T16:30:35Z
ses-20261008-4818,guest-0141,False,KIOSK,67518,"[""all"", ""smoothie"", ""coffee""]",False,,,ORD-4339,2026-09-17T21:14:50Z
ses-20261008-4819,usr-0164,True,KIOSK,74522,"[""all"", ""decaf"", ""tea""]",False,,,ORD-4340,2026-09-24T16:01:52Z
ses-20261008-4820,guest-0040,False,KIOSK,89932,"[""all"", ""smoothie"", ""coffee"", ""decaf"", ""tea""]",True,CART_SHEET,TIMEOUT_60S,,2026-09-26T22:06:16Z
ses-20261008-4821,guest-0113,False,KIOSK,75712,"[""all"", ""decaf"", ""coffee"", ""ade"", ""tea""]",False,,,ORD-4341,2026-09-30T23:20:13Z
ses-20261008-4822,usr-0377,True,KIOSK,24637,"[""all"", ""coffee""]",False,,,ORD-4342,2026-09-29T17:58:54Z
ses-20261008-4823,guest-0175,False,KIOSK,81681,"[""all"", ""tea"", ""coffee"", ""smoothie""]",False,,,ORD-4343,2026-09-17T22:54:23Z
ses-20261008-4824,guest-0149,False,KIOSK,39158,"[""all"", ""smoothie"", ""decaf"", ""coffee""]",False,,,ORD-4344,2026-09-26T17:54:02Z
ses-20261008-4825,guest-0089,False,KIOSK,51051,"[""all"", ""ade"", ""coffee"", ""smoothie""]",False,,,ORD-4345,2026-09-15T17:10:05Z
ses-20261008-4826,guest-0083,False,KIOSK,68290,"[""all"", ""tea"", ""decaf""]",False,,,ORD-4346,2026-09-26T17:46:44Z
ses-20261008-4827,guest-0086,False,KIOSK,75676,"[""all"", ""ade"", ""coffee""]",False,,,ORD-4347,2026-09-28T17:14:34Z
ses-20261008-4828,usr-0105,True,KIOSK,74596,"[""all"", ""coffee""]",False,,,ORD-4348,2026-09-18T00:20:00Z
ses-20261008-4829,guest-0145,False,KIOSK,49398,"[""all"", ""ade""]",False,,,ORD-4349,2026-10-02T21:45:52Z
ses-20261008-4830,usr-0210,True,KIOSK,78158,"[""all"", ""smoothie"", ""tea""]",False,,,ORD-4350,2026-09-17T22:03:39Z
ses-20261008-4831,usr-0341,True,KIOSK,72936,"[""all"", ""smoothie"", ""decaf"", ""tea""]",False,,,ORD-4351,2026-09-15T17:32:51Z
ses-20261008-4832,guest-0115,False,KIOSK,79306,"[""all"", ""coffee""]",False,,,ORD-4352,2026-09-26T00:40:33Z
ses-20261008-4833,guest-0111,False,KIOSK,80902,"[""all"", ""smoothie"", ""coffee"", ""ade""]",False,,,ORD-4353,2026-09-25T20:29:47Z
ses-20261008-4834,guest-0038,False,KIOSK,68166,"[""all"", ""smoothie""]",False,,,ORD-4354,2026-10-05T16:57:21Z
ses-20261008-4835,usr-0047,True,KIOSK,73333,"[""all"", ""coffee"", ""ade""]",False,,,ORD-4355,2026-09-22T20:47:21Z
ses-20261008-4836,guest-0050,False,KIOSK,70546,"[""all"", ""tea""]",True,OPTION_MODAL,PRICE_HIGH,,2026-10-01T16:07:08Z
ses-20261008-4837,guest-0149,False,KIOSK,52966,"[""all"", ""smoothie"", ""decaf""]",False,,,ORD-4356,2026-10-05T16:26:21Z
ses-20261008-4838,guest-0039,False,KIOSK,58300,"[""all"", ""tea"", ""decaf""]",False,,,ORD-4357,2026-09-15T22:00:40Z
ses-20261008-4839,usr-0365,True,KIOSK,56174,"[""all"", ""smoothie""]",False,,,ORD-4358,2026-10-05T03:44:48Z
ses-20261008-4840,guest-0062,False,KIOSK,83627,"[""all"", ""coffee"", ""smoothie""]",False,,,ORD-4359,2026-09-23T20:50:25Z
ses-20261008-4841,usr-0270,True,KIOSK,71801,"[""all"", ""ade"", ""tea""]",False,,,ORD-4360,2026-09-18T20:43:03Z
ses-20261008-4842,guest-0021,False,KIOSK,44503,"[""all"", ""decaf""]",False,,,ORD-4361,2026-09-24T16:14:04Z
ses-20261008-4843,usr-0110,True,KIOSK,23961,"[""all"", ""coffee""]",False,,,ORD-4362,2026-09-24T21:17:51Z
ses-20261008-4844,guest-0055,False,KIOSK,67962,"[""all"", ""smoothie""]",False,,,ORD-4363,2026-09-26T00:25:59Z
ses-20261008-4845,guest-0090,False,KIOSK,47091,"[""all"", ""tea""]",False,,,ORD-4364,2026-10-06T22:51:01Z
ses-20261008-4846,usr-0200,True,KIOSK,78663,"[""all"", ""coffee""]",False,,,ORD-4365,2026-09-30T00:05:18Z
ses-20261008-4847,guest-0162,False,KIOSK,74008,"[""all"", ""smoothie""]",False,,,ORD-4366,2026-10-08T20:42:28Z
ses-20261008-4848,usr-0147,True,KIOSK,93428,"[""all"", ""coffee""]",False,,,ORD-4367,2026-10-03T03:04:00Z
ses-20261008-4849,guest-0011,False,KIOSK,61215,"[""all"", ""coffee"", ""decaf"", ""smoothie""]",False,,,ORD-4368,2026-09-29T16:06:51Z
ses-20261008-4850,usr-0275,True,KIOSK,28825,"[""all"", ""tea""]",False,,,ORD-4369,2026-09-23T01:08:40Z
ses-20261008-4851,usr-0061,True,KIOSK,39713,"[""all"", ""tea""]",False,,,ORD-4370,2026-09-19T16:07:08Z
ses-20261008-4852,guest-0063,False,KIOSK,64947,"[""all"", ""coffee"", ""smoothie"", ""ade""]",False,,,ORD-4371,2026-09-18T00:25:36Z
ses-20261008-4853,guest-0116,False,KIOSK,69006,"[""all"", ""smoothie""]",False,,,ORD-4372,2026-09-25T17:07:42Z
ses-20261008-4854,usr-0400,True,KIOSK,52271,"[""all"", ""decaf"", ""ade"", ""smoothie""]",False,,,ORD-4373,2026-10-08T21:53:18Z
ses-20261008-4855,guest-0100,False,KIOSK,52140,"[""all"", ""tea""]",False,,,ORD-4374,2026-09-21T20:31:38Z
ses-20261008-4856,guest-0043,False,KIOSK,62437,"[""all"", ""decaf"", ""smoothie""]",False,,,ORD-4375,2026-09-29T16:07:00Z
ses-20261008-4857,guest-0129,False,KIOSK,73145,"[""all"", ""coffee"", ""ade""]",False,,,ORD-4376,2026-10-03T17:08:28Z
ses-20261008-4858,guest-0070,False,KIOSK,34749,"[""all"", ""tea""]",False,,,ORD-4377,2026-09-19T20:10:52Z
ses-20261008-4859,guest-0085,False,KIOSK,64615,"[""all"", ""coffee"", ""tea""]",False,,,ORD-4378,2026-09-15T17:12:27Z
ses-20261008-4860,guest-0036,False,KIOSK,65803,"[""all"", ""tea""]",False,,,ORD-4379,2026-09-27T16:49:32Z
ses-20261008-4861,guest-0148,False,KIOSK,43930,"[""all"", ""coffee""]",False,,,ORD-4380,2026-10-07T20:35:22Z
ses-20261008-4862,guest-0191,False,KIOSK,74018,"[""all"", ""decaf"", ""smoothie""]",True,OPTION_MODAL,PRICE_HIGH,,2026-09-17T22:47:29Z
ses-20261008-4863,guest-0060,False,KIOSK,53540,"[""all"", ""decaf"", ""ade""]",False,,,ORD-4381,2026-10-01T17:53:54Z
ses-20261008-4864,guest-0014,False,KIOSK,70938,"[""all"", ""smoothie""]",False,,,ORD-4382,2026-09-30T21:19:18Z
ses-20261008-4865,guest-0176,False,KIOSK,63146,"[""all"", ""decaf"", ""ade""]",False,,,ORD-4383,2026-09-28T21:08:37Z
ses-20261008-4866,guest-0009,False,KIOSK,54654,"[""all"", ""ade""]",False,,,ORD-4384,2026-10-09T01:52:49Z
ses-20261008-4867,guest-0127,False,KIOSK,25938,"[""all"", ""ade""]",False,,,ORD-4385,2026-09-23T16:47:38Z
ses-20261008-4868,guest-0024,False,KIOSK,59455,"[""all"", ""ade"", ""coffee""]",False,,,ORD-4386,2026-09-18T21:02:29Z
ses-20261008-4869,usr-0264,True,KIOSK,57934,"[""all"", ""decaf""]",False,,,ORD-4387,2026-09-27T17:40:58Z
ses-20261008-4870,guest-0082,False,KIOSK,82073,"[""all"", ""ade""]",True,CART_SHEET,WAIT_TIME_LONG,,2026-10-03T21:50:14Z
ses-20261008-4871,guest-0164,False,KIOSK,61220,"[""all"", ""ade"", ""smoothie"", ""decaf"", ""tea""]",False,,,ORD-4388,2026-10-09T04:06:59Z
ses-20261008-4872,guest-0058,False,KIOSK,79213,"[""all"", ""smoothie""]",False,,,ORD-4389,2026-10-05T21:12:44Z
ses-20261008-4873,guest-0114,False,KIOSK,69580,"[""all"", ""ade"", ""decaf""]",False,,,ORD-4390,2026-10-02T17:53:23Z
ses-20261008-4874,guest-0084,False,KIOSK,81725,"[""all"", ""coffee""]",False,,,ORD-4391,2026-09-17T21:59:10Z
ses-20261008-4875,guest-0096,False,KIOSK,57059,"[""all"", ""coffee""]",False,,,ORD-4392,2026-09-20T17:33:48Z
ses-20261008-4876,guest-0176,False,KIOSK,85360,"[""all"", ""ade"", ""tea"", ""smoothie""]",False,,,ORD-4393,2026-10-06T22:29:40Z
ses-20261008-4877,guest-0164,False,KIOSK,67978,"[""all"", ""tea""]",False,,,ORD-4394,2026-09-18T17:00:03Z
ses-20261008-4878,guest-0184,False,KIOSK,55896,"[""all"", ""coffee"", ""decaf""]",False,,,ORD-4395,2026-09-28T16:04:31Z
ses-20261008-4879,guest-0002,False,KIOSK,82616,"[""all"", ""tea"", ""smoothie"", ""ade""]",False,,,ORD-4396,2026-10-05T16:49:59Z
ses-20261008-4880,guest-0122,False,KIOSK,84815,"[""all"", ""ade""]",False,,,ORD-4397,2026-09-18T23:21:40Z
ses-20261008-4881,usr-0071,True,KIOSK,25607,"[""all"", ""ade"", ""smoothie"", ""coffee""]",False,,,ORD-4398,2026-10-03T16:15:53Z
ses-20261008-4882,usr-0216,True,KIOSK,59193,"[""all"", ""decaf"", ""smoothie""]",False,,,ORD-4399,2026-10-01T22:03:51Z
ses-20261008-4883,usr-0168,True,KIOSK,64200,"[""all"", ""tea""]",False,,,ORD-4400,2026-10-07T17:46:55Z
ses-20261008-4884,usr-0280,True,KIOSK,62674,"[""all"", ""ade""]",False,,,ORD-4401,2026-09-28T17:29:24Z
ses-20261008-4885,usr-0266,True,KIOSK,61250,"[""all"", ""tea""]",False,,,ORD-4402,2026-09-15T21:55:09Z
ses-20261008-4886,guest-0122,False,KIOSK,50455,"[""all"", ""tea""]",False,,,ORD-4403,2026-09-15T22:02:13Z
ses-20261008-4887,usr-0046,True,KIOSK,84464,"[""all"", ""ade"", ""coffee"", ""tea""]",False,,,ORD-4404,2026-09-24T04:47:35Z
ses-20261008-4888,guest-0115,False,KIOSK,63189,"[""all"", ""decaf""]",False,,,ORD-4405,2026-09-27T20:18:01Z
ses-20261008-4889,guest-0091,False,KIOSK,56135,"[""all"", ""smoothie"", ""tea""]",False,,,ORD-4406,2026-10-06T21:22:01Z
ses-20261008-4890,guest-0007,False,KIOSK,58382,"[""all"", ""decaf"", ""ade""]",False,,,ORD-4407,2026-09-25T17:16:58Z
ses-20261008-4891,usr-0267,True,KIOSK,56873,"[""all"", ""coffee""]",False,,,ORD-4408,2026-09-27T00:51:43Z
ses-20261008-4892,guest-0191,False,KIOSK,93314,"[""all"", ""decaf""]",True,OPTION_MODAL,WAIT_TIME_LONG,,2026-09-29T17:19:04Z
ses-20261008-4893,usr-0085,True,KIOSK,44599,"[""all"", ""coffee"", ""decaf""]",False,,,ORD-4409,2026-09-19T20:37:40Z
ses-20261008-4894,usr-0369,True,KIOSK,31153,"[""all"", ""tea"", ""smoothie""]",False,,,ORD-4410,2026-09-19T23:12:57Z
ses-20261008-4895,guest-0068,False,KIOSK,65081,"[""all"", ""tea"", ""coffee""]",False,,,ORD-4411,2026-09-19T16:58:18Z
ses-20261008-4896,guest-0064,False,KIOSK,54729,"[""all"", ""tea"", ""decaf""]",False,,,ORD-4412,2026-10-06T21:29:38Z
ses-20261008-4897,guest-0100,False,KIOSK,92620,"[""all"", ""decaf"", ""ade"", ""tea""]",True,OPTION_MODAL,PRICE_HIGH,,2026-10-09T04:08:58Z
ses-20261008-4898,usr-0033,True,KIOSK,53611,"[""all"", ""smoothie"", ""coffee""]",False,,,ORD-4413,2026-10-05T20:27:27Z
ses-20261008-4899,usr-0311,True,KIOSK,53905,"[""all"", ""decaf""]",False,,,ORD-4414,2026-09-29T20:29:20Z
ses-20261008-4900,guest-0059,False,KIOSK,51582,"[""all"", ""coffee"", ""decaf"", ""tea""]",False,,,ORD-4415,2026-09-24T17:23:52Z
ses-20261008-4901,usr-0336,True,KIOSK,72507,"[""all"", ""ade"", ""tea"", ""coffee""]",False,,,ORD-4416,2026-10-08T21:48:54Z
ses-20261008-4902,usr-0357,True,KIOSK,29958,"[""all"", ""ade"", ""smoothie""]",False,,,ORD-4417,2026-09-22T20:35:46Z
ses-20261008-4903,usr-0056,True,KIOSK,101177,"[""all"", ""coffee"", ""ade""]",True,PAY_POPUP,PRICE_HIGH,,2026-09-25T21:41:38Z
ses-20261008-4904,guest-0169,False,KIOSK,66976,"[""all"", ""decaf"", ""tea""]",False,,,ORD-4418,2026-10-05T02:56:17Z
ses-20261008-4905,usr-0152,True,KIOSK,35168,"[""all"", ""tea"", ""ade""]",False,,,ORD-4419,2026-09-17T00:50:00Z
ses-20261008-4906,guest-0133,False,KIOSK,51306,"[""all"", ""decaf""]",False,,,ORD-4420,2026-09-19T21:09:18Z
ses-20261008-4907,guest-0161,False,KIOSK,71381,"[""all"", ""tea""]",False,,,ORD-4421,2026-10-03T23:20:12Z
ses-20261008-4908,guest-0068,False,KIOSK,65640,"[""all"", ""decaf"", ""ade"", ""tea""]",False,,,ORD-4422,2026-10-04T03:07:45Z
ses-20261008-4909,guest-0161,False,KIOSK,76337,"[""all"", ""smoothie""]",False,,,ORD-4423,2026-09-19T00:24:56Z
ses-20261008-4910,guest-0004,False,KIOSK,68835,"[""all"", ""smoothie""]",False,,,ORD-4424,2026-09-17T17:45:47Z
ses-20261008-4911,guest-0178,False,KIOSK,80824,"[""all"", ""tea""]",False,,,ORD-4425,2026-09-29T00:08:56Z
ses-20261008-4912,guest-0185,False,KIOSK,73648,"[""all"", ""tea""]",True,OPTION_MODAL,WAIT_TIME_LONG,,2026-10-02T21:09:18Z
ses-20261008-4913,usr-0270,True,KIOSK,87019,"[""all"", ""coffee""]",True,PAY_POPUP,PRICE_HIGH,,2026-09-30T01:27:32Z
ses-20261008-4914,usr-0098,True,KIOSK,55297,"[""all"", ""decaf"", ""tea""]",False,,,ORD-4426,2026-09-20T20:55:07Z
ses-20261008-4915,usr-0384,True,KIOSK,59510,"[""all"", ""smoothie"", ""decaf""]",False,,,ORD-4427,2026-10-04T21:14:10Z
ses-20261008-4916,guest-0039,False,KIOSK,52209,"[""all"", ""decaf"", ""tea"", ""ade""]",False,,,ORD-4428,2026-10-02T17:32:26Z
ses-20261008-4917,usr-0091,True,KIOSK,43896,"[""all"", ""coffee"", ""smoothie""]",False,,,ORD-4429,2026-09-22T20:41:47Z
ses-20261008-4918,guest-0146,False,KIOSK,68437,"[""all"", ""coffee"", ""decaf""]",False,,,ORD-4430,2026-09-23T16:44:55Z
ses-20261008-4919,guest-0010,False,KIOSK,58560,"[""all"", ""tea""]",False,,,ORD-4431,2026-09-26T21:49:00Z
ses-20261008-4920,guest-0005,False,KIOSK,72561,"[""all"", ""smoothie"", ""ade"", ""tea""]",True,CART_SHEET,PRICE_HIGH,,2026-09-24T20:53:23Z
ses-20261008-4921,guest-0131,False,KIOSK,62330,"[""all"", ""smoothie""]",False,,,ORD-4432,2026-09-22T17:33:59Z
ses-20261008-4922,usr-0156,True,KIOSK,24843,"[""all"", ""tea""]",False,,,ORD-4433,2026-10-09T04:37:07Z
ses-20261008-4923,guest-0032,False,KIOSK,46340,"[""all"", ""decaf"", ""tea""]",False,,,ORD-4434,2026-09-17T02:26:59Z
ses-20261008-4924,usr-0332,True,KIOSK,24768,"[""all"", ""coffee""]",False,,,ORD-4435,2026-09-16T20:31:26Z
ses-20261008-4925,usr-0396,True,KIOSK,20847,"[""all"", ""ade"", ""smoothie"", ""decaf""]",False,,,ORD-4436,2026-10-05T20:03:25Z
ses-20261008-4926,usr-0151,True,KIOSK,28028,"[""all"", ""smoothie""]",False,,,ORD-4437,2026-10-02T04:20:05Z
ses-20261008-4927,usr-0391,True,KIOSK,16733,"[""all"", ""coffee"", ""ade"", ""decaf""]",False,,,ORD-4438,2026-09-18T20:41:16Z
ses-20261008-4928,guest-0060,False,KIOSK,38870,"[""all"", ""ade""]",False,,,ORD-4439,2026-09-30T22:58:58Z
ses-20261008-4929,usr-0127,True,KIOSK,95157,"[""all"", ""ade"", ""decaf"", ""tea""]",False,,,ORD-4440,2026-10-07T17:12:43Z
ses-20261008-4930,usr-0033,True,KIOSK,59482,"[""all"", ""coffee""]",False,,,ORD-4441,2026-10-07T21:46:11Z
ses-20261008-4931,usr-0206,True,KIOSK,82721,"[""all"", ""decaf""]",False,,,ORD-4442,2026-09-26T16:02:58Z
ses-20261008-4932,guest-0093,False,KIOSK,74428,"[""all"", ""decaf"", ""ade""]",False,,,ORD-4443,2026-10-02T22:15:26Z
ses-20261008-4933,guest-0120,False,KIOSK,61001,"[""all"", ""smoothie"", ""ade""]",False,,,ORD-4444,2026-09-21T17:28:26Z
ses-20261008-4934,guest-0172,False,KIOSK,40160,"[""all"", ""smoothie""]",False,,,ORD-4445,2026-09-17T16:48:32Z
ses-20261008-4935,usr-0103,True,KIOSK,52484,"[""all"", ""decaf""]",False,,,ORD-4446,2026-10-05T16:13:48Z
ses-20261008-4936,guest-0166,False,KIOSK,52375,"[""all"", ""decaf""]",False,,,ORD-4447,2026-09-20T04:30:27Z
ses-20261008-4937,usr-0112,True,KIOSK,58145,"[""all"", ""coffee"", ""ade""]",False,,,ORD-4448,2026-09-22T21:30:11Z
ses-20261008-4938,guest-0037,False,KIOSK,65749,"[""all"", ""ade""]",False,,,ORD-4449,2026-10-05T21:00:02Z
ses-20261008-4939,guest-0038,False,KIOSK,80780,"[""all"", ""ade"", ""coffee"", ""tea"", ""smoothie""]",False,,,ORD-4450,2026-09-28T16:27:16Z
ses-20261008-4940,usr-0006,True,KIOSK,54195,"[""all"", ""decaf"", ""smoothie"", ""coffee"", ""ade""]",False,,,ORD-4451,2026-10-06T20:04:06Z
ses-20261008-4941,usr-0155,True,KIOSK,34085,"[""all"", ""coffee""]",False,,,ORD-4452,2026-10-02T03:06:12Z
ses-20261008-4942,usr-0191,True,KIOSK,49670,"[""all"", ""smoothie"", ""ade""]",False,,,ORD-4453,2026-09-30T21:00:56Z
ses-20261008-4943,guest-0065,False,KIOSK,68389,"[""all"", ""ade"", ""decaf"", ""tea""]",False,,,ORD-4454,2026-09-18T23:42:11Z
ses-20261008-4944,guest-0025,False,KIOSK,97490,"[""all"", ""decaf"", ""ade"", ""smoothie"", ""tea""]",True,CART_SHEET,PRICE_HIGH,,2026-09-24T21:04:00Z
ses-20261008-4945,usr-0153,True,KIOSK,65050,"[""all"", ""decaf"", ""smoothie"", ""coffee""]",False,,,ORD-4455,2026-09-27T16:43:25Z
ses-20261008-4946,usr-0391,True,KIOSK,85845,"[""all"", ""decaf"", ""smoothie"", ""ade""]",False,,,ORD-4456,2026-09-28T20:02:22Z
ses-20261008-4947,guest-0124,False,KIOSK,44820,"[""all"", ""smoothie"", ""tea"", ""coffee""]",False,,,ORD-4457,2026-09-24T16:32:58Z
ses-20261008-4948,usr-0181,True,KIOSK,25617,"[""all"", ""tea"", ""smoothie"", ""coffee""]",False,,,ORD-4458,2026-10-05T20:04:02Z
ses-20261008-4949,usr-0087,True,KIOSK,101018,"[""all"", ""smoothie"", ""tea""]",True,CART_SHEET,PRICE_HIGH,,2026-10-06T20:09:52Z
ses-20261008-4950,guest-0156,False,KIOSK,93163,"[""all"", ""coffee""]",True,OPTION_MODAL,PRICE_HIGH,,2026-09-26T16:03:40Z
ses-20261008-4951,guest-0052,False,KIOSK,56695,"[""all"", ""coffee"", ""tea""]",False,,,ORD-4459,2026-10-01T20:29:36Z
ses-20261008-4952,usr-0327,True,KIOSK,59088,"[""all"", ""coffee"", ""smoothie"", ""tea""]",False,,,ORD-4460,2026-09-21T20:50:42Z
ses-20261008-4953,guest-0025,False,KIOSK,47163,"[""all"", ""ade""]",False,,,ORD-4461,2026-09-21T21:19:01Z
ses-20261008-4954,guest-0022,False,KIOSK,71701,"[""all"", ""decaf""]",True,PAY_POPUP,TIMEOUT_60S,,2026-09-30T03:06:35Z
ses-20261008-4955,guest-0169,False,KIOSK,94091,"[""all"", ""smoothie""]",True,CART_SHEET,PRICE_HIGH,,2026-09-28T22:03:16Z
ses-20261008-4956,usr-0339,True,KIOSK,34542,"[""all"", ""smoothie""]",False,,,ORD-4462,2026-09-18T01:48:04Z
ses-20261008-4957,guest-0132,False,KIOSK,60167,"[""all"", ""ade"", ""coffee"", ""decaf""]",False,,,ORD-4463,2026-10-03T21:32:40Z
ses-20261008-4958,guest-0164,False,KIOSK,96746,"[""all"", ""coffee""]",True,PAY_POPUP,TIMEOUT_60S,,2026-10-08T17:44:45Z
ses-20261008-4959,guest-0063,False,KIOSK,64143,"[""all"", ""coffee"", ""ade""]",False,,,ORD-4464,2026-09-28T02:03:23Z
ses-20261008-4960,guest-0055,False,KIOSK,39768,"[""all"", ""decaf"", ""ade""]",False,,,ORD-4465,2026-10-04T22:51:07Z
ses-20261008-4961,guest-0176,False,KIOSK,63265,"[""all"", ""coffee"", ""decaf""]",False,,,ORD-4466,2026-09-20T16:20:18Z
ses-20261008-4962,guest-0118,False,KIOSK,74664,"[""all"", ""ade"", ""smoothie"", ""coffee""]",False,,,ORD-4467,2026-09-28T21:28:05Z
ses-20261008-4963,guest-0187,False,KIOSK,42905,"[""all"", ""smoothie""]",True,OPTION_MODAL,WAIT_TIME_LONG,,2026-09-25T17:30:57Z
ses-20261008-4964,guest-0053,False,KIOSK,44058,"[""all"", ""smoothie""]",False,,,ORD-4468,2026-10-08T16:36:55Z
ses-20261008-4965,guest-0029,False,KIOSK,77455,"[""all"", ""smoothie"", ""tea""]",False,,,ORD-4469,2026-09-24T20:35:38Z
ses-20261008-4966,guest-0115,False,KIOSK,82711,"[""all"", ""smoothie""]",False,,,ORD-4470,2026-09-19T03:05:09Z
ses-20261008-4967,guest-0087,False,KIOSK,63446,"[""all"", ""tea"", ""decaf""]",False,,,ORD-4471,2026-09-16T17:03:21Z
ses-20261008-4968,guest-0030,False,KIOSK,82040,"[""all"", ""tea""]",False,,,ORD-4472,2026-10-06T04:48:32Z
ses-20261008-4969,usr-0228,True,KIOSK,68118,"[""all"", ""coffee""]",True,PAY_POPUP,PRICE_HIGH,,2026-09-29T16:55:15Z
ses-20261008-4970,guest-0092,False,KIOSK,89314,"[""all"", ""decaf"", ""tea""]",True,CART_SHEET,TIMEOUT_60S,,2026-09-26T17:12:11Z
ses-20261008-4971,guest-0184,False,KIOSK,62818,"[""all"", ""ade""]",False,,,ORD-4473,2026-10-08T21:32:20Z
ses-20261008-4972,guest-0131,False,KIOSK,94748,"[""all"", ""decaf""]",True,CART_SHEET,WAIT_TIME_LONG,,2026-09-28T17:36:16Z
ses-20261008-4973,guest-0020,False,KIOSK,60203,"[""all"", ""tea""]",False,,,ORD-4474,2026-09-24T16:34:59Z
ses-20261008-4974,guest-0154,False,KIOSK,51291,"[""all"", ""coffee"", ""decaf""]",True,CART_SHEET,PRICE_HIGH,,2026-10-08T17:30:54Z
ses-20261008-4975,guest-0183,False,KIOSK,57250,"[""all"", ""smoothie""]",False,,,ORD-4475,2026-10-08T17:51:01Z
ses-20261008-4976,guest-0144,False,KIOSK,89026,"[""all"", ""decaf"", ""coffee"", ""tea""]",False,,,ORD-4476,2026-09-15T23:02:59Z
ses-20261008-4977,guest-0171,False,KIOSK,48090,"[""all"", ""tea""]",False,,,ORD-4477,2026-10-04T20:44:22Z
ses-20261008-4978,guest-0035,False,KIOSK,68422,"[""all"", ""ade""]",False,,,ORD-4478,2026-10-06T03:40:28Z
ses-20261008-4979,usr-0386,True,KIOSK,24544,"[""all"", ""coffee""]",False,,,ORD-4479,2026-10-04T20:21:14Z
ses-20261008-4980,usr-0029,True,KIOSK,75601,"[""all"", ""ade"", ""coffee"", ""decaf"", ""smoothie""]",False,,,ORD-4480,2026-09-16T23:15:07Z
ses-20261008-4981,usr-0187,True,KIOSK,69647,"[""all"", ""decaf"", ""tea""]",False,,,ORD-4481,2026-10-06T16:45:06Z
ses-20261008-4982,guest-0015,False,KIOSK,79851,"[""all"", ""smoothie"", ""decaf""]",False,,,ORD-4482,2026-09-15T16:51:22Z
ses-20261008-4983,guest-0073,False,KIOSK,61984,"[""all"", ""coffee""]",False,,,ORD-4483,2026-09-24T16:52:40Z
ses-20261008-4984,guest-0089,False,KIOSK,58961,"[""all"", ""tea"", ""ade"", ""smoothie""]",False,,,ORD-4484,2026-09-21T21:49:44Z
ses-20261008-4985,guest-0199,False,KIOSK,58167,"[""all"", ""smoothie""]",False,,,ORD-4485,2026-09-23T03:10:48Z
ses-20261008-4986,guest-0002,False,KIOSK,78896,"[""all"", ""coffee"", ""ade""]",False,,,ORD-4486,2026-09-18T17:18:52Z
ses-20261008-4987,guest-0068,False,KIOSK,60515,"[""all"", ""coffee""]",False,,,ORD-4487,2026-09-27T22:31:54Z
ses-20261008-4988,guest-0186,False,KIOSK,65517,"[""all"", ""ade"", ""coffee"", ""tea""]",False,,,ORD-4488,2026-09-27T20:44:06Z
ses-20261008-4989,guest-0186,False,KIOSK,69286,"[""all"", ""decaf""]",False,,,ORD-4489,2026-10-07T16:33:53Z
ses-20261008-4990,guest-0106,False,KIOSK,92210,"[""all"", ""tea""]",False,,,ORD-4490,2026-09-25T16:15:09Z
ses-20261008-4991,guest-0200,False,KIOSK,62841,"[""all"", ""coffee""]",False,,,ORD-4491,2026-09-21T00:55:34Z
ses-20261008-4992,usr-0362,True,KIOSK,42465,"[""all"", ""smoothie"", ""coffee"", ""decaf""]",False,,,ORD-4492,2026-09-21T16:46:03Z
ses-20261008-4993,guest-0030,False,KIOSK,72320,"[""all"", ""decaf"", ""tea""]",False,,,ORD-4493,2026-09-26T21:46:04Z
ses-20261008-4994,guest-0070,False,KIOSK,67431,"[""all"", ""smoothie"", ""coffee"", ""ade""]",False,,,ORD-4494,2026-09-19T01:34:14Z
ses-20261008-4995,usr-0206,True,KIOSK,62577,"[""all"", ""decaf"", ""smoothie""]",False,,,ORD-4495,2026-10-01T17:57:03Z
ses-20261008-4996,guest-0176,False,KIOSK,58533,"[""all"", ""decaf"", ""tea""]",False,,,ORD-4496,2026-09-27T21:24:00Z
ses-20261008-4997,guest-0072,False,KIOSK,52362,"[""all"", ""tea"", ""smoothie""]",False,,,ORD-4497,2026-10-02T16:14:54Z
ses-20261008-4998,guest-0047,False,KIOSK,49698,"[""all"", ""coffee""]",False,,,ORD-4498,2026-10-01T00:52:54Z
ses-20261008-4999,guest-0018,False,KIOSK,67057,"[""all"", ""ade""]",False,,,ORD-4499,2026-10-04T21:01:25Z
ses-20261008-5000,guest-0103,False,KIOSK,58549,"[""all"", ""decaf""]",False,,,ORD-4500,2026-09-17T23:11:02Z
